"task_id","simulation_seed","observed_data_md5","comparison","model_a","model_b","RMSE_model_a","RMSE_model_b","paired_RMSE_difference_model_a_minus_model_b","winner_lower_RMSE"
1,1001,"64a1b5c02bdecc100b37ee56029391d3","Gamma-noise vs Constant-B","gamma_noise","constant_B",0.446445438892575,1.44663588250017,-1.0001904436076,"gamma_noise"
2,1002,"e4e6b4250fb680a6bc44a4c1f239d72e","Gamma-noise vs Constant-B","gamma_noise","constant_B",0.503711290962591,1.8714848598509,-1.36777356888831,"gamma_noise"
3,1003,"18b73531d17fff4bf85fd3b8b65c91d6","Gamma-noise vs Constant-B","gamma_noise","constant_B",0.796203869618493,1.00054246157676,-0.20433859195827,"gamma_noise"
4,1004,"bf8dcbec52b9c4d08f0b3a8b4e1b1840","Gamma-noise vs Constant-B","gamma_noise","constant_B",0.496072501493128,1.21644870049489,-0.720376199001766,"gamma_noise"
5,1005,"cb7e05dbf4c135d548daa37faf8888a1","Gamma-noise vs Constant-B","gamma_noise","constant_B",0.514551022497726,1.18622530571679,-0.671674283219059,"gamma_noise"
6,1006,"83a6fae95545d773b4ac09416fd8a73d","Gamma-noise vs Constant-B","gamma_noise","constant_B",0.519767496432994,1.02465732379707,-0.504889827364071,"gamma_noise"
7,1007,"c23f10d0daa427c993e4ece1079ed751","Gamma-noise vs Constant-B","gamma_noise","constant_B",0.559375472434996,1.84890806293803,-1.28953259050304,"gamma_noise"
8,1008,"a0af209d0cf0d730b8b3834e0360ae95","Gamma-noise vs Constant-B","gamma_noise","constant_B",0.461882583732733,1.26186349082284,-0.79998090709011,"gamma_noise"
9,1009,"51101219b554b4802624e043f09d6160","Gamma-noise vs Constant-B","gamma_noise","constant_B",0.445147297377621,1.33011093243872,-0.884963635061098,"gamma_noise"
10,1010,"3658851b68a2ae24c2e8e9838200e49c","Gamma-noise vs Constant-B","gamma_noise","constant_B",0.572252608916469,1.00845368942211,-0.436201080505641,"gamma_noise"
11,1011,"b0091463d341b4712ff6e9dd82a58abf","Gamma-noise vs Constant-B","gamma_noise","constant_B",0.531107682729061,1.34625520149765,-0.815147518768589,"gamma_noise"
12,1012,"05f564b562cd69afde749fbba393d734","Gamma-noise vs Constant-B","gamma_noise","constant_B",0.713599287832235,1.09673809336012,-0.383138805527883,"gamma_noise"
13,1013,"628dd9f33d5358ee7d358fcbbb9e1ec7","Gamma-noise vs Constant-B","gamma_noise","constant_B",0.559603876465535,1.50278340614611,-0.943179529680579,"gamma_noise"
14,1014,"3ee86b29e7e61ffc7287cc8f5b47aeca","Gamma-noise vs Constant-B","gamma_noise","constant_B",0.512179323067783,1.16336037754455,-0.651181054476769,"gamma_noise"
15,1015,"ae056eafb87645cec401ccb46346269b","Gamma-noise vs Constant-B","gamma_noise","constant_B",0.450145708580383,1.30024871152755,-0.850103002947166,"gamma_noise"
16,1016,"a714e996eac59ec21285ac81b9fb5223","Gamma-noise vs Constant-B","gamma_noise","constant_B",0.467000738955445,1.13550376711321,-0.668503028157761,"gamma_noise"
17,1017,"c1dff99001cdd2a71a8c5de229779c6a","Gamma-noise vs Constant-B","gamma_noise","constant_B",0.575456359184263,1.01121207652065,-0.435755717336388,"gamma_noise"
18,1018,"b6d242ccc65d51d758e56f6a2b2246d6","Gamma-noise vs Constant-B","gamma_noise","constant_B",0.508591214698462,1.01709267427864,-0.508501459580178,"gamma_noise"
19,1019,"13d489a8a65aa7a169791da7e2e871a6","Gamma-noise vs Constant-B","gamma_noise","constant_B",0.578880075330336,1.41476238425398,-0.83588230892364,"gamma_noise"
20,1020,"714f6bb12c5d63009433470452ca002b","Gamma-noise vs Constant-B","gamma_noise","constant_B",0.438362316242723,1.13612415020267,-0.697761833959945,"gamma_noise"
21,1021,"c46a7b2a22c4a8bed8a3c2537dbc0243","Gamma-noise vs Constant-B","gamma_noise","constant_B",0.450169216292898,1.11940519892303,-0.669235982630134,"gamma_noise"
22,1022,"37fb1b826b530c406841fb3dc0dd2a19","Gamma-noise vs Constant-B","gamma_noise","constant_B",0.345185481779092,1.18888394348726,-0.843698461708172,"gamma_noise"
23,1023,"5391b651cef3ef3752fc04bfb4f6d8ab","Gamma-noise vs Constant-B","gamma_noise","constant_B",0.526512309443645,1.30684440381256,-0.780332094368913,"gamma_noise"
24,1024,"f17101a77a91a5858651ca092461a15e","Gamma-noise vs Constant-B","gamma_noise","constant_B",0.400173492260042,1.06234451497505,-0.662171022715011,"gamma_noise"
25,1025,"5bffd9597ff51651a7b3c018b0060e43","Gamma-noise vs Constant-B","gamma_noise","constant_B",0.472594656520946,1.18177671701797,-0.709182060497026,"gamma_noise"
26,1026,"7d638818fac5c183766d7bd337251990","Gamma-noise vs Constant-B","gamma_noise","constant_B",0.368116812292973,1.24821515219457,-0.880098339901595,"gamma_noise"
27,1027,"febf6d542123ef85142ab3d7c88fd4f9","Gamma-noise vs Constant-B","gamma_noise","constant_B",0.372908239264794,1.10921632811168,-0.736308088846885,"gamma_noise"
28,1028,"fa30cb31cb12a8463966a31a9ac1f66d","Gamma-noise vs Constant-B","gamma_noise","constant_B",0.542247112266858,1.34007111537273,-0.797824003105874,"gamma_noise"
29,1029,"f88e4728f80479179227d46e3ae73be8","Gamma-noise vs Constant-B","gamma_noise","constant_B",0.689606278498476,1.02382576856791,-0.334219490069431,"gamma_noise"
30,1030,"6d8fcd9da06daac4afecfcdf2af73043","Gamma-noise vs Constant-B","gamma_noise","constant_B",0.548576377123615,1.18077773953952,-0.632201362415904,"gamma_noise"
31,1031,"1f4f623a1599fc68865ccca5c8e38092","Gamma-noise vs Constant-B","gamma_noise","constant_B",0.92799231537013,1.10842353260886,-0.180431217238729,"gamma_noise"
32,1032,"8b18f38744449f8e8c5016a5c62a9db0","Gamma-noise vs Constant-B","gamma_noise","constant_B",0.456239997921697,1.21803964835606,-0.761799650434366,"gamma_noise"
33,1033,"1c656b251cec47b7f90e7590d6f84c85","Gamma-noise vs Constant-B","gamma_noise","constant_B",0.532609763804385,1.46382583081183,-0.931216067007447,"gamma_noise"
34,1034,"6295649cce30d443915163e1f486574c","Gamma-noise vs Constant-B","gamma_noise","constant_B",0.337594347546079,1.313190239897,-0.975595892350917,"gamma_noise"
35,1035,"05c8b3ee0cc2e85807ddffab0af38be8","Gamma-noise vs Constant-B","gamma_noise","constant_B",0.530794423084917,1.08306929479462,-0.552274871709701,"gamma_noise"
36,1036,"12e163742e3ae8e7eef3194a703ebcdb","Gamma-noise vs Constant-B","gamma_noise","constant_B",0.457534498414689,1.02020003522982,-0.562665536815128,"gamma_noise"
37,1037,"129fa3be8b0ee7a384bf1d0e5525258e","Gamma-noise vs Constant-B","gamma_noise","constant_B",0.77198847617052,1.10957221336624,-0.33758373719572,"gamma_noise"
38,1038,"2cb84ae4bd553be0419d1e71639da95a","Gamma-noise vs Constant-B","gamma_noise","constant_B",0.773180864393045,1.00643440106522,-0.233253536672174,"gamma_noise"
39,1039,"42f80019227937c2a1292d80471ad885","Gamma-noise vs Constant-B","gamma_noise","constant_B",0.507935276561891,1.13862039526936,-0.630685118707472,"gamma_noise"
40,1040,"ab1d08dee64fd498a66e009327aa8634","Gamma-noise vs Constant-B","gamma_noise","constant_B",0.380295892849335,1.11318778541868,-0.732891892569345,"gamma_noise"
41,1041,"287dedf1d0604d7339bf2699355ae974","Gamma-noise vs Constant-B","gamma_noise","constant_B",0.726276925450352,1.05264125919009,-0.326364333739743,"gamma_noise"
42,1042,"a0f4bf165f246f2d852e7cb15677c6d0","Gamma-noise vs Constant-B","gamma_noise","constant_B",0.510653016716722,1.1014034249256,-0.590750408208882,"gamma_noise"
43,1043,"98bd9bf2f837f4d00af88dbb60b77b5c","Gamma-noise vs Constant-B","gamma_noise","constant_B",0.518002605843501,1.11253982682779,-0.594537220984291,"gamma_noise"
44,1044,"7fc16f6007b4caa0fad7b388de798f61","Gamma-noise vs Constant-B","gamma_noise","constant_B",0.392295354996593,1.17526931057806,-0.782973955581466,"gamma_noise"
45,1045,"ea38700766ed00739f841a67050a1f0f","Gamma-noise vs Constant-B","gamma_noise","constant_B",0.450760214299376,1.09973089460344,-0.64897068030406,"gamma_noise"
46,1046,"9df354b439dcb34c0723dc7a22427817","Gamma-noise vs Constant-B","gamma_noise","constant_B",0.535747139219747,1.80297282811176,-1.26722568889201,"gamma_noise"
47,1047,"a27592b2dc2d1f22ae7b3b7d52d6c6e8","Gamma-noise vs Constant-B","gamma_noise","constant_B",0.459466055825722,1.59568009164795,-1.13621403582223,"gamma_noise"
48,1048,"e149dfe63fefba3d9450d8ebe55e2be8","Gamma-noise vs Constant-B","gamma_noise","constant_B",0.396536693273822,1.1364978290429,-0.739961135769082,"gamma_noise"
49,1049,"c24fd9ec2467b6f39b42b31426dcbff7","Gamma-noise vs Constant-B","gamma_noise","constant_B",0.61935917386779,1.03087694668075,-0.411517772812963,"gamma_noise"
50,1050,"7dc1a3b5ba09f2ddcb65bf5b7422a9ed","Gamma-noise vs Constant-B","gamma_noise","constant_B",0.551514077232048,1.29362659434455,-0.742112517112506,"gamma_noise"
51,1051,"900920f25b406cb0530e847b193e6c9b","Gamma-noise vs Constant-B","gamma_noise","constant_B",0.408447571620159,1.12732393581744,-0.71887636419728,"gamma_noise"
52,1052,"94c869cc26cd44cd9de1033132a41b1b","Gamma-noise vs Constant-B","gamma_noise","constant_B",0.668504255737662,1.43800324911993,-0.76949899338227,"gamma_noise"
53,1053,"21c503be1bfd17d135902892b999365f","Gamma-noise vs Constant-B","gamma_noise","constant_B",0.549722086181775,1.02983494024522,-0.480112854063444,"gamma_noise"
54,1054,"bb6ab35a8708f3f23940941298b79dbc","Gamma-noise vs Constant-B","gamma_noise","constant_B",0.505762481352082,1.15871400329234,-0.652951521940257,"gamma_noise"
55,1055,"7481513b9e19d7a30b033ad1490d6f16","Gamma-noise vs Constant-B","gamma_noise","constant_B",0.574529486798016,1.00735791445927,-0.432828427661255,"gamma_noise"
56,1056,"08c1962e5f9bd4d5168d1afa7314d508","Gamma-noise vs Constant-B","gamma_noise","constant_B",0.432124146620329,1.27364987175065,-0.841525725130317,"gamma_noise"
57,1057,"0fa2ff4b3c51077ca4a85e846724b31e","Gamma-noise vs Constant-B","gamma_noise","constant_B",0.739361100138308,1.00788484649047,-0.268523746352157,"gamma_noise"
58,1058,"fb197f5caf6d73b93cf36910dcf5bd62","Gamma-noise vs Constant-B","gamma_noise","constant_B",0.640920982486359,1.07446822948703,-0.433547247000668,"gamma_noise"
59,1059,"85c4aca3511ef3a6574f147464f1b8a6","Gamma-noise vs Constant-B","gamma_noise","constant_B",0.442633356339491,1.04106113097789,-0.598427774638402,"gamma_noise"
60,1060,"0f9b10d21fc1c74a53d447b4ab6c4a76","Gamma-noise vs Constant-B","gamma_noise","constant_B",0.489931522695275,1.16195693194183,-0.672025409246556,"gamma_noise"
61,1061,"ef64f00e9a05074fb3305ee8fb186803","Gamma-noise vs Constant-B","gamma_noise","constant_B",0.4536693173471,1.16220751663828,-0.708538199291182,"gamma_noise"
62,1062,"a04acf843bb2ea72629f7c891c0bc0d1","Gamma-noise vs Constant-B","gamma_noise","constant_B",0.464524088546385,1.11839429252182,-0.653870203975439,"gamma_noise"
63,1063,"0b8692e4c4282eea08c84c3a7521bdca","Gamma-noise vs Constant-B","gamma_noise","constant_B",0.351543249970901,1.18594856999572,-0.834405320024824,"gamma_noise"
64,1064,"65224e6e0078d6ba21ee5d2bd4a6c743","Gamma-noise vs Constant-B","gamma_noise","constant_B",0.456589586717898,1.0256146501396,-0.569025063421699,"gamma_noise"
65,1065,"d23c93587fac0bd4c1fffe812bf746e2","Gamma-noise vs Constant-B","gamma_noise","constant_B",0.412647553143853,1.25316962340319,-0.840522070259336,"gamma_noise"
66,1066,"b503c7aa16489912e1de4bcf79bdc277","Gamma-noise vs Constant-B","gamma_noise","constant_B",0.465511144792515,1.27657667702306,-0.811065532230549,"gamma_noise"
67,1067,"a64edf122ea9288d9cc5843d572b4219","Gamma-noise vs Constant-B","gamma_noise","constant_B",0.410016583928588,1.53657717304098,-1.12656058911239,"gamma_noise"
68,1068,"e2dc17973047d198b1f70625999d7313","Gamma-noise vs Constant-B","gamma_noise","constant_B",0.4877177363771,1.2788335945489,-0.791115858171802,"gamma_noise"
69,1069,"8e4ff1513256eaffe3731b1dbc82ec29","Gamma-noise vs Constant-B","gamma_noise","constant_B",0.927286532968628,1.11446334224593,-0.187176809277303,"gamma_noise"
70,1070,"3f39c2020f727aeaa01ef9ba099939bb","Gamma-noise vs Constant-B","gamma_noise","constant_B",0.454288168943962,1.02638688531463,-0.572098716370669,"gamma_noise"
71,1071,"f8a2941f2630be877dd64b0b25a3e9dd","Gamma-noise vs Constant-B","gamma_noise","constant_B",0.392665645302321,1.28634377282287,-0.893678127520546,"gamma_noise"
72,1072,"4ef60d1f950055935545ba4d8849c6a4","Gamma-noise vs Constant-B","gamma_noise","constant_B",0.446868236033895,1.30218611263611,-0.855317876602213,"gamma_noise"
73,1073,"23ed6d0e534e19ffc952e0a9519e96fd","Gamma-noise vs Constant-B","gamma_noise","constant_B",0.363548263454072,1.18343310360669,-0.81988484015262,"gamma_noise"
74,1074,"44fe946085f2400c80cee533d6231e9a","Gamma-noise vs Constant-B","gamma_noise","constant_B",0.461164759035353,1.05590744044139,-0.594742681406041,"gamma_noise"
75,1075,"0d820f5ccbfe13549eea216ee2513074","Gamma-noise vs Constant-B","gamma_noise","constant_B",0.524447811116842,1.06063356301077,-0.536185751893923,"gamma_noise"
76,1076,"91d5e8bc67046e3d44e7a47924bb3404","Gamma-noise vs Constant-B","gamma_noise","constant_B",0.499901478726225,1.23280563482062,-0.732904156094392,"gamma_noise"
77,1077,"4fe16663f3cfd5b374d35dd29d9cdca8","Gamma-noise vs Constant-B","gamma_noise","constant_B",0.352344929384121,1.13288662079671,-0.780541691412591,"gamma_noise"
78,1078,"83a908c8ed5455b6c9ef246884162afc","Gamma-noise vs Constant-B","gamma_noise","constant_B",0.606629590697523,1.0899052441511,-0.483275653453578,"gamma_noise"
79,1079,"022bd08caeebfca4473b74c3678f71c2","Gamma-noise vs Constant-B","gamma_noise","constant_B",0.456319497206897,1.06104514348817,-0.604725646281273,"gamma_noise"
80,1080,"0bfd2bd8ee2ddc3923c9cef719215e45","Gamma-noise vs Constant-B","gamma_noise","constant_B",0.479235053224172,1.26342968046886,-0.784194627244692,"gamma_noise"
81,1081,"b3ce4c9c57f114ee806b5ede899e654c","Gamma-noise vs Constant-B","gamma_noise","constant_B",0.482414496665058,1.41012649335463,-0.92771199668957,"gamma_noise"
82,1082,"345f145ce6e49d5527737547b7d7bcc9","Gamma-noise vs Constant-B","gamma_noise","constant_B",0.579491368390534,1.13314766746455,-0.553656299074013,"gamma_noise"
83,1083,"5cd6b677ff91eaefd7913f277989cb3a","Gamma-noise vs Constant-B","gamma_noise","constant_B",0.716591715072683,1.175747786822,-0.459156071749314,"gamma_noise"
84,1084,"ec4eb27a1b0dc4aef15289699a23db33","Gamma-noise vs Constant-B","gamma_noise","constant_B",0.551834702427251,1.0471953769707,-0.495360674543454,"gamma_noise"
85,1085,"f306053231f91c40dca3c621e8419b61","Gamma-noise vs Constant-B","gamma_noise","constant_B",0.367370209648651,1.10499944122401,-0.73762923157536,"gamma_noise"
86,1086,"e89799bf4fcfc5e7d882e1a15e433b0c","Gamma-noise vs Constant-B","gamma_noise","constant_B",0.770765383948146,1.00175638214422,-0.230990998196075,"gamma_noise"
87,1087,"83d5cd04167b4c25b941369e1cd89c12","Gamma-noise vs Constant-B","gamma_noise","constant_B",0.594870499575694,1.29506608280223,-0.700195583226533,"gamma_noise"
88,1088,"e68e6eddaef14b8f6833f1889cb09727","Gamma-noise vs Constant-B","gamma_noise","constant_B",0.373187175085197,1.216594701645,-0.843407526559806,"gamma_noise"
89,1089,"aa9cc98baf1a333684a7dcc3407aadc4","Gamma-noise vs Constant-B","gamma_noise","constant_B",0.452784527052673,1.10367079572796,-0.650886268675284,"gamma_noise"
90,1090,"3b62c1a3abbc8f8d77b3f0094d799c08","Gamma-noise vs Constant-B","gamma_noise","constant_B",0.520302200051217,1.55012094289538,-1.02981874284416,"gamma_noise"
91,1091,"ffb0df50d948dd9dad8db95b89578130","Gamma-noise vs Constant-B","gamma_noise","constant_B",0.377374560802797,1.14160139452595,-0.764226833723155,"gamma_noise"
92,1092,"42c5e41b64f024125d08f483c49d5109","Gamma-noise vs Constant-B","gamma_noise","constant_B",0.656231839721197,1.04171640675742,-0.38548456703622,"gamma_noise"
93,1093,"7866b869b011f99e5a6d626fd2b53319","Gamma-noise vs Constant-B","gamma_noise","constant_B",0.361744889546328,1.07520575670686,-0.71346086716053,"gamma_noise"
94,1094,"cb6e4431d9ef11ffbb0c3c60fc93a658","Gamma-noise vs Constant-B","gamma_noise","constant_B",0.62332769089781,1.24708512305265,-0.62375743215484,"gamma_noise"
95,1095,"e2c94ae6df04e9da8177ab346fbd245e","Gamma-noise vs Constant-B","gamma_noise","constant_B",0.363230204900703,1.1123816230707,-0.749151418169994,"gamma_noise"
96,1096,"dce19abeba3755021094f84a48b227a7","Gamma-noise vs Constant-B","gamma_noise","constant_B",0.488272452989507,1.21155071457323,-0.723278261583726,"gamma_noise"
97,1097,"5f10705eaab893b924c7745af7cbddc2","Gamma-noise vs Constant-B","gamma_noise","constant_B",0.508762756782977,1.29029286781049,-0.781530111027514,"gamma_noise"
98,1098,"a0c73b07405f66c422d099e5a3c08c54","Gamma-noise vs Constant-B","gamma_noise","constant_B",0.611449432938691,1.0347212139306,-0.42327178099191,"gamma_noise"
99,1099,"9d985583339f37fbacb7140d4222662d","Gamma-noise vs Constant-B","gamma_noise","constant_B",0.589273321331284,1.06378346144422,-0.474510140112937,"gamma_noise"
100,1100,"8ea86fffc296b32f99e63ed723d89d90","Gamma-noise vs Constant-B","gamma_noise","constant_B",0.721428048618179,1.67645188259687,-0.955023833978689,"gamma_noise"
101,1101,"51fea122ace66c28fcf6227076a2210d","Gamma-noise vs Constant-B","gamma_noise","constant_B",0.44806790166156,1.10319217053835,-0.655124268876788,"gamma_noise"
102,1102,"87466aaae46506b8e351c34782985403","Gamma-noise vs Constant-B","gamma_noise","constant_B",0.707161522682363,1.0033149634652,-0.296153440782836,"gamma_noise"
103,1103,"e898b26388bd31312b334e141687631d","Gamma-noise vs Constant-B","gamma_noise","constant_B",0.475285403500422,1.20100333162375,-0.725717928123325,"gamma_noise"
104,1104,"f7b481c3a4568173c9a99c1b4d8c5521","Gamma-noise vs Constant-B","gamma_noise","constant_B",0.488562845955778,1.10069335258912,-0.612130506633343,"gamma_noise"
105,1105,"fda815e14a2797f663c51a8c3fc66eeb","Gamma-noise vs Constant-B","gamma_noise","constant_B",0.644451429038588,1.41212375371605,-0.767672324677464,"gamma_noise"
106,1106,"2ace1767dd5349b12ef5f3a5bd831ab8","Gamma-noise vs Constant-B","gamma_noise","constant_B",0.627539110790274,1.48369505452048,-0.856155943730208,"gamma_noise"
107,1107,"d3c22607503e5f474a3f5ebe80ebdf3d","Gamma-noise vs Constant-B","gamma_noise","constant_B",0.430564759901849,1.34613543048145,-0.915570670579602,"gamma_noise"
108,1108,"68aa1cfbcec0e4ea336983e4d1e49773","Gamma-noise vs Constant-B","gamma_noise","constant_B",0.667969792435911,1.32424952568939,-0.656279733253483,"gamma_noise"
109,1109,"64378d1cf8147aa375c77012a1f6217d","Gamma-noise vs Constant-B","gamma_noise","constant_B",0.408324981668007,1.0777310873119,-0.669406105643892,"gamma_noise"
110,1110,"4c9bdb3191d72e532b9af0440b61821e","Gamma-noise vs Constant-B","gamma_noise","constant_B",0.625236848162405,1.86531516086282,-1.24007831270041,"gamma_noise"
111,1111,"90bc4d41e3adeb7ca6a265e34199593d","Gamma-noise vs Constant-B","gamma_noise","constant_B",0.619129624570802,1.22948950143562,-0.610359876864814,"gamma_noise"
112,1112,"2de6dbe92e20217bcb1faa713be3c7e9","Gamma-noise vs Constant-B","gamma_noise","constant_B",0.793606796821347,1.15408988663867,-0.360483089817326,"gamma_noise"
113,1113,"62d44f5b5cf3a1a10474477b2836ac7c","Gamma-noise vs Constant-B","gamma_noise","constant_B",0.381627388361575,1.16916185652208,-0.787534468160509,"gamma_noise"
114,1114,"e8aa5c36f38132f5ccc9683b131a520e","Gamma-noise vs Constant-B","gamma_noise","constant_B",0.396998386673689,1.10068483936387,-0.703686452690182,"gamma_noise"
115,1115,"527c2542099f691a2a03e60fc5521e3b","Gamma-noise vs Constant-B","gamma_noise","constant_B",0.502389396166007,1.15205808530376,-0.649668689137754,"gamma_noise"
116,1116,"493ff3d28fe2680d1b7fc1f343262be6","Gamma-noise vs Constant-B","gamma_noise","constant_B",0.607066767495006,1.31246800809851,-0.705401240603506,"gamma_noise"
117,1117,"64dffb15867fda5ef262e2caf0e46bbf","Gamma-noise vs Constant-B","gamma_noise","constant_B",0.559857915496754,1.07256540520348,-0.512707489706729,"gamma_noise"
118,1118,"4fe04592b1bd1b0073226474bda79a17","Gamma-noise vs Constant-B","gamma_noise","constant_B",0.428813916871066,1.20178200566805,-0.772968088796982,"gamma_noise"
119,1119,"53a63bcc974e882529742ef97a8b74d5","Gamma-noise vs Constant-B","gamma_noise","constant_B",0.417102151370769,1.14321106718324,-0.726108915812471,"gamma_noise"
120,1120,"4d64fbb86d0c71298cfafd74891b1601","Gamma-noise vs Constant-B","gamma_noise","constant_B",0.524834812524678,1.00838604438377,-0.483551231859093,"gamma_noise"
121,1121,"fc119966f9fa86c9beb582f612bc73ec","Gamma-noise vs Constant-B","gamma_noise","constant_B",0.45316369317678,1.17326160575934,-0.72009791258256,"gamma_noise"
122,1122,"2de2afe17b444c1be6ab135102d2e749","Gamma-noise vs Constant-B","gamma_noise","constant_B",0.448908150899269,1.10848058226536,-0.659572431366088,"gamma_noise"
123,1123,"8b49cbb9e926a62a502c208b4a74393a","Gamma-noise vs Constant-B","gamma_noise","constant_B",0.80563430593084,1.3222373506952,-0.516603044764361,"gamma_noise"
124,1124,"fee16d34d4badef781de40b823c932b3","Gamma-noise vs Constant-B","gamma_noise","constant_B",0.468727363038151,1.30890409559675,-0.840176732558596,"gamma_noise"
125,1125,"49b1406d1f09cf7ccfb97517eb1d686b","Gamma-noise vs Constant-B","gamma_noise","constant_B",0.710774754277251,1.73534185399189,-1.02456709971464,"gamma_noise"
126,1126,"89c12c0c7af03e2dcd492d20daed2fb8","Gamma-noise vs Constant-B","gamma_noise","constant_B",0.480633782315243,1.08329749053486,-0.602663708219617,"gamma_noise"
127,1127,"d6cf87e625366c1649bd82f3bda75a50","Gamma-noise vs Constant-B","gamma_noise","constant_B",0.607471941240681,1.02063939790524,-0.413167456664556,"gamma_noise"
128,1128,"e7c98f0c8ff03fc89b23b860ab6e055c","Gamma-noise vs Constant-B","gamma_noise","constant_B",0.621057234409449,1.00251499283979,-0.381457758430342,"gamma_noise"
129,1129,"89bab4fa545504e51f4b5b765fa2b9ae","Gamma-noise vs Constant-B","gamma_noise","constant_B",0.506017228040248,1.11121752995778,-0.605200301917528,"gamma_noise"
130,1130,"bf14545e60a11dc820244df794a9bbde","Gamma-noise vs Constant-B","gamma_noise","constant_B",0.84443495532812,1.00207320713906,-0.157638251810936,"gamma_noise"
131,1131,"f9b4bd3734443873f1d31c98484de516","Gamma-noise vs Constant-B","gamma_noise","constant_B",0.389199948909513,1.11192209820381,-0.722722149294298,"gamma_noise"
132,1132,"b571595faf7cf9bf9fb646335e089636","Gamma-noise vs Constant-B","gamma_noise","constant_B",0.94751767044351,1.00005786710652,-0.0525401966630116,"gamma_noise"
133,1133,"0a62c14ca9858effb08a88d2cabe1673","Gamma-noise vs Constant-B","gamma_noise","constant_B",0.637042042824948,1.2118471390691,-0.574805096244147,"gamma_noise"
134,1134,"6cdb8dae15bac319b768e307416ee6b2","Gamma-noise vs Constant-B","gamma_noise","constant_B",0.41697274310348,1.27351635298734,-0.856543609883865,"gamma_noise"
135,1135,"f5fbe5bac9e630e09a5f83fdcd75b932","Gamma-noise vs Constant-B","gamma_noise","constant_B",0.494938936367508,1.33820914624666,-0.843270209879148,"gamma_noise"
136,1136,"75dc159ba49385507004b04106ac29e8","Gamma-noise vs Constant-B","gamma_noise","constant_B",0.520666189411406,1.28379615504016,-0.763129965628751,"gamma_noise"
137,1137,"25af99e573ba8708856ba71f5d31801d","Gamma-noise vs Constant-B","gamma_noise","constant_B",0.444530956414592,1.12586582526643,-0.681334868851836,"gamma_noise"
138,1138,"24ce0d2a3efbc542f5ad5931cbdb79aa","Gamma-noise vs Constant-B","gamma_noise","constant_B",0.438028118589012,1.15016148748447,-0.712133368895459,"gamma_noise"
139,1139,"392c573a8d8baf810091dbff34258106","Gamma-noise vs Constant-B","gamma_noise","constant_B",0.347620620901397,1.34210545579285,-0.994484834891457,"gamma_noise"
140,1140,"9af7f4bb9f26f77c38c192936cf0be33","Gamma-noise vs Constant-B","gamma_noise","constant_B",0.323706456514965,1.0554383013389,-0.731731844823931,"gamma_noise"
141,1141,"bd55561900b24ec7c3c7ac64a514ac02","Gamma-noise vs Constant-B","gamma_noise","constant_B",0.546003602016252,1.37131627442552,-0.825312672409267,"gamma_noise"
142,1142,"d1a06c9101d2c0ee727ae600038327ba","Gamma-noise vs Constant-B","gamma_noise","constant_B",0.468803207062816,1.48974289991898,-1.02093969285616,"gamma_noise"
143,1143,"5e8bbd223a147392f54cce5f77c7b52e","Gamma-noise vs Constant-B","gamma_noise","constant_B",0.419707444607168,1.07497732735663,-0.655269882749464,"gamma_noise"
144,1144,"a7c2af9704a9238a0ba07d099939a75d","Gamma-noise vs Constant-B","gamma_noise","constant_B",0.468190607889059,1.01973957402922,-0.551548966140162,"gamma_noise"
145,1145,"2db60151e6a71b77be25757b07f7d413","Gamma-noise vs Constant-B","gamma_noise","constant_B",0.518343677365828,1.15254939852563,-0.634205721159797,"gamma_noise"
146,1146,"11b683568a8c7109187e0d518ad44753","Gamma-noise vs Constant-B","gamma_noise","constant_B",0.572859490709863,1.20254439858132,-0.629684907871461,"gamma_noise"
147,1147,"39e27a57bdf2c1c57e6c23b743348818","Gamma-noise vs Constant-B","gamma_noise","constant_B",0.407710988715582,1.12303738640522,-0.715326397689643,"gamma_noise"
148,1148,"08f76d2a0f0fd7c0c65c77a4e3db66f5","Gamma-noise vs Constant-B","gamma_noise","constant_B",0.628212145212537,1.23755394123042,-0.609341796017883,"gamma_noise"
149,1149,"73fb1389d38e28b1daab2d44d648d7dc","Gamma-noise vs Constant-B","gamma_noise","constant_B",0.731181820968916,1.00106391224294,-0.269882091274027,"gamma_noise"
150,1150,"4538cec1dfd416909e103d8882091c24","Gamma-noise vs Constant-B","gamma_noise","constant_B",0.487322561868697,1.07779514042482,-0.590472578556128,"gamma_noise"
151,1151,"c30a72bbd9994edc5a6a1c2aed4242b1","Gamma-noise vs Constant-B","gamma_noise","constant_B",0.559732580935938,1.03970667244019,-0.479974091504252,"gamma_noise"
152,1152,"6a9c86481f4a2482e1b37d74f117071e","Gamma-noise vs Constant-B","gamma_noise","constant_B",0.480926411211484,1.77678506825905,-1.29585865704756,"gamma_noise"
153,1153,"442e0ebc852ae02e3200593355a37960","Gamma-noise vs Constant-B","gamma_noise","constant_B",0.461754246877653,1.19188221600525,-0.730127969127594,"gamma_noise"
154,1154,"64361962d8cd28975836ca41ffba829e","Gamma-noise vs Constant-B","gamma_noise","constant_B",0.536848761255519,1.31759913088232,-0.780750369626798,"gamma_noise"
155,1155,"af7b6609489cc20efa3782fad07fa0d9","Gamma-noise vs Constant-B","gamma_noise","constant_B",0.516806565392516,1.31692440224223,-0.800117836849719,"gamma_noise"
156,1156,"9d0dfa99ebb269242e3d64e8a5fe517c","Gamma-noise vs Constant-B","gamma_noise","constant_B",0.569416447864256,1.00649270316279,-0.437076255298531,"gamma_noise"
157,1157,"66c6e6745a642b2c128f396464ab9c36","Gamma-noise vs Constant-B","gamma_noise","constant_B",0.458198446744202,1.18220470207479,-0.724006255330586,"gamma_noise"
158,1158,"8f8136ef754c0743bae4dd275c47bf9b","Gamma-noise vs Constant-B","gamma_noise","constant_B",0.57996050029471,1.10567199656538,-0.52571149627067,"gamma_noise"
159,1159,"6eeed27f9e2c16bae4fa14c32548d476","Gamma-noise vs Constant-B","gamma_noise","constant_B",0.435172624264362,1.13706291943242,-0.70189029516806,"gamma_noise"
160,1160,"6fc5bd4defacec08d522e9606a883766","Gamma-noise vs Constant-B","gamma_noise","constant_B",0.385157843987921,1.14444246815078,-0.759284624162858,"gamma_noise"
161,1161,"a357237d620a342d728f96dc8aac5757","Gamma-noise vs Constant-B","gamma_noise","constant_B",0.340976874806656,1.120041844732,-0.779064969925342,"gamma_noise"
162,1162,"4cc160a48b020eb4685997894bf01baf","Gamma-noise vs Constant-B","gamma_noise","constant_B",0.424208392440741,1.15154756688517,-0.727339174444433,"gamma_noise"
163,1163,"e67c4eaea4e2842baa2a758c4beb2e82","Gamma-noise vs Constant-B","gamma_noise","constant_B",0.459170055050284,1.31600445148405,-0.856834396433764,"gamma_noise"
164,1164,"d690f07a51a75e813d73e446e77eb394","Gamma-noise vs Constant-B","gamma_noise","constant_B",0.442706660261599,1.05854149615347,-0.615834835891867,"gamma_noise"
165,1165,"50366235ff21bfd0a4d01f895b905c92","Gamma-noise vs Constant-B","gamma_noise","constant_B",0.533184356040189,1.03086003504295,-0.497675679002758,"gamma_noise"
166,1166,"495d59eeef0b219751064d03c686254d","Gamma-noise vs Constant-B","gamma_noise","constant_B",0.514058360112594,1.12392507729614,-0.609866717183546,"gamma_noise"
167,1167,"b8bc66b5036c4f6bd977937ad6e2a29d","Gamma-noise vs Constant-B","gamma_noise","constant_B",0.422862491900998,1.24580819762154,-0.822945705720543,"gamma_noise"
168,1168,"d65d84681677642681932395599566ad","Gamma-noise vs Constant-B","gamma_noise","constant_B",0.527031991309679,1.07769612409568,-0.550664132786,"gamma_noise"
169,1169,"4b517b06b20afe2ab6f16f327d16edef","Gamma-noise vs Constant-B","gamma_noise","constant_B",0.672790433886266,1.0316664416564,-0.358876007770132,"gamma_noise"
170,1170,"f32af8f5828cad3f276263ef3b9502fb","Gamma-noise vs Constant-B","gamma_noise","constant_B",0.739267381172056,1.00034195298453,-0.261074571812479,"gamma_noise"
171,1171,"2ec9a3cf6058379814f756d7b9f93ea9","Gamma-noise vs Constant-B","gamma_noise","constant_B",0.568825794103492,1.12441687902677,-0.555591084923279,"gamma_noise"
172,1172,"68d41d2891a14e960534c955889a715f","Gamma-noise vs Constant-B","gamma_noise","constant_B",0.56259135352071,1.15037522115023,-0.587783867629519,"gamma_noise"
173,1173,"b998c1e8401789afff3d7d34e1be5997","Gamma-noise vs Constant-B","gamma_noise","constant_B",0.406691871530647,1.15720816691452,-0.750516295383874,"gamma_noise"
174,1174,"7a6ced56beec68835d7a03f46b6af6e8","Gamma-noise vs Constant-B","gamma_noise","constant_B",0.519754633029555,1.06043009137775,-0.540675458348196,"gamma_noise"
175,1175,"2744bfdd13475fbe6815e8986de922fa","Gamma-noise vs Constant-B","gamma_noise","constant_B",0.538445144955389,1.11378707085336,-0.575341925897967,"gamma_noise"
176,1176,"c141df7878a0d44e38a58170b4492543","Gamma-noise vs Constant-B","gamma_noise","constant_B",0.476725675870819,1.02051099442982,-0.543785318559,"gamma_noise"
177,1177,"c17f97d975a2e6794ea31e8367d83e40","Gamma-noise vs Constant-B","gamma_noise","constant_B",0.56372785531004,1.39801319912826,-0.834285343818217,"gamma_noise"
178,1178,"4f3cc0d975b486260ecd02e9ed831df5","Gamma-noise vs Constant-B","gamma_noise","constant_B",0.438357942118132,1.06019905807818,-0.621841115960045,"gamma_noise"
179,1179,"6d4a044da028c76d3fafc003136384eb","Gamma-noise vs Constant-B","gamma_noise","constant_B",0.419808036921736,1.19716169784187,-0.77735366092013,"gamma_noise"
180,1180,"ff3b24bb3a95e7b5178276b17e2c0dad","Gamma-noise vs Constant-B","gamma_noise","constant_B",0.429044416714555,1.14688354852131,-0.717839131806754,"gamma_noise"
181,1181,"80dfab2294dc854a8695d1c1ce6265d9","Gamma-noise vs Constant-B","gamma_noise","constant_B",0.439128197328613,1.12190210057397,-0.68277390324536,"gamma_noise"
182,1182,"941f9c48ec56eb19b25786187b006f10","Gamma-noise vs Constant-B","gamma_noise","constant_B",0.42412318226208,1.32373398227016,-0.899610800008077,"gamma_noise"
183,1183,"2dc5d7e9b3e15c740d490d788211573a","Gamma-noise vs Constant-B","gamma_noise","constant_B",0.651677263756299,1.02616636301639,-0.374489099260088,"gamma_noise"
184,1184,"77c6e00a79e8c3b3df80e1c4b0ff8023","Gamma-noise vs Constant-B","gamma_noise","constant_B",0.474734905560807,1.09176950602747,-0.61703460046666,"gamma_noise"
185,1185,"52e3986fb55b179cf59e4540a86a982d","Gamma-noise vs Constant-B","gamma_noise","constant_B",0.62271648970575,1.00000072369249,-0.377284233986735,"gamma_noise"
186,1186,"ccc0636a72fb6ba022578cc100c8cb7c","Gamma-noise vs Constant-B","gamma_noise","constant_B",0.434228959297276,1.11843839801118,-0.684209438713906,"gamma_noise"
187,1187,"7409506000aab5f15ec58cc3dd3fb72e","Gamma-noise vs Constant-B","gamma_noise","constant_B",0.600591177267288,1.40656310052034,-0.805971923253052,"gamma_noise"
188,1188,"0e1b1e567b5a85241d50f71772de9be1","Gamma-noise vs Constant-B","gamma_noise","constant_B",0.5841441336148,1.05880411662324,-0.474659983008437,"gamma_noise"
189,1189,"02453cd2773e7494e1a4738ba6f3c7a1","Gamma-noise vs Constant-B","gamma_noise","constant_B",0.756253658585973,1.03855605617057,-0.282302397584599,"gamma_noise"
190,1190,"e11e338409fdbfff7af641a286a93437","Gamma-noise vs Constant-B","gamma_noise","constant_B",0.652633363936952,1.11602541205845,-0.463392048121497,"gamma_noise"
191,1191,"88ccda7d997701880c9d0c636b220b1e","Gamma-noise vs Constant-B","gamma_noise","constant_B",0.573352573487696,1.1043212308477,-0.530968657360001,"gamma_noise"
192,1192,"9a5e00955ca9971800073dd3e4c28ad7","Gamma-noise vs Constant-B","gamma_noise","constant_B",0.408171567479269,1.03566364021321,-0.627492072733942,"gamma_noise"
193,1193,"50b5e6cbc49ffa79634e56edd10b8bf0","Gamma-noise vs Constant-B","gamma_noise","constant_B",0.477673683829092,1.26816401257614,-0.790490328747044,"gamma_noise"
194,1194,"1f0b118441ef88f9f7e1c86a5d22c593","Gamma-noise vs Constant-B","gamma_noise","constant_B",0.526448486140979,1.04960856798078,-0.5231600818398,"gamma_noise"
195,1195,"4b29886fa0376b89caa9cc697a80dc98","Gamma-noise vs Constant-B","gamma_noise","constant_B",0.43207734784053,1.09871505570462,-0.666637707864093,"gamma_noise"
196,1196,"4a7772e1b5862480e3537a3124e41c07","Gamma-noise vs Constant-B","gamma_noise","constant_B",0.645520731184774,1.00032612669932,-0.354805395514544,"gamma_noise"
197,1197,"80e2caf0dbc5ddb7f96d7faf9fa1bf49","Gamma-noise vs Constant-B","gamma_noise","constant_B",0.585608503627279,1.02158355398816,-0.435975050360883,"gamma_noise"
198,1198,"9cf5a39df21d5a234b9a57056ebe1360","Gamma-noise vs Constant-B","gamma_noise","constant_B",0.466705597507067,1.05415176505339,-0.587446167546328,"gamma_noise"
199,1199,"f24eafb51b8268645a90a1a9cbcc2a5c","Gamma-noise vs Constant-B","gamma_noise","constant_B",0.33331554854132,1.29517370294744,-0.961858154406124,"gamma_noise"
200,1200,"2276182a83b89b4d2f8bfc96d14895ca","Gamma-noise vs Constant-B","gamma_noise","constant_B",0.535000162298481,1.20309544800268,-0.668095285704196,"gamma_noise"
1,1001,"64a1b5c02bdecc100b37ee56029391d3","B-spline vs Constant-B","bspline_B","constant_B",0.929834244740473,1.44663588250017,-0.516801637759698,"bspline_B"
2,1002,"e4e6b4250fb680a6bc44a4c1f239d72e","B-spline vs Constant-B","bspline_B","constant_B",0.834258072545657,1.8714848598509,-1.03722678730524,"bspline_B"
3,1003,"18b73531d17fff4bf85fd3b8b65c91d6","B-spline vs Constant-B","bspline_B","constant_B",1.0000662252062,1.00054246157676,-0.000476236370561267,"bspline_B"
4,1004,"bf8dcbec52b9c4d08f0b3a8b4e1b1840","B-spline vs Constant-B","bspline_B","constant_B",0.377470266137872,1.21644870049489,-0.838978434357022,"bspline_B"
5,1005,"cb7e05dbf4c135d548daa37faf8888a1","B-spline vs Constant-B","bspline_B","constant_B",0.943568699163366,1.18622530571679,-0.242656606553419,"bspline_B"
6,1006,"83a6fae95545d773b4ac09416fd8a73d","B-spline vs Constant-B","bspline_B","constant_B",0.575684318482322,1.02465732379707,-0.448973005314743,"bspline_B"
7,1007,"c23f10d0daa427c993e4ece1079ed751","B-spline vs Constant-B","bspline_B","constant_B",0.532844022678182,1.84890806293803,-1.31606404025985,"bspline_B"
8,1008,"a0af209d0cf0d730b8b3834e0360ae95","B-spline vs Constant-B","bspline_B","constant_B",0.803356065330406,1.26186349082284,-0.458507425492436,"bspline_B"
9,1009,"51101219b554b4802624e043f09d6160","B-spline vs Constant-B","bspline_B","constant_B",0.410432245673638,1.33011093243872,-0.919678686765081,"bspline_B"
10,1010,"3658851b68a2ae24c2e8e9838200e49c","B-spline vs Constant-B","bspline_B","constant_B",0.614896180492321,1.00845368942211,-0.393557508929789,"bspline_B"
11,1011,"b0091463d341b4712ff6e9dd82a58abf","B-spline vs Constant-B","bspline_B","constant_B",0.527873398540538,1.34625520149765,-0.818381802957112,"bspline_B"
12,1012,"05f564b562cd69afde749fbba393d734","B-spline vs Constant-B","bspline_B","constant_B",0.802785646624955,1.09673809336012,-0.293952446735162,"bspline_B"
13,1013,"628dd9f33d5358ee7d358fcbbb9e1ec7","B-spline vs Constant-B","bspline_B","constant_B",0.902287179202874,1.50278340614611,-0.600496226943239,"bspline_B"
14,1014,"3ee86b29e7e61ffc7287cc8f5b47aeca","B-spline vs Constant-B","bspline_B","constant_B",0.540086887563978,1.16336037754455,-0.623273489980574,"bspline_B"
15,1015,"ae056eafb87645cec401ccb46346269b","B-spline vs Constant-B","bspline_B","constant_B",0.395823426903595,1.30024871152755,-0.904425284623953,"bspline_B"
16,1016,"a714e996eac59ec21285ac81b9fb5223","B-spline vs Constant-B","bspline_B","constant_B",0.647313174288445,1.13550376711321,-0.48819059282476,"bspline_B"
17,1017,"c1dff99001cdd2a71a8c5de229779c6a","B-spline vs Constant-B","bspline_B","constant_B",0.593069429034953,1.01121207652065,-0.418142647485698,"bspline_B"
18,1018,"b6d242ccc65d51d758e56f6a2b2246d6","B-spline vs Constant-B","bspline_B","constant_B",0.805838146275775,1.01709267427864,-0.211254528002864,"bspline_B"
19,1019,"13d489a8a65aa7a169791da7e2e871a6","B-spline vs Constant-B","bspline_B","constant_B",1.18668576905795,1.41476238425398,-0.228076615196028,"bspline_B"
20,1020,"714f6bb12c5d63009433470452ca002b","B-spline vs Constant-B","bspline_B","constant_B",0.423893296139387,1.13612415020267,-0.71223085406328,"bspline_B"
21,1021,"c46a7b2a22c4a8bed8a3c2537dbc0243","B-spline vs Constant-B","bspline_B","constant_B",0.698622608980585,1.11940519892303,-0.420782589942446,"bspline_B"
22,1022,"37fb1b826b530c406841fb3dc0dd2a19","B-spline vs Constant-B","bspline_B","constant_B",0.808658513506233,1.18888394348726,-0.38022542998103,"bspline_B"
23,1023,"5391b651cef3ef3752fc04bfb4f6d8ab","B-spline vs Constant-B","bspline_B","constant_B",0.994734571212209,1.30684440381256,-0.312109832600349,"bspline_B"
24,1024,"f17101a77a91a5858651ca092461a15e","B-spline vs Constant-B","bspline_B","constant_B",0.463169037053852,1.06234451497505,-0.599175477921201,"bspline_B"
25,1025,"5bffd9597ff51651a7b3c018b0060e43","B-spline vs Constant-B","bspline_B","constant_B",1.09412938058843,1.18177671701797,-0.0876473364295425,"bspline_B"
26,1026,"7d638818fac5c183766d7bd337251990","B-spline vs Constant-B","bspline_B","constant_B",0.903764583025082,1.24821515219457,-0.344450569169486,"bspline_B"
27,1027,"febf6d542123ef85142ab3d7c88fd4f9","B-spline vs Constant-B","bspline_B","constant_B",0.441940607754528,1.10921632811168,-0.667275720357151,"bspline_B"
28,1028,"fa30cb31cb12a8463966a31a9ac1f66d","B-spline vs Constant-B","bspline_B","constant_B",0.69695685659172,1.34007111537273,-0.643114258781012,"bspline_B"
29,1029,"f88e4728f80479179227d46e3ae73be8","B-spline vs Constant-B","bspline_B","constant_B",0.643267244101745,1.02382576856791,-0.380558524466162,"bspline_B"
30,1030,"6d8fcd9da06daac4afecfcdf2af73043","B-spline vs Constant-B","bspline_B","constant_B",0.570459404836486,1.18077773953952,-0.610318334703033,"bspline_B"
31,1031,"1f4f623a1599fc68865ccca5c8e38092","B-spline vs Constant-B","bspline_B","constant_B",1.25541453737699,1.10842353260886,0.146991004768131,"constant_B"
32,1032,"8b18f38744449f8e8c5016a5c62a9db0","B-spline vs Constant-B","bspline_B","constant_B",0.551112252516813,1.21803964835606,-0.66692739583925,"bspline_B"
33,1033,"1c656b251cec47b7f90e7590d6f84c85","B-spline vs Constant-B","bspline_B","constant_B",0.477024672572168,1.46382583081183,-0.986801158239663,"bspline_B"
34,1034,"6295649cce30d443915163e1f486574c","B-spline vs Constant-B","bspline_B","constant_B",0.598283753521417,1.313190239897,-0.714906486375579,"bspline_B"
35,1035,"05c8b3ee0cc2e85807ddffab0af38be8","B-spline vs Constant-B","bspline_B","constant_B",0.64680874585433,1.08306929479462,-0.436260548940288,"bspline_B"
36,1036,"12e163742e3ae8e7eef3194a703ebcdb","B-spline vs Constant-B","bspline_B","constant_B",0.44746881222564,1.02020003522982,-0.572731223004177,"bspline_B"
37,1037,"129fa3be8b0ee7a384bf1d0e5525258e","B-spline vs Constant-B","bspline_B","constant_B",1.13501526765217,1.10957221336624,0.0254430542859339,"constant_B"
38,1038,"2cb84ae4bd553be0419d1e71639da95a","B-spline vs Constant-B","bspline_B","constant_B",0.852270175637901,1.00643440106522,-0.154164225427318,"bspline_B"
39,1039,"42f80019227937c2a1292d80471ad885","B-spline vs Constant-B","bspline_B","constant_B",0.499040838590139,1.13862039526936,-0.639579556679224,"bspline_B"
40,1040,"ab1d08dee64fd498a66e009327aa8634","B-spline vs Constant-B","bspline_B","constant_B",0.498925133082067,1.11318778541868,-0.614262652336613,"bspline_B"
41,1041,"287dedf1d0604d7339bf2699355ae974","B-spline vs Constant-B","bspline_B","constant_B",0.584314529362966,1.05264125919009,-0.468326729827128,"bspline_B"
42,1042,"a0f4bf165f246f2d852e7cb15677c6d0","B-spline vs Constant-B","bspline_B","constant_B",0.587534620577002,1.1014034249256,-0.513868804348602,"bspline_B"
43,1043,"98bd9bf2f837f4d00af88dbb60b77b5c","B-spline vs Constant-B","bspline_B","constant_B",0.4676631171082,1.11253982682779,-0.644876709719592,"bspline_B"
44,1044,"7fc16f6007b4caa0fad7b388de798f61","B-spline vs Constant-B","bspline_B","constant_B",0.418663355283318,1.17526931057806,-0.756605955294741,"bspline_B"
45,1045,"ea38700766ed00739f841a67050a1f0f","B-spline vs Constant-B","bspline_B","constant_B",0.493274007962229,1.09973089460344,-0.606456886641208,"bspline_B"
46,1046,"9df354b439dcb34c0723dc7a22427817","B-spline vs Constant-B","bspline_B","constant_B",0.39695603827873,1.80297282811176,-1.40601678983303,"bspline_B"
47,1047,"a27592b2dc2d1f22ae7b3b7d52d6c6e8","B-spline vs Constant-B","bspline_B","constant_B",0.680982589143804,1.59568009164795,-0.914697502504147,"bspline_B"
48,1048,"e149dfe63fefba3d9450d8ebe55e2be8","B-spline vs Constant-B","bspline_B","constant_B",1.01994991405395,1.1364978290429,-0.116547914988949,"bspline_B"
49,1049,"c24fd9ec2467b6f39b42b31426dcbff7","B-spline vs Constant-B","bspline_B","constant_B",1.12355821425062,1.03087694668075,0.0926812675698714,"constant_B"
50,1050,"7dc1a3b5ba09f2ddcb65bf5b7422a9ed","B-spline vs Constant-B","bspline_B","constant_B",0.598691867441063,1.29362659434455,-0.694934726903491,"bspline_B"
51,1051,"900920f25b406cb0530e847b193e6c9b","B-spline vs Constant-B","bspline_B","constant_B",0.456968951118989,1.12732393581744,-0.67035498469845,"bspline_B"
52,1052,"94c869cc26cd44cd9de1033132a41b1b","B-spline vs Constant-B","bspline_B","constant_B",0.934065379794343,1.43800324911993,-0.50393786932559,"bspline_B"
53,1053,"21c503be1bfd17d135902892b999365f","B-spline vs Constant-B","bspline_B","constant_B",0.560760437878125,1.02983494024522,-0.469074502367094,"bspline_B"
54,1054,"bb6ab35a8708f3f23940941298b79dbc","B-spline vs Constant-B","bspline_B","constant_B",0.859239187258794,1.15871400329234,-0.299474816033545,"bspline_B"
55,1055,"7481513b9e19d7a30b033ad1490d6f16","B-spline vs Constant-B","bspline_B","constant_B",0.678345437036855,1.00735791445927,-0.329012477422416,"bspline_B"
56,1056,"08c1962e5f9bd4d5168d1afa7314d508","B-spline vs Constant-B","bspline_B","constant_B",1.07155308439986,1.27364987175065,-0.202096787350787,"bspline_B"
57,1057,"0fa2ff4b3c51077ca4a85e846724b31e","B-spline vs Constant-B","bspline_B","constant_B",0.966397048794122,1.00788484649047,-0.0414877976963438,"bspline_B"
58,1058,"fb197f5caf6d73b93cf36910dcf5bd62","B-spline vs Constant-B","bspline_B","constant_B",0.699951719480707,1.07446822948703,-0.37451651000632,"bspline_B"
59,1059,"85c4aca3511ef3a6574f147464f1b8a6","B-spline vs Constant-B","bspline_B","constant_B",0.421675792575632,1.04106113097789,-0.619385338402261,"bspline_B"
60,1060,"0f9b10d21fc1c74a53d447b4ab6c4a76","B-spline vs Constant-B","bspline_B","constant_B",0.416064634981106,1.16195693194183,-0.745892296960725,"bspline_B"
61,1061,"ef64f00e9a05074fb3305ee8fb186803","B-spline vs Constant-B","bspline_B","constant_B",0.430863393950449,1.16220751663828,-0.731344122687833,"bspline_B"
62,1062,"a04acf843bb2ea72629f7c891c0bc0d1","B-spline vs Constant-B","bspline_B","constant_B",0.655904687739719,1.11839429252182,-0.462489604782105,"bspline_B"
63,1063,"0b8692e4c4282eea08c84c3a7521bdca","B-spline vs Constant-B","bspline_B","constant_B",0.691519574632626,1.18594856999572,-0.494428995363099,"bspline_B"
64,1064,"65224e6e0078d6ba21ee5d2bd4a6c743","B-spline vs Constant-B","bspline_B","constant_B",0.606118435609415,1.0256146501396,-0.419496214530181,"bspline_B"
65,1065,"d23c93587fac0bd4c1fffe812bf746e2","B-spline vs Constant-B","bspline_B","constant_B",0.910485932401506,1.25316962340319,-0.342683691001682,"bspline_B"
66,1066,"b503c7aa16489912e1de4bcf79bdc277","B-spline vs Constant-B","bspline_B","constant_B",0.629262537514711,1.27657667702306,-0.647314139508353,"bspline_B"
67,1067,"a64edf122ea9288d9cc5843d572b4219","B-spline vs Constant-B","bspline_B","constant_B",1.10253755594846,1.53657717304098,-0.434039617092519,"bspline_B"
68,1068,"e2dc17973047d198b1f70625999d7313","B-spline vs Constant-B","bspline_B","constant_B",1.06652893536034,1.2788335945489,-0.212304659188566,"bspline_B"
69,1069,"8e4ff1513256eaffe3731b1dbc82ec29","B-spline vs Constant-B","bspline_B","constant_B",0.993899796535159,1.11446334224593,-0.120563545710771,"bspline_B"
70,1070,"3f39c2020f727aeaa01ef9ba099939bb","B-spline vs Constant-B","bspline_B","constant_B",0.491844541463838,1.02638688531463,-0.534542343850793,"bspline_B"
71,1071,"f8a2941f2630be877dd64b0b25a3e9dd","B-spline vs Constant-B","bspline_B","constant_B",0.35568659186861,1.28634377282287,-0.930657180954258,"bspline_B"
72,1072,"4ef60d1f950055935545ba4d8849c6a4","B-spline vs Constant-B","bspline_B","constant_B",1.10275027374844,1.30218611263611,-0.199435838887671,"bspline_B"
73,1073,"23ed6d0e534e19ffc952e0a9519e96fd","B-spline vs Constant-B","bspline_B","constant_B",0.571586346441638,1.18343310360669,-0.611846757165054,"bspline_B"
74,1074,"44fe946085f2400c80cee533d6231e9a","B-spline vs Constant-B","bspline_B","constant_B",0.519754602031797,1.05590744044139,-0.536152838409598,"bspline_B"
75,1075,"0d820f5ccbfe13549eea216ee2513074","B-spline vs Constant-B","bspline_B","constant_B",0.661649976097585,1.06063356301077,-0.39898358691318,"bspline_B"
76,1076,"91d5e8bc67046e3d44e7a47924bb3404","B-spline vs Constant-B","bspline_B","constant_B",0.452881459999999,1.23280563482062,-0.779924174820618,"bspline_B"
77,1077,"4fe16663f3cfd5b374d35dd29d9cdca8","B-spline vs Constant-B","bspline_B","constant_B",0.708880667440836,1.13288662079671,-0.424005953355877,"bspline_B"
78,1078,"83a908c8ed5455b6c9ef246884162afc","B-spline vs Constant-B","bspline_B","constant_B",0.64661349825859,1.0899052441511,-0.443291745892512,"bspline_B"
79,1079,"022bd08caeebfca4473b74c3678f71c2","B-spline vs Constant-B","bspline_B","constant_B",0.490497770555684,1.06104514348817,-0.570547372932486,"bspline_B"
80,1080,"0bfd2bd8ee2ddc3923c9cef719215e45","B-spline vs Constant-B","bspline_B","constant_B",0.834195181933211,1.26342968046886,-0.429234498535653,"bspline_B"
81,1081,"b3ce4c9c57f114ee806b5ede899e654c","B-spline vs Constant-B","bspline_B","constant_B",1.0570552667052,1.41012649335463,-0.353071226649433,"bspline_B"
82,1082,"345f145ce6e49d5527737547b7d7bcc9","B-spline vs Constant-B","bspline_B","constant_B",1.1524719364367,1.13314766746455,0.0193242689721493,"constant_B"
83,1083,"5cd6b677ff91eaefd7913f277989cb3a","B-spline vs Constant-B","bspline_B","constant_B",1.20042047698353,1.175747786822,0.0246726901615293,"constant_B"
84,1084,"ec4eb27a1b0dc4aef15289699a23db33","B-spline vs Constant-B","bspline_B","constant_B",0.737390217838128,1.0471953769707,-0.309805159132576,"bspline_B"
85,1085,"f306053231f91c40dca3c621e8419b61","B-spline vs Constant-B","bspline_B","constant_B",0.437283676434143,1.10499944122401,-0.667715764789868,"bspline_B"
86,1086,"e89799bf4fcfc5e7d882e1a15e433b0c","B-spline vs Constant-B","bspline_B","constant_B",1.24290563780906,1.00175638214422,0.241149255664842,"constant_B"
87,1087,"83d5cd04167b4c25b941369e1cd89c12","B-spline vs Constant-B","bspline_B","constant_B",0.593960910330771,1.29506608280223,-0.701105172471456,"bspline_B"
88,1088,"e68e6eddaef14b8f6833f1889cb09727","B-spline vs Constant-B","bspline_B","constant_B",0.36904340390774,1.216594701645,-0.847551297737263,"bspline_B"
89,1089,"aa9cc98baf1a333684a7dcc3407aadc4","B-spline vs Constant-B","bspline_B","constant_B",0.720995116085711,1.10367079572796,-0.382675679642246,"bspline_B"
90,1090,"3b62c1a3abbc8f8d77b3f0094d799c08","B-spline vs Constant-B","bspline_B","constant_B",1.06186625391811,1.55012094289538,-0.488254688977267,"bspline_B"
91,1091,"ffb0df50d948dd9dad8db95b89578130","B-spline vs Constant-B","bspline_B","constant_B",0.798057871943272,1.14160139452595,-0.34354352258268,"bspline_B"
92,1092,"42c5e41b64f024125d08f483c49d5109","B-spline vs Constant-B","bspline_B","constant_B",0.627682498545771,1.04171640675742,-0.414033908211646,"bspline_B"
93,1093,"7866b869b011f99e5a6d626fd2b53319","B-spline vs Constant-B","bspline_B","constant_B",0.472860853189268,1.07520575670686,-0.602344903517589,"bspline_B"
94,1094,"cb6e4431d9ef11ffbb0c3c60fc93a658","B-spline vs Constant-B","bspline_B","constant_B",0.419684074557776,1.24708512305265,-0.827401048494874,"bspline_B"
95,1095,"e2c94ae6df04e9da8177ab346fbd245e","B-spline vs Constant-B","bspline_B","constant_B",0.430685139288985,1.1123816230707,-0.681696483781712,"bspline_B"
96,1096,"dce19abeba3755021094f84a48b227a7","B-spline vs Constant-B","bspline_B","constant_B",0.907242710847673,1.21155071457323,-0.304308003725561,"bspline_B"
97,1097,"5f10705eaab893b924c7745af7cbddc2","B-spline vs Constant-B","bspline_B","constant_B",0.910715816964607,1.29029286781049,-0.379577050845883,"bspline_B"
98,1098,"a0c73b07405f66c422d099e5a3c08c54","B-spline vs Constant-B","bspline_B","constant_B",0.811476513369149,1.0347212139306,-0.223244700561452,"bspline_B"
99,1099,"9d985583339f37fbacb7140d4222662d","B-spline vs Constant-B","bspline_B","constant_B",0.578828190577423,1.06378346144422,-0.484955270866797,"bspline_B"
100,1100,"8ea86fffc296b32f99e63ed723d89d90","B-spline vs Constant-B","bspline_B","constant_B",0.824721404208282,1.67645188259687,-0.851730478388586,"bspline_B"
101,1101,"51fea122ace66c28fcf6227076a2210d","B-spline vs Constant-B","bspline_B","constant_B",0.831204740979915,1.10319217053835,-0.271987429558433,"bspline_B"
102,1102,"87466aaae46506b8e351c34782985403","B-spline vs Constant-B","bspline_B","constant_B",0.732845753833362,1.0033149634652,-0.270469209631837,"bspline_B"
103,1103,"e898b26388bd31312b334e141687631d","B-spline vs Constant-B","bspline_B","constant_B",0.976977547278985,1.20100333162375,-0.224025784344762,"bspline_B"
104,1104,"f7b481c3a4568173c9a99c1b4d8c5521","B-spline vs Constant-B","bspline_B","constant_B",0.765908246037966,1.10069335258912,-0.334785106551156,"bspline_B"
105,1105,"fda815e14a2797f663c51a8c3fc66eeb","B-spline vs Constant-B","bspline_B","constant_B",1.13036478947797,1.41212375371605,-0.281758964238085,"bspline_B"
106,1106,"2ace1767dd5349b12ef5f3a5bd831ab8","B-spline vs Constant-B","bspline_B","constant_B",0.677515627359415,1.48369505452048,-0.806179427161066,"bspline_B"
107,1107,"d3c22607503e5f474a3f5ebe80ebdf3d","B-spline vs Constant-B","bspline_B","constant_B",0.506882744650548,1.34613543048145,-0.839252685830904,"bspline_B"
108,1108,"68aa1cfbcec0e4ea336983e4d1e49773","B-spline vs Constant-B","bspline_B","constant_B",0.535061994291505,1.32424952568939,-0.789187531397888,"bspline_B"
109,1109,"64378d1cf8147aa375c77012a1f6217d","B-spline vs Constant-B","bspline_B","constant_B",0.733210171814312,1.0777310873119,-0.344520915497586,"bspline_B"
110,1110,"4c9bdb3191d72e532b9af0440b61821e","B-spline vs Constant-B","bspline_B","constant_B",1.13931003862644,1.86531516086282,-0.726005122236376,"bspline_B"
111,1111,"90bc4d41e3adeb7ca6a265e34199593d","B-spline vs Constant-B","bspline_B","constant_B",1.2374793021291,1.22948950143562,0.00798980069348665,"constant_B"
112,1112,"2de6dbe92e20217bcb1faa713be3c7e9","B-spline vs Constant-B","bspline_B","constant_B",1.18375452291831,1.15408988663867,0.029664636279638,"constant_B"
113,1113,"62d44f5b5cf3a1a10474477b2836ac7c","B-spline vs Constant-B","bspline_B","constant_B",0.651021190809421,1.16916185652208,-0.518140665712664,"bspline_B"
114,1114,"e8aa5c36f38132f5ccc9683b131a520e","B-spline vs Constant-B","bspline_B","constant_B",0.537947149948664,1.10068483936387,-0.562737689415208,"bspline_B"
115,1115,"527c2542099f691a2a03e60fc5521e3b","B-spline vs Constant-B","bspline_B","constant_B",0.537890318199466,1.15205808530376,-0.614167767104295,"bspline_B"
116,1116,"493ff3d28fe2680d1b7fc1f343262be6","B-spline vs Constant-B","bspline_B","constant_B",0.614769573990193,1.31246800809851,-0.697698434108318,"bspline_B"
117,1117,"64dffb15867fda5ef262e2caf0e46bbf","B-spline vs Constant-B","bspline_B","constant_B",1.06324528246622,1.07256540520348,-0.00932012273725924,"bspline_B"
118,1118,"4fe04592b1bd1b0073226474bda79a17","B-spline vs Constant-B","bspline_B","constant_B",0.84722101341627,1.20178200566805,-0.354560992251778,"bspline_B"
119,1119,"53a63bcc974e882529742ef97a8b74d5","B-spline vs Constant-B","bspline_B","constant_B",0.498257877764553,1.14321106718324,-0.644953189418687,"bspline_B"
120,1120,"4d64fbb86d0c71298cfafd74891b1601","B-spline vs Constant-B","bspline_B","constant_B",0.578606927669008,1.00838604438377,-0.429779116714763,"bspline_B"
121,1121,"fc119966f9fa86c9beb582f612bc73ec","B-spline vs Constant-B","bspline_B","constant_B",0.498143733139809,1.17326160575934,-0.675117872619531,"bspline_B"
122,1122,"2de2afe17b444c1be6ab135102d2e749","B-spline vs Constant-B","bspline_B","constant_B",1.12196456042378,1.10848058226536,0.0134839781584213,"constant_B"
123,1123,"8b49cbb9e926a62a502c208b4a74393a","B-spline vs Constant-B","bspline_B","constant_B",1.18497771862611,1.3222373506952,-0.137259632069093,"bspline_B"
124,1124,"fee16d34d4badef781de40b823c932b3","B-spline vs Constant-B","bspline_B","constant_B",1.10135011870872,1.30890409559675,-0.207553976888028,"bspline_B"
125,1125,"49b1406d1f09cf7ccfb97517eb1d686b","B-spline vs Constant-B","bspline_B","constant_B",0.737714727160984,1.73534185399189,-0.99762712683091,"bspline_B"
126,1126,"89c12c0c7af03e2dcd492d20daed2fb8","B-spline vs Constant-B","bspline_B","constant_B",0.666984674507534,1.08329749053486,-0.416312816027326,"bspline_B"
127,1127,"d6cf87e625366c1649bd82f3bda75a50","B-spline vs Constant-B","bspline_B","constant_B",0.723570985507802,1.02063939790524,-0.297068412397434,"bspline_B"
128,1128,"e7c98f0c8ff03fc89b23b860ab6e055c","B-spline vs Constant-B","bspline_B","constant_B",0.659370368872161,1.00251499283979,-0.34314462396763,"bspline_B"
129,1129,"89bab4fa545504e51f4b5b765fa2b9ae","B-spline vs Constant-B","bspline_B","constant_B",0.782729075001657,1.11121752995778,-0.328488454956119,"bspline_B"
130,1130,"bf14545e60a11dc820244df794a9bbde","B-spline vs Constant-B","bspline_B","constant_B",0.858713546451346,1.00207320713906,-0.143359660687709,"bspline_B"
131,1131,"f9b4bd3734443873f1d31c98484de516","B-spline vs Constant-B","bspline_B","constant_B",1.01574139987433,1.11192209820381,-0.09618069832948,"bspline_B"
132,1132,"b571595faf7cf9bf9fb646335e089636","B-spline vs Constant-B","bspline_B","constant_B",1.13329635708622,1.00005786710652,0.133238489979703,"constant_B"
133,1133,"0a62c14ca9858effb08a88d2cabe1673","B-spline vs Constant-B","bspline_B","constant_B",0.631215193806784,1.2118471390691,-0.580631945262311,"bspline_B"
134,1134,"6cdb8dae15bac319b768e307416ee6b2","B-spline vs Constant-B","bspline_B","constant_B",1.02887879071969,1.27351635298734,-0.244637562267654,"bspline_B"
135,1135,"f5fbe5bac9e630e09a5f83fdcd75b932","B-spline vs Constant-B","bspline_B","constant_B",0.362175156537963,1.33820914624666,-0.976033989708693,"bspline_B"
136,1136,"75dc159ba49385507004b04106ac29e8","B-spline vs Constant-B","bspline_B","constant_B",0.6443917215764,1.28379615504016,-0.639404433463758,"bspline_B"
137,1137,"25af99e573ba8708856ba71f5d31801d","B-spline vs Constant-B","bspline_B","constant_B",0.655820871327864,1.12586582526643,-0.470044953938564,"bspline_B"
138,1138,"24ce0d2a3efbc542f5ad5931cbdb79aa","B-spline vs Constant-B","bspline_B","constant_B",0.986235422818853,1.15016148748447,-0.163926064665619,"bspline_B"
139,1139,"392c573a8d8baf810091dbff34258106","B-spline vs Constant-B","bspline_B","constant_B",0.609848758992262,1.34210545579285,-0.732256696800592,"bspline_B"
140,1140,"9af7f4bb9f26f77c38c192936cf0be33","B-spline vs Constant-B","bspline_B","constant_B",0.453449437314983,1.0554383013389,-0.601988864023913,"bspline_B"
141,1141,"bd55561900b24ec7c3c7ac64a514ac02","B-spline vs Constant-B","bspline_B","constant_B",0.446033303017211,1.37131627442552,-0.925282971408308,"bspline_B"
142,1142,"d1a06c9101d2c0ee727ae600038327ba","B-spline vs Constant-B","bspline_B","constant_B",1.13925428353087,1.48974289991898,-0.350488616388101,"bspline_B"
143,1143,"5e8bbd223a147392f54cce5f77c7b52e","B-spline vs Constant-B","bspline_B","constant_B",0.455778287755694,1.07497732735663,-0.619199039600938,"bspline_B"
144,1144,"a7c2af9704a9238a0ba07d099939a75d","B-spline vs Constant-B","bspline_B","constant_B",0.557261709983502,1.01973957402922,-0.462477864045719,"bspline_B"
145,1145,"2db60151e6a71b77be25757b07f7d413","B-spline vs Constant-B","bspline_B","constant_B",1.08616114339162,1.15254939852563,-0.0663882551340005,"bspline_B"
146,1146,"11b683568a8c7109187e0d518ad44753","B-spline vs Constant-B","bspline_B","constant_B",0.946338437142549,1.20254439858132,-0.256205961438775,"bspline_B"
147,1147,"39e27a57bdf2c1c57e6c23b743348818","B-spline vs Constant-B","bspline_B","constant_B",0.510383124439662,1.12303738640522,-0.612654261965563,"bspline_B"
148,1148,"08f76d2a0f0fd7c0c65c77a4e3db66f5","B-spline vs Constant-B","bspline_B","constant_B",0.804623852080883,1.23755394123042,-0.432930089149537,"bspline_B"
149,1149,"73fb1389d38e28b1daab2d44d648d7dc","B-spline vs Constant-B","bspline_B","constant_B",1.27122783029159,1.00106391224294,0.270163918048652,"constant_B"
150,1150,"4538cec1dfd416909e103d8882091c24","B-spline vs Constant-B","bspline_B","constant_B",0.522152202589962,1.07779514042482,-0.555642937834863,"bspline_B"
151,1151,"c30a72bbd9994edc5a6a1c2aed4242b1","B-spline vs Constant-B","bspline_B","constant_B",0.59495799155972,1.03970667244019,-0.444748680880469,"bspline_B"
152,1152,"6a9c86481f4a2482e1b37d74f117071e","B-spline vs Constant-B","bspline_B","constant_B",1.12741940049558,1.77678506825905,-0.649365667763463,"bspline_B"
153,1153,"442e0ebc852ae02e3200593355a37960","B-spline vs Constant-B","bspline_B","constant_B",1.06253887862466,1.19188221600525,-0.129343337380588,"bspline_B"
154,1154,"64361962d8cd28975836ca41ffba829e","B-spline vs Constant-B","bspline_B","constant_B",0.445981377698518,1.31759913088232,-0.871617753183799,"bspline_B"
155,1155,"af7b6609489cc20efa3782fad07fa0d9","B-spline vs Constant-B","bspline_B","constant_B",0.705005170681012,1.31692440224223,-0.611919231561222,"bspline_B"
156,1156,"9d0dfa99ebb269242e3d64e8a5fe517c","B-spline vs Constant-B","bspline_B","constant_B",0.632515072053506,1.00649270316279,-0.373977631109282,"bspline_B"
157,1157,"66c6e6745a642b2c128f396464ab9c36","B-spline vs Constant-B","bspline_B","constant_B",0.485860205616512,1.18220470207479,-0.696344496458276,"bspline_B"
158,1158,"8f8136ef754c0743bae4dd275c47bf9b","B-spline vs Constant-B","bspline_B","constant_B",0.603032641475707,1.10567199656538,-0.502639355089673,"bspline_B"
159,1159,"6eeed27f9e2c16bae4fa14c32548d476","B-spline vs Constant-B","bspline_B","constant_B",0.536173327460827,1.13706291943242,-0.600889591971594,"bspline_B"
160,1160,"6fc5bd4defacec08d522e9606a883766","B-spline vs Constant-B","bspline_B","constant_B",0.54678892541381,1.14444246815078,-0.597653542736969,"bspline_B"
161,1161,"a357237d620a342d728f96dc8aac5757","B-spline vs Constant-B","bspline_B","constant_B",0.394426986693377,1.120041844732,-0.725614858038621,"bspline_B"
162,1162,"4cc160a48b020eb4685997894bf01baf","B-spline vs Constant-B","bspline_B","constant_B",0.470930716994085,1.15154756688517,-0.680616849891089,"bspline_B"
163,1163,"e67c4eaea4e2842baa2a758c4beb2e82","B-spline vs Constant-B","bspline_B","constant_B",0.874400069720481,1.31600445148405,-0.441604381763567,"bspline_B"
164,1164,"d690f07a51a75e813d73e446e77eb394","B-spline vs Constant-B","bspline_B","constant_B",0.580207279510347,1.05854149615347,-0.478334216643118,"bspline_B"
165,1165,"50366235ff21bfd0a4d01f895b905c92","B-spline vs Constant-B","bspline_B","constant_B",0.457053700143238,1.03086003504295,-0.57380633489971,"bspline_B"
166,1166,"495d59eeef0b219751064d03c686254d","B-spline vs Constant-B","bspline_B","constant_B",0.596210454205871,1.12392507729614,-0.527714623090269,"bspline_B"
167,1167,"b8bc66b5036c4f6bd977937ad6e2a29d","B-spline vs Constant-B","bspline_B","constant_B",0.983240029539125,1.24580819762154,-0.262568168082416,"bspline_B"
168,1168,"d65d84681677642681932395599566ad","B-spline vs Constant-B","bspline_B","constant_B",0.564557401947894,1.07769612409568,-0.513138722147785,"bspline_B"
169,1169,"4b517b06b20afe2ab6f16f327d16edef","B-spline vs Constant-B","bspline_B","constant_B",0.863036114930434,1.0316664416564,-0.168630326725964,"bspline_B"
170,1170,"f32af8f5828cad3f276263ef3b9502fb","B-spline vs Constant-B","bspline_B","constant_B",0.766310320728194,1.00034195298453,-0.23403163225634,"bspline_B"
171,1171,"2ec9a3cf6058379814f756d7b9f93ea9","B-spline vs Constant-B","bspline_B","constant_B",1.03936244475779,1.12441687902677,-0.0850544342689841,"bspline_B"
172,1172,"68d41d2891a14e960534c955889a715f","B-spline vs Constant-B","bspline_B","constant_B",1.06021493236102,1.15037522115023,-0.0901602887892079,"bspline_B"
173,1173,"b998c1e8401789afff3d7d34e1be5997","B-spline vs Constant-B","bspline_B","constant_B",0.479876784206109,1.15720816691452,-0.677331382708412,"bspline_B"
174,1174,"7a6ced56beec68835d7a03f46b6af6e8","B-spline vs Constant-B","bspline_B","constant_B",0.423413326635608,1.06043009137775,-0.637016764742143,"bspline_B"
175,1175,"2744bfdd13475fbe6815e8986de922fa","B-spline vs Constant-B","bspline_B","constant_B",0.493616822553128,1.11378707085336,-0.620170248300228,"bspline_B"
176,1176,"c141df7878a0d44e38a58170b4492543","B-spline vs Constant-B","bspline_B","constant_B",0.442573263696639,1.02051099442982,-0.57793773073318,"bspline_B"
177,1177,"c17f97d975a2e6794ea31e8367d83e40","B-spline vs Constant-B","bspline_B","constant_B",1.20438265548033,1.39801319912826,-0.193630543647924,"bspline_B"
178,1178,"4f3cc0d975b486260ecd02e9ed831df5","B-spline vs Constant-B","bspline_B","constant_B",0.480268212164484,1.06019905807818,-0.579930845913693,"bspline_B"
179,1179,"6d4a044da028c76d3fafc003136384eb","B-spline vs Constant-B","bspline_B","constant_B",0.680168591672726,1.19716169784187,-0.51699310616914,"bspline_B"
180,1180,"ff3b24bb3a95e7b5178276b17e2c0dad","B-spline vs Constant-B","bspline_B","constant_B",0.391016667869622,1.14688354852131,-0.755866880651686,"bspline_B"
181,1181,"80dfab2294dc854a8695d1c1ce6265d9","B-spline vs Constant-B","bspline_B","constant_B",0.469870954938521,1.12190210057397,-0.652031145635452,"bspline_B"
182,1182,"941f9c48ec56eb19b25786187b006f10","B-spline vs Constant-B","bspline_B","constant_B",0.551831574275006,1.32373398227016,-0.771902407995151,"bspline_B"
183,1183,"2dc5d7e9b3e15c740d490d788211573a","B-spline vs Constant-B","bspline_B","constant_B",1.05695164376967,1.02616636301639,0.0307852807532782,"constant_B"
184,1184,"77c6e00a79e8c3b3df80e1c4b0ff8023","B-spline vs Constant-B","bspline_B","constant_B",0.599736999797968,1.09176950602747,-0.492032506229499,"bspline_B"
185,1185,"52e3986fb55b179cf59e4540a86a982d","B-spline vs Constant-B","bspline_B","constant_B",0.640168216288703,1.00000072369249,-0.359832507403783,"bspline_B"
186,1186,"ccc0636a72fb6ba022578cc100c8cb7c","B-spline vs Constant-B","bspline_B","constant_B",0.716941596778434,1.11843839801118,-0.401496801232748,"bspline_B"
187,1187,"7409506000aab5f15ec58cc3dd3fb72e","B-spline vs Constant-B","bspline_B","constant_B",0.638762185070821,1.40656310052034,-0.767800915449519,"bspline_B"
188,1188,"0e1b1e567b5a85241d50f71772de9be1","B-spline vs Constant-B","bspline_B","constant_B",0.604870313602103,1.05880411662324,-0.453933803021135,"bspline_B"
189,1189,"02453cd2773e7494e1a4738ba6f3c7a1","B-spline vs Constant-B","bspline_B","constant_B",1.00124962569005,1.03855605617057,-0.0373064304805191,"bspline_B"
190,1190,"e11e338409fdbfff7af641a286a93437","B-spline vs Constant-B","bspline_B","constant_B",0.439864270784712,1.11602541205845,-0.676161141273738,"bspline_B"
191,1191,"88ccda7d997701880c9d0c636b220b1e","B-spline vs Constant-B","bspline_B","constant_B",0.65712432628122,1.1043212308477,-0.447196904566477,"bspline_B"
192,1192,"9a5e00955ca9971800073dd3e4c28ad7","B-spline vs Constant-B","bspline_B","constant_B",0.499893030125579,1.03566364021321,-0.535770610087632,"bspline_B"
193,1193,"50b5e6cbc49ffa79634e56edd10b8bf0","B-spline vs Constant-B","bspline_B","constant_B",0.628128424052912,1.26816401257614,-0.640035588523223,"bspline_B"
194,1194,"1f0b118441ef88f9f7e1c86a5d22c593","B-spline vs Constant-B","bspline_B","constant_B",0.443047383429618,1.04960856798078,-0.606561184551162,"bspline_B"
195,1195,"4b29886fa0376b89caa9cc697a80dc98","B-spline vs Constant-B","bspline_B","constant_B",0.766073883691562,1.09871505570462,-0.33264117201306,"bspline_B"
196,1196,"4a7772e1b5862480e3537a3124e41c07","B-spline vs Constant-B","bspline_B","constant_B",0.596489515087907,1.00032612669932,-0.403836611611411,"bspline_B"
197,1197,"80e2caf0dbc5ddb7f96d7faf9fa1bf49","B-spline vs Constant-B","bspline_B","constant_B",0.482690848373955,1.02158355398816,-0.538892705614208,"bspline_B"
198,1198,"9cf5a39df21d5a234b9a57056ebe1360","B-spline vs Constant-B","bspline_B","constant_B",0.505048465126192,1.05415176505339,-0.549103299927202,"bspline_B"
199,1199,"f24eafb51b8268645a90a1a9cbcc2a5c","B-spline vs Constant-B","bspline_B","constant_B",0.680207327884574,1.29517370294744,-0.61496637506287,"bspline_B"
200,1200,"2276182a83b89b4d2f8bfc96d14895ca","B-spline vs Constant-B","bspline_B","constant_B",0.372517234265038,1.20309544800268,-0.830578213737639,"bspline_B"
1,1001,"64a1b5c02bdecc100b37ee56029391d3","B-spline vs Gamma-noise","bspline_B","gamma_noise",0.929834244740473,0.446445438892575,0.483388805847898,"gamma_noise"
2,1002,"e4e6b4250fb680a6bc44a4c1f239d72e","B-spline vs Gamma-noise","bspline_B","gamma_noise",0.834258072545657,0.503711290962591,0.330546781583065,"gamma_noise"
3,1003,"18b73531d17fff4bf85fd3b8b65c91d6","B-spline vs Gamma-noise","bspline_B","gamma_noise",1.0000662252062,0.796203869618493,0.203862355587709,"gamma_noise"
4,1004,"bf8dcbec52b9c4d08f0b3a8b4e1b1840","B-spline vs Gamma-noise","bspline_B","gamma_noise",0.377470266137872,0.496072501493128,-0.118602235355255,"bspline_B"
5,1005,"cb7e05dbf4c135d548daa37faf8888a1","B-spline vs Gamma-noise","bspline_B","gamma_noise",0.943568699163366,0.514551022497726,0.42901767666564,"gamma_noise"
6,1006,"83a6fae95545d773b4ac09416fd8a73d","B-spline vs Gamma-noise","bspline_B","gamma_noise",0.575684318482322,0.519767496432994,0.0559168220493286,"gamma_noise"
7,1007,"c23f10d0daa427c993e4ece1079ed751","B-spline vs Gamma-noise","bspline_B","gamma_noise",0.532844022678182,0.559375472434996,-0.026531449756814,"bspline_B"
8,1008,"a0af209d0cf0d730b8b3834e0360ae95","B-spline vs Gamma-noise","bspline_B","gamma_noise",0.803356065330406,0.461882583732733,0.341473481597673,"gamma_noise"
9,1009,"51101219b554b4802624e043f09d6160","B-spline vs Gamma-noise","bspline_B","gamma_noise",0.410432245673638,0.445147297377621,-0.0347150517039829,"bspline_B"
10,1010,"3658851b68a2ae24c2e8e9838200e49c","B-spline vs Gamma-noise","bspline_B","gamma_noise",0.614896180492321,0.572252608916469,0.0426435715758519,"gamma_noise"
11,1011,"b0091463d341b4712ff6e9dd82a58abf","B-spline vs Gamma-noise","bspline_B","gamma_noise",0.527873398540538,0.531107682729061,-0.00323428418852323,"bspline_B"
12,1012,"05f564b562cd69afde749fbba393d734","B-spline vs Gamma-noise","bspline_B","gamma_noise",0.802785646624955,0.713599287832235,0.0891863587927206,"gamma_noise"
13,1013,"628dd9f33d5358ee7d358fcbbb9e1ec7","B-spline vs Gamma-noise","bspline_B","gamma_noise",0.902287179202874,0.559603876465535,0.34268330273734,"gamma_noise"
14,1014,"3ee86b29e7e61ffc7287cc8f5b47aeca","B-spline vs Gamma-noise","bspline_B","gamma_noise",0.540086887563978,0.512179323067783,0.027907564496195,"gamma_noise"
15,1015,"ae056eafb87645cec401ccb46346269b","B-spline vs Gamma-noise","bspline_B","gamma_noise",0.395823426903595,0.450145708580383,-0.0543222816767874,"bspline_B"
16,1016,"a714e996eac59ec21285ac81b9fb5223","B-spline vs Gamma-noise","bspline_B","gamma_noise",0.647313174288445,0.467000738955445,0.180312435333001,"gamma_noise"
17,1017,"c1dff99001cdd2a71a8c5de229779c6a","B-spline vs Gamma-noise","bspline_B","gamma_noise",0.593069429034953,0.575456359184263,0.0176130698506903,"gamma_noise"
18,1018,"b6d242ccc65d51d758e56f6a2b2246d6","B-spline vs Gamma-noise","bspline_B","gamma_noise",0.805838146275775,0.508591214698462,0.297246931577314,"gamma_noise"
19,1019,"13d489a8a65aa7a169791da7e2e871a6","B-spline vs Gamma-noise","bspline_B","gamma_noise",1.18668576905795,0.578880075330336,0.607805693727612,"gamma_noise"
20,1020,"714f6bb12c5d63009433470452ca002b","B-spline vs Gamma-noise","bspline_B","gamma_noise",0.423893296139387,0.438362316242723,-0.0144690201033353,"bspline_B"
21,1021,"c46a7b2a22c4a8bed8a3c2537dbc0243","B-spline vs Gamma-noise","bspline_B","gamma_noise",0.698622608980585,0.450169216292898,0.248453392687687,"gamma_noise"
22,1022,"37fb1b826b530c406841fb3dc0dd2a19","B-spline vs Gamma-noise","bspline_B","gamma_noise",0.808658513506233,0.345185481779092,0.463473031727141,"gamma_noise"
23,1023,"5391b651cef3ef3752fc04bfb4f6d8ab","B-spline vs Gamma-noise","bspline_B","gamma_noise",0.994734571212209,0.526512309443645,0.468222261768564,"gamma_noise"
24,1024,"f17101a77a91a5858651ca092461a15e","B-spline vs Gamma-noise","bspline_B","gamma_noise",0.463169037053852,0.400173492260042,0.0629955447938101,"gamma_noise"
25,1025,"5bffd9597ff51651a7b3c018b0060e43","B-spline vs Gamma-noise","bspline_B","gamma_noise",1.09412938058843,0.472594656520946,0.621534724067484,"gamma_noise"
26,1026,"7d638818fac5c183766d7bd337251990","B-spline vs Gamma-noise","bspline_B","gamma_noise",0.903764583025082,0.368116812292973,0.535647770732109,"gamma_noise"
27,1027,"febf6d542123ef85142ab3d7c88fd4f9","B-spline vs Gamma-noise","bspline_B","gamma_noise",0.441940607754528,0.372908239264794,0.0690323684897339,"gamma_noise"
28,1028,"fa30cb31cb12a8463966a31a9ac1f66d","B-spline vs Gamma-noise","bspline_B","gamma_noise",0.69695685659172,0.542247112266858,0.154709744324862,"gamma_noise"
29,1029,"f88e4728f80479179227d46e3ae73be8","B-spline vs Gamma-noise","bspline_B","gamma_noise",0.643267244101745,0.689606278498476,-0.0463390343967307,"bspline_B"
30,1030,"6d8fcd9da06daac4afecfcdf2af73043","B-spline vs Gamma-noise","bspline_B","gamma_noise",0.570459404836486,0.548576377123615,0.0218830277128713,"gamma_noise"
31,1031,"1f4f623a1599fc68865ccca5c8e38092","B-spline vs Gamma-noise","bspline_B","gamma_noise",1.25541453737699,0.92799231537013,0.32742222200686,"gamma_noise"
32,1032,"8b18f38744449f8e8c5016a5c62a9db0","B-spline vs Gamma-noise","bspline_B","gamma_noise",0.551112252516813,0.456239997921697,0.0948722545951163,"gamma_noise"
33,1033,"1c656b251cec47b7f90e7590d6f84c85","B-spline vs Gamma-noise","bspline_B","gamma_noise",0.477024672572168,0.532609763804385,-0.0555850912322163,"bspline_B"
34,1034,"6295649cce30d443915163e1f486574c","B-spline vs Gamma-noise","bspline_B","gamma_noise",0.598283753521417,0.337594347546079,0.260689405975338,"gamma_noise"
35,1035,"05c8b3ee0cc2e85807ddffab0af38be8","B-spline vs Gamma-noise","bspline_B","gamma_noise",0.64680874585433,0.530794423084917,0.116014322769413,"gamma_noise"
36,1036,"12e163742e3ae8e7eef3194a703ebcdb","B-spline vs Gamma-noise","bspline_B","gamma_noise",0.44746881222564,0.457534498414689,-0.0100656861890486,"bspline_B"
37,1037,"129fa3be8b0ee7a384bf1d0e5525258e","B-spline vs Gamma-noise","bspline_B","gamma_noise",1.13501526765217,0.77198847617052,0.363026791481654,"gamma_noise"
38,1038,"2cb84ae4bd553be0419d1e71639da95a","B-spline vs Gamma-noise","bspline_B","gamma_noise",0.852270175637901,0.773180864393045,0.0790893112448555,"gamma_noise"
39,1039,"42f80019227937c2a1292d80471ad885","B-spline vs Gamma-noise","bspline_B","gamma_noise",0.499040838590139,0.507935276561891,-0.00889443797175199,"bspline_B"
40,1040,"ab1d08dee64fd498a66e009327aa8634","B-spline vs Gamma-noise","bspline_B","gamma_noise",0.498925133082067,0.380295892849335,0.118629240232732,"gamma_noise"
41,1041,"287dedf1d0604d7339bf2699355ae974","B-spline vs Gamma-noise","bspline_B","gamma_noise",0.584314529362966,0.726276925450352,-0.141962396087385,"bspline_B"
42,1042,"a0f4bf165f246f2d852e7cb15677c6d0","B-spline vs Gamma-noise","bspline_B","gamma_noise",0.587534620577002,0.510653016716722,0.0768816038602804,"gamma_noise"
43,1043,"98bd9bf2f837f4d00af88dbb60b77b5c","B-spline vs Gamma-noise","bspline_B","gamma_noise",0.4676631171082,0.518002605843501,-0.0503394887353008,"bspline_B"
44,1044,"7fc16f6007b4caa0fad7b388de798f61","B-spline vs Gamma-noise","bspline_B","gamma_noise",0.418663355283318,0.392295354996593,0.0263680002867251,"gamma_noise"
45,1045,"ea38700766ed00739f841a67050a1f0f","B-spline vs Gamma-noise","bspline_B","gamma_noise",0.493274007962229,0.450760214299376,0.0425137936628526,"gamma_noise"
46,1046,"9df354b439dcb34c0723dc7a22427817","B-spline vs Gamma-noise","bspline_B","gamma_noise",0.39695603827873,0.535747139219747,-0.138791100941017,"bspline_B"
47,1047,"a27592b2dc2d1f22ae7b3b7d52d6c6e8","B-spline vs Gamma-noise","bspline_B","gamma_noise",0.680982589143804,0.459466055825722,0.221516533318083,"gamma_noise"
48,1048,"e149dfe63fefba3d9450d8ebe55e2be8","B-spline vs Gamma-noise","bspline_B","gamma_noise",1.01994991405395,0.396536693273822,0.623413220780133,"gamma_noise"
49,1049,"c24fd9ec2467b6f39b42b31426dcbff7","B-spline vs Gamma-noise","bspline_B","gamma_noise",1.12355821425062,0.61935917386779,0.504199040382834,"gamma_noise"
50,1050,"7dc1a3b5ba09f2ddcb65bf5b7422a9ed","B-spline vs Gamma-noise","bspline_B","gamma_noise",0.598691867441063,0.551514077232048,0.0471777902090147,"gamma_noise"
51,1051,"900920f25b406cb0530e847b193e6c9b","B-spline vs Gamma-noise","bspline_B","gamma_noise",0.456968951118989,0.408447571620159,0.0485213794988303,"gamma_noise"
52,1052,"94c869cc26cd44cd9de1033132a41b1b","B-spline vs Gamma-noise","bspline_B","gamma_noise",0.934065379794343,0.668504255737662,0.26556112405668,"gamma_noise"
53,1053,"21c503be1bfd17d135902892b999365f","B-spline vs Gamma-noise","bspline_B","gamma_noise",0.560760437878125,0.549722086181775,0.01103835169635,"gamma_noise"
54,1054,"bb6ab35a8708f3f23940941298b79dbc","B-spline vs Gamma-noise","bspline_B","gamma_noise",0.859239187258794,0.505762481352082,0.353476705906712,"gamma_noise"
55,1055,"7481513b9e19d7a30b033ad1490d6f16","B-spline vs Gamma-noise","bspline_B","gamma_noise",0.678345437036855,0.574529486798016,0.10381595023884,"gamma_noise"
56,1056,"08c1962e5f9bd4d5168d1afa7314d508","B-spline vs Gamma-noise","bspline_B","gamma_noise",1.07155308439986,0.432124146620329,0.63942893777953,"gamma_noise"
57,1057,"0fa2ff4b3c51077ca4a85e846724b31e","B-spline vs Gamma-noise","bspline_B","gamma_noise",0.966397048794122,0.739361100138308,0.227035948655814,"gamma_noise"
58,1058,"fb197f5caf6d73b93cf36910dcf5bd62","B-spline vs Gamma-noise","bspline_B","gamma_noise",0.699951719480707,0.640920982486359,0.0590307369943479,"gamma_noise"
59,1059,"85c4aca3511ef3a6574f147464f1b8a6","B-spline vs Gamma-noise","bspline_B","gamma_noise",0.421675792575632,0.442633356339491,-0.020957563763859,"bspline_B"
60,1060,"0f9b10d21fc1c74a53d447b4ab6c4a76","B-spline vs Gamma-noise","bspline_B","gamma_noise",0.416064634981106,0.489931522695275,-0.073866887714169,"bspline_B"
61,1061,"ef64f00e9a05074fb3305ee8fb186803","B-spline vs Gamma-noise","bspline_B","gamma_noise",0.430863393950449,0.4536693173471,-0.0228059233966506,"bspline_B"
62,1062,"a04acf843bb2ea72629f7c891c0bc0d1","B-spline vs Gamma-noise","bspline_B","gamma_noise",0.655904687739719,0.464524088546385,0.191380599193334,"gamma_noise"
63,1063,"0b8692e4c4282eea08c84c3a7521bdca","B-spline vs Gamma-noise","bspline_B","gamma_noise",0.691519574632626,0.351543249970901,0.339976324661725,"gamma_noise"
64,1064,"65224e6e0078d6ba21ee5d2bd4a6c743","B-spline vs Gamma-noise","bspline_B","gamma_noise",0.606118435609415,0.456589586717898,0.149528848891518,"gamma_noise"
65,1065,"d23c93587fac0bd4c1fffe812bf746e2","B-spline vs Gamma-noise","bspline_B","gamma_noise",0.910485932401506,0.412647553143853,0.497838379257654,"gamma_noise"
66,1066,"b503c7aa16489912e1de4bcf79bdc277","B-spline vs Gamma-noise","bspline_B","gamma_noise",0.629262537514711,0.465511144792515,0.163751392722196,"gamma_noise"
67,1067,"a64edf122ea9288d9cc5843d572b4219","B-spline vs Gamma-noise","bspline_B","gamma_noise",1.10253755594846,0.410016583928588,0.692520972019873,"gamma_noise"
68,1068,"e2dc17973047d198b1f70625999d7313","B-spline vs Gamma-noise","bspline_B","gamma_noise",1.06652893536034,0.4877177363771,0.578811198983237,"gamma_noise"
69,1069,"8e4ff1513256eaffe3731b1dbc82ec29","B-spline vs Gamma-noise","bspline_B","gamma_noise",0.993899796535159,0.927286532968628,0.0666132635665316,"gamma_noise"
70,1070,"3f39c2020f727aeaa01ef9ba099939bb","B-spline vs Gamma-noise","bspline_B","gamma_noise",0.491844541463838,0.454288168943962,0.0375563725198758,"gamma_noise"
71,1071,"f8a2941f2630be877dd64b0b25a3e9dd","B-spline vs Gamma-noise","bspline_B","gamma_noise",0.35568659186861,0.392665645302321,-0.0369790534337113,"bspline_B"
72,1072,"4ef60d1f950055935545ba4d8849c6a4","B-spline vs Gamma-noise","bspline_B","gamma_noise",1.10275027374844,0.446868236033895,0.655882037714542,"gamma_noise"
73,1073,"23ed6d0e534e19ffc952e0a9519e96fd","B-spline vs Gamma-noise","bspline_B","gamma_noise",0.571586346441638,0.363548263454072,0.208038082987566,"gamma_noise"
74,1074,"44fe946085f2400c80cee533d6231e9a","B-spline vs Gamma-noise","bspline_B","gamma_noise",0.519754602031797,0.461164759035353,0.0585898429964433,"gamma_noise"
75,1075,"0d820f5ccbfe13549eea216ee2513074","B-spline vs Gamma-noise","bspline_B","gamma_noise",0.661649976097585,0.524447811116842,0.137202164980743,"gamma_noise"
76,1076,"91d5e8bc67046e3d44e7a47924bb3404","B-spline vs Gamma-noise","bspline_B","gamma_noise",0.452881459999999,0.499901478726225,-0.0470200187262261,"bspline_B"
77,1077,"4fe16663f3cfd5b374d35dd29d9cdca8","B-spline vs Gamma-noise","bspline_B","gamma_noise",0.708880667440836,0.352344929384121,0.356535738056715,"gamma_noise"
78,1078,"83a908c8ed5455b6c9ef246884162afc","B-spline vs Gamma-noise","bspline_B","gamma_noise",0.64661349825859,0.606629590697523,0.039983907561067,"gamma_noise"
79,1079,"022bd08caeebfca4473b74c3678f71c2","B-spline vs Gamma-noise","bspline_B","gamma_noise",0.490497770555684,0.456319497206897,0.0341782733487866,"gamma_noise"
80,1080,"0bfd2bd8ee2ddc3923c9cef719215e45","B-spline vs Gamma-noise","bspline_B","gamma_noise",0.834195181933211,0.479235053224172,0.354960128709039,"gamma_noise"
81,1081,"b3ce4c9c57f114ee806b5ede899e654c","B-spline vs Gamma-noise","bspline_B","gamma_noise",1.0570552667052,0.482414496665058,0.574640770040137,"gamma_noise"
82,1082,"345f145ce6e49d5527737547b7d7bcc9","B-spline vs Gamma-noise","bspline_B","gamma_noise",1.1524719364367,0.579491368390534,0.572980568046163,"gamma_noise"
83,1083,"5cd6b677ff91eaefd7913f277989cb3a","B-spline vs Gamma-noise","bspline_B","gamma_noise",1.20042047698353,0.716591715072683,0.483828761910843,"gamma_noise"
84,1084,"ec4eb27a1b0dc4aef15289699a23db33","B-spline vs Gamma-noise","bspline_B","gamma_noise",0.737390217838128,0.551834702427251,0.185555515410878,"gamma_noise"
85,1085,"f306053231f91c40dca3c621e8419b61","B-spline vs Gamma-noise","bspline_B","gamma_noise",0.437283676434143,0.367370209648651,0.0699134667854922,"gamma_noise"
86,1086,"e89799bf4fcfc5e7d882e1a15e433b0c","B-spline vs Gamma-noise","bspline_B","gamma_noise",1.24290563780906,0.770765383948146,0.472140253860917,"gamma_noise"
87,1087,"83d5cd04167b4c25b941369e1cd89c12","B-spline vs Gamma-noise","bspline_B","gamma_noise",0.593960910330771,0.594870499575694,-0.000909589244922793,"bspline_B"
88,1088,"e68e6eddaef14b8f6833f1889cb09727","B-spline vs Gamma-noise","bspline_B","gamma_noise",0.36904340390774,0.373187175085197,-0.00414377117745657,"bspline_B"
89,1089,"aa9cc98baf1a333684a7dcc3407aadc4","B-spline vs Gamma-noise","bspline_B","gamma_noise",0.720995116085711,0.452784527052673,0.268210589033038,"gamma_noise"
90,1090,"3b62c1a3abbc8f8d77b3f0094d799c08","B-spline vs Gamma-noise","bspline_B","gamma_noise",1.06186625391811,0.520302200051217,0.541564053866897,"gamma_noise"
91,1091,"ffb0df50d948dd9dad8db95b89578130","B-spline vs Gamma-noise","bspline_B","gamma_noise",0.798057871943272,0.377374560802797,0.420683311140476,"gamma_noise"
92,1092,"42c5e41b64f024125d08f483c49d5109","B-spline vs Gamma-noise","bspline_B","gamma_noise",0.627682498545771,0.656231839721197,-0.0285493411754253,"bspline_B"
93,1093,"7866b869b011f99e5a6d626fd2b53319","B-spline vs Gamma-noise","bspline_B","gamma_noise",0.472860853189268,0.361744889546328,0.11111596364294,"gamma_noise"
94,1094,"cb6e4431d9ef11ffbb0c3c60fc93a658","B-spline vs Gamma-noise","bspline_B","gamma_noise",0.419684074557776,0.62332769089781,-0.203643616340033,"bspline_B"
95,1095,"e2c94ae6df04e9da8177ab346fbd245e","B-spline vs Gamma-noise","bspline_B","gamma_noise",0.430685139288985,0.363230204900703,0.0674549343882819,"gamma_noise"
96,1096,"dce19abeba3755021094f84a48b227a7","B-spline vs Gamma-noise","bspline_B","gamma_noise",0.907242710847673,0.488272452989507,0.418970257858165,"gamma_noise"
97,1097,"5f10705eaab893b924c7745af7cbddc2","B-spline vs Gamma-noise","bspline_B","gamma_noise",0.910715816964607,0.508762756782977,0.401953060181631,"gamma_noise"
98,1098,"a0c73b07405f66c422d099e5a3c08c54","B-spline vs Gamma-noise","bspline_B","gamma_noise",0.811476513369149,0.611449432938691,0.200027080430458,"gamma_noise"
99,1099,"9d985583339f37fbacb7140d4222662d","B-spline vs Gamma-noise","bspline_B","gamma_noise",0.578828190577423,0.589273321331284,-0.0104451307538609,"bspline_B"
100,1100,"8ea86fffc296b32f99e63ed723d89d90","B-spline vs Gamma-noise","bspline_B","gamma_noise",0.824721404208282,0.721428048618179,0.103293355590103,"gamma_noise"
101,1101,"51fea122ace66c28fcf6227076a2210d","B-spline vs Gamma-noise","bspline_B","gamma_noise",0.831204740979915,0.44806790166156,0.383136839318355,"gamma_noise"
102,1102,"87466aaae46506b8e351c34782985403","B-spline vs Gamma-noise","bspline_B","gamma_noise",0.732845753833362,0.707161522682363,0.0256842311509988,"gamma_noise"
103,1103,"e898b26388bd31312b334e141687631d","B-spline vs Gamma-noise","bspline_B","gamma_noise",0.976977547278985,0.475285403500422,0.501692143778563,"gamma_noise"
104,1104,"f7b481c3a4568173c9a99c1b4d8c5521","B-spline vs Gamma-noise","bspline_B","gamma_noise",0.765908246037966,0.488562845955778,0.277345400082188,"gamma_noise"
105,1105,"fda815e14a2797f663c51a8c3fc66eeb","B-spline vs Gamma-noise","bspline_B","gamma_noise",1.13036478947797,0.644451429038588,0.485913360439379,"gamma_noise"
106,1106,"2ace1767dd5349b12ef5f3a5bd831ab8","B-spline vs Gamma-noise","bspline_B","gamma_noise",0.677515627359415,0.627539110790274,0.0499765165691416,"gamma_noise"
107,1107,"d3c22607503e5f474a3f5ebe80ebdf3d","B-spline vs Gamma-noise","bspline_B","gamma_noise",0.506882744650548,0.430564759901849,0.0763179847486983,"gamma_noise"
108,1108,"68aa1cfbcec0e4ea336983e4d1e49773","B-spline vs Gamma-noise","bspline_B","gamma_noise",0.535061994291505,0.667969792435911,-0.132907798144406,"bspline_B"
109,1109,"64378d1cf8147aa375c77012a1f6217d","B-spline vs Gamma-noise","bspline_B","gamma_noise",0.733210171814312,0.408324981668007,0.324885190146306,"gamma_noise"
110,1110,"4c9bdb3191d72e532b9af0440b61821e","B-spline vs Gamma-noise","bspline_B","gamma_noise",1.13931003862644,0.625236848162405,0.514073190464036,"gamma_noise"
111,1111,"90bc4d41e3adeb7ca6a265e34199593d","B-spline vs Gamma-noise","bspline_B","gamma_noise",1.2374793021291,0.619129624570802,0.6183496775583,"gamma_noise"
112,1112,"2de6dbe92e20217bcb1faa713be3c7e9","B-spline vs Gamma-noise","bspline_B","gamma_noise",1.18375452291831,0.793606796821347,0.390147726096964,"gamma_noise"
113,1113,"62d44f5b5cf3a1a10474477b2836ac7c","B-spline vs Gamma-noise","bspline_B","gamma_noise",0.651021190809421,0.381627388361575,0.269393802447845,"gamma_noise"
114,1114,"e8aa5c36f38132f5ccc9683b131a520e","B-spline vs Gamma-noise","bspline_B","gamma_noise",0.537947149948664,0.396998386673689,0.140948763274975,"gamma_noise"
115,1115,"527c2542099f691a2a03e60fc5521e3b","B-spline vs Gamma-noise","bspline_B","gamma_noise",0.537890318199466,0.502389396166007,0.0355009220334586,"gamma_noise"
116,1116,"493ff3d28fe2680d1b7fc1f343262be6","B-spline vs Gamma-noise","bspline_B","gamma_noise",0.614769573990193,0.607066767495006,0.00770280649518762,"gamma_noise"
117,1117,"64dffb15867fda5ef262e2caf0e46bbf","B-spline vs Gamma-noise","bspline_B","gamma_noise",1.06324528246622,0.559857915496754,0.50338736696947,"gamma_noise"
118,1118,"4fe04592b1bd1b0073226474bda79a17","B-spline vs Gamma-noise","bspline_B","gamma_noise",0.84722101341627,0.428813916871066,0.418407096545204,"gamma_noise"
119,1119,"53a63bcc974e882529742ef97a8b74d5","B-spline vs Gamma-noise","bspline_B","gamma_noise",0.498257877764553,0.417102151370769,0.0811557263937842,"gamma_noise"
120,1120,"4d64fbb86d0c71298cfafd74891b1601","B-spline vs Gamma-noise","bspline_B","gamma_noise",0.578606927669008,0.524834812524678,0.0537721151443301,"gamma_noise"
121,1121,"fc119966f9fa86c9beb582f612bc73ec","B-spline vs Gamma-noise","bspline_B","gamma_noise",0.498143733139809,0.45316369317678,0.0449800399630296,"gamma_noise"
122,1122,"2de2afe17b444c1be6ab135102d2e749","B-spline vs Gamma-noise","bspline_B","gamma_noise",1.12196456042378,0.448908150899269,0.673056409524509,"gamma_noise"
123,1123,"8b49cbb9e926a62a502c208b4a74393a","B-spline vs Gamma-noise","bspline_B","gamma_noise",1.18497771862611,0.80563430593084,0.379343412695268,"gamma_noise"
124,1124,"fee16d34d4badef781de40b823c932b3","B-spline vs Gamma-noise","bspline_B","gamma_noise",1.10135011870872,0.468727363038151,0.632622755670568,"gamma_noise"
125,1125,"49b1406d1f09cf7ccfb97517eb1d686b","B-spline vs Gamma-noise","bspline_B","gamma_noise",0.737714727160984,0.710774754277251,0.0269399728837333,"gamma_noise"
126,1126,"89c12c0c7af03e2dcd492d20daed2fb8","B-spline vs Gamma-noise","bspline_B","gamma_noise",0.666984674507534,0.480633782315243,0.186350892192291,"gamma_noise"
127,1127,"d6cf87e625366c1649bd82f3bda75a50","B-spline vs Gamma-noise","bspline_B","gamma_noise",0.723570985507802,0.607471941240681,0.116099044267121,"gamma_noise"
128,1128,"e7c98f0c8ff03fc89b23b860ab6e055c","B-spline vs Gamma-noise","bspline_B","gamma_noise",0.659370368872161,0.621057234409449,0.038313134462712,"gamma_noise"
129,1129,"89bab4fa545504e51f4b5b765fa2b9ae","B-spline vs Gamma-noise","bspline_B","gamma_noise",0.782729075001657,0.506017228040248,0.276711846961409,"gamma_noise"
130,1130,"bf14545e60a11dc820244df794a9bbde","B-spline vs Gamma-noise","bspline_B","gamma_noise",0.858713546451346,0.84443495532812,0.0142785911232267,"gamma_noise"
131,1131,"f9b4bd3734443873f1d31c98484de516","B-spline vs Gamma-noise","bspline_B","gamma_noise",1.01574139987433,0.389199948909513,0.626541450964818,"gamma_noise"
132,1132,"b571595faf7cf9bf9fb646335e089636","B-spline vs Gamma-noise","bspline_B","gamma_noise",1.13329635708622,0.94751767044351,0.185778686642714,"gamma_noise"
133,1133,"0a62c14ca9858effb08a88d2cabe1673","B-spline vs Gamma-noise","bspline_B","gamma_noise",0.631215193806784,0.637042042824948,-0.00582684901816422,"bspline_B"
134,1134,"6cdb8dae15bac319b768e307416ee6b2","B-spline vs Gamma-noise","bspline_B","gamma_noise",1.02887879071969,0.41697274310348,0.611906047616211,"gamma_noise"
135,1135,"f5fbe5bac9e630e09a5f83fdcd75b932","B-spline vs Gamma-noise","bspline_B","gamma_noise",0.362175156537963,0.494938936367508,-0.132763779829545,"bspline_B"
136,1136,"75dc159ba49385507004b04106ac29e8","B-spline vs Gamma-noise","bspline_B","gamma_noise",0.6443917215764,0.520666189411406,0.123725532164993,"gamma_noise"
137,1137,"25af99e573ba8708856ba71f5d31801d","B-spline vs Gamma-noise","bspline_B","gamma_noise",0.655820871327864,0.444530956414592,0.211289914913272,"gamma_noise"
138,1138,"24ce0d2a3efbc542f5ad5931cbdb79aa","B-spline vs Gamma-noise","bspline_B","gamma_noise",0.986235422818853,0.438028118589012,0.548207304229841,"gamma_noise"
139,1139,"392c573a8d8baf810091dbff34258106","B-spline vs Gamma-noise","bspline_B","gamma_noise",0.609848758992262,0.347620620901397,0.262228138090865,"gamma_noise"
140,1140,"9af7f4bb9f26f77c38c192936cf0be33","B-spline vs Gamma-noise","bspline_B","gamma_noise",0.453449437314983,0.323706456514965,0.129742980800018,"gamma_noise"
141,1141,"bd55561900b24ec7c3c7ac64a514ac02","B-spline vs Gamma-noise","bspline_B","gamma_noise",0.446033303017211,0.546003602016252,-0.0999702989990405,"bspline_B"
142,1142,"d1a06c9101d2c0ee727ae600038327ba","B-spline vs Gamma-noise","bspline_B","gamma_noise",1.13925428353087,0.468803207062816,0.670451076468058,"gamma_noise"
143,1143,"5e8bbd223a147392f54cce5f77c7b52e","B-spline vs Gamma-noise","bspline_B","gamma_noise",0.455778287755694,0.419707444607168,0.0360708431485252,"gamma_noise"
144,1144,"a7c2af9704a9238a0ba07d099939a75d","B-spline vs Gamma-noise","bspline_B","gamma_noise",0.557261709983502,0.468190607889059,0.0890711020944431,"gamma_noise"
145,1145,"2db60151e6a71b77be25757b07f7d413","B-spline vs Gamma-noise","bspline_B","gamma_noise",1.08616114339162,0.518343677365828,0.567817466025797,"gamma_noise"
146,1146,"11b683568a8c7109187e0d518ad44753","B-spline vs Gamma-noise","bspline_B","gamma_noise",0.946338437142549,0.572859490709863,0.373478946432686,"gamma_noise"
147,1147,"39e27a57bdf2c1c57e6c23b743348818","B-spline vs Gamma-noise","bspline_B","gamma_noise",0.510383124439662,0.407710988715582,0.10267213572408,"gamma_noise"
148,1148,"08f76d2a0f0fd7c0c65c77a4e3db66f5","B-spline vs Gamma-noise","bspline_B","gamma_noise",0.804623852080883,0.628212145212537,0.176411706868346,"gamma_noise"
149,1149,"73fb1389d38e28b1daab2d44d648d7dc","B-spline vs Gamma-noise","bspline_B","gamma_noise",1.27122783029159,0.731181820968916,0.540046009322679,"gamma_noise"
150,1150,"4538cec1dfd416909e103d8882091c24","B-spline vs Gamma-noise","bspline_B","gamma_noise",0.522152202589962,0.487322561868697,0.0348296407212646,"gamma_noise"
151,1151,"c30a72bbd9994edc5a6a1c2aed4242b1","B-spline vs Gamma-noise","bspline_B","gamma_noise",0.59495799155972,0.559732580935938,0.0352254106237825,"gamma_noise"
152,1152,"6a9c86481f4a2482e1b37d74f117071e","B-spline vs Gamma-noise","bspline_B","gamma_noise",1.12741940049558,0.480926411211484,0.646492989284101,"gamma_noise"
153,1153,"442e0ebc852ae02e3200593355a37960","B-spline vs Gamma-noise","bspline_B","gamma_noise",1.06253887862466,0.461754246877653,0.600784631747005,"gamma_noise"
154,1154,"64361962d8cd28975836ca41ffba829e","B-spline vs Gamma-noise","bspline_B","gamma_noise",0.445981377698518,0.536848761255519,-0.0908673835570004,"bspline_B"
155,1155,"af7b6609489cc20efa3782fad07fa0d9","B-spline vs Gamma-noise","bspline_B","gamma_noise",0.705005170681012,0.516806565392516,0.188198605288497,"gamma_noise"
156,1156,"9d0dfa99ebb269242e3d64e8a5fe517c","B-spline vs Gamma-noise","bspline_B","gamma_noise",0.632515072053506,0.569416447864256,0.0630986241892499,"gamma_noise"
157,1157,"66c6e6745a642b2c128f396464ab9c36","B-spline vs Gamma-noise","bspline_B","gamma_noise",0.485860205616512,0.458198446744202,0.0276617588723103,"gamma_noise"
158,1158,"8f8136ef754c0743bae4dd275c47bf9b","B-spline vs Gamma-noise","bspline_B","gamma_noise",0.603032641475707,0.57996050029471,0.0230721411809965,"gamma_noise"
159,1159,"6eeed27f9e2c16bae4fa14c32548d476","B-spline vs Gamma-noise","bspline_B","gamma_noise",0.536173327460827,0.435172624264362,0.101000703196465,"gamma_noise"
160,1160,"6fc5bd4defacec08d522e9606a883766","B-spline vs Gamma-noise","bspline_B","gamma_noise",0.54678892541381,0.385157843987921,0.161631081425889,"gamma_noise"
161,1161,"a357237d620a342d728f96dc8aac5757","B-spline vs Gamma-noise","bspline_B","gamma_noise",0.394426986693377,0.340976874806656,0.0534501118867214,"gamma_noise"
162,1162,"4cc160a48b020eb4685997894bf01baf","B-spline vs Gamma-noise","bspline_B","gamma_noise",0.470930716994085,0.424208392440741,0.0467223245533435,"gamma_noise"
163,1163,"e67c4eaea4e2842baa2a758c4beb2e82","B-spline vs Gamma-noise","bspline_B","gamma_noise",0.874400069720481,0.459170055050284,0.415230014670196,"gamma_noise"
164,1164,"d690f07a51a75e813d73e446e77eb394","B-spline vs Gamma-noise","bspline_B","gamma_noise",0.580207279510347,0.442706660261599,0.137500619248748,"gamma_noise"
165,1165,"50366235ff21bfd0a4d01f895b905c92","B-spline vs Gamma-noise","bspline_B","gamma_noise",0.457053700143238,0.533184356040189,-0.0761306558969516,"bspline_B"
166,1166,"495d59eeef0b219751064d03c686254d","B-spline vs Gamma-noise","bspline_B","gamma_noise",0.596210454205871,0.514058360112594,0.082152094093277,"gamma_noise"
167,1167,"b8bc66b5036c4f6bd977937ad6e2a29d","B-spline vs Gamma-noise","bspline_B","gamma_noise",0.983240029539125,0.422862491900998,0.560377537638127,"gamma_noise"
168,1168,"d65d84681677642681932395599566ad","B-spline vs Gamma-noise","bspline_B","gamma_noise",0.564557401947894,0.527031991309679,0.0375254106382154,"gamma_noise"
169,1169,"4b517b06b20afe2ab6f16f327d16edef","B-spline vs Gamma-noise","bspline_B","gamma_noise",0.863036114930434,0.672790433886266,0.190245681044168,"gamma_noise"
170,1170,"f32af8f5828cad3f276263ef3b9502fb","B-spline vs Gamma-noise","bspline_B","gamma_noise",0.766310320728194,0.739267381172056,0.0270429395561385,"gamma_noise"
171,1171,"2ec9a3cf6058379814f756d7b9f93ea9","B-spline vs Gamma-noise","bspline_B","gamma_noise",1.03936244475779,0.568825794103492,0.470536650654295,"gamma_noise"
172,1172,"68d41d2891a14e960534c955889a715f","B-spline vs Gamma-noise","bspline_B","gamma_noise",1.06021493236102,0.56259135352071,0.497623578840311,"gamma_noise"
173,1173,"b998c1e8401789afff3d7d34e1be5997","B-spline vs Gamma-noise","bspline_B","gamma_noise",0.479876784206109,0.406691871530647,0.0731849126754623,"gamma_noise"
174,1174,"7a6ced56beec68835d7a03f46b6af6e8","B-spline vs Gamma-noise","bspline_B","gamma_noise",0.423413326635608,0.519754633029555,-0.0963413063939467,"bspline_B"
175,1175,"2744bfdd13475fbe6815e8986de922fa","B-spline vs Gamma-noise","bspline_B","gamma_noise",0.493616822553128,0.538445144955389,-0.0448283224022606,"bspline_B"
176,1176,"c141df7878a0d44e38a58170b4492543","B-spline vs Gamma-noise","bspline_B","gamma_noise",0.442573263696639,0.476725675870819,-0.0341524121741801,"bspline_B"
177,1177,"c17f97d975a2e6794ea31e8367d83e40","B-spline vs Gamma-noise","bspline_B","gamma_noise",1.20438265548033,0.56372785531004,0.640654800170293,"gamma_noise"
178,1178,"4f3cc0d975b486260ecd02e9ed831df5","B-spline vs Gamma-noise","bspline_B","gamma_noise",0.480268212164484,0.438357942118132,0.0419102700463515,"gamma_noise"
179,1179,"6d4a044da028c76d3fafc003136384eb","B-spline vs Gamma-noise","bspline_B","gamma_noise",0.680168591672726,0.419808036921736,0.26036055475099,"gamma_noise"
180,1180,"ff3b24bb3a95e7b5178276b17e2c0dad","B-spline vs Gamma-noise","bspline_B","gamma_noise",0.391016667869622,0.429044416714555,-0.0380277488449328,"bspline_B"
181,1181,"80dfab2294dc854a8695d1c1ce6265d9","B-spline vs Gamma-noise","bspline_B","gamma_noise",0.469870954938521,0.439128197328613,0.0307427576099079,"gamma_noise"
182,1182,"941f9c48ec56eb19b25786187b006f10","B-spline vs Gamma-noise","bspline_B","gamma_noise",0.551831574275006,0.42412318226208,0.127708392012926,"gamma_noise"
183,1183,"2dc5d7e9b3e15c740d490d788211573a","B-spline vs Gamma-noise","bspline_B","gamma_noise",1.05695164376967,0.651677263756299,0.405274380013366,"gamma_noise"
184,1184,"77c6e00a79e8c3b3df80e1c4b0ff8023","B-spline vs Gamma-noise","bspline_B","gamma_noise",0.599736999797968,0.474734905560807,0.125002094237161,"gamma_noise"
185,1185,"52e3986fb55b179cf59e4540a86a982d","B-spline vs Gamma-noise","bspline_B","gamma_noise",0.640168216288703,0.62271648970575,0.0174517265829527,"gamma_noise"
186,1186,"ccc0636a72fb6ba022578cc100c8cb7c","B-spline vs Gamma-noise","bspline_B","gamma_noise",0.716941596778434,0.434228959297276,0.282712637481158,"gamma_noise"
187,1187,"7409506000aab5f15ec58cc3dd3fb72e","B-spline vs Gamma-noise","bspline_B","gamma_noise",0.638762185070821,0.600591177267288,0.0381710078035331,"gamma_noise"
188,1188,"0e1b1e567b5a85241d50f71772de9be1","B-spline vs Gamma-noise","bspline_B","gamma_noise",0.604870313602103,0.5841441336148,0.0207261799873028,"gamma_noise"
189,1189,"02453cd2773e7494e1a4738ba6f3c7a1","B-spline vs Gamma-noise","bspline_B","gamma_noise",1.00124962569005,0.756253658585973,0.24499596710408,"gamma_noise"
190,1190,"e11e338409fdbfff7af641a286a93437","B-spline vs Gamma-noise","bspline_B","gamma_noise",0.439864270784712,0.652633363936952,-0.21276909315224,"bspline_B"
191,1191,"88ccda7d997701880c9d0c636b220b1e","B-spline vs Gamma-noise","bspline_B","gamma_noise",0.65712432628122,0.573352573487696,0.0837717527935238,"gamma_noise"
192,1192,"9a5e00955ca9971800073dd3e4c28ad7","B-spline vs Gamma-noise","bspline_B","gamma_noise",0.499893030125579,0.408171567479269,0.0917214626463099,"gamma_noise"
193,1193,"50b5e6cbc49ffa79634e56edd10b8bf0","B-spline vs Gamma-noise","bspline_B","gamma_noise",0.628128424052912,0.477673683829092,0.15045474022382,"gamma_noise"
194,1194,"1f0b118441ef88f9f7e1c86a5d22c593","B-spline vs Gamma-noise","bspline_B","gamma_noise",0.443047383429618,0.526448486140979,-0.0834011027113618,"bspline_B"
195,1195,"4b29886fa0376b89caa9cc697a80dc98","B-spline vs Gamma-noise","bspline_B","gamma_noise",0.766073883691562,0.43207734784053,0.333996535851033,"gamma_noise"
196,1196,"4a7772e1b5862480e3537a3124e41c07","B-spline vs Gamma-noise","bspline_B","gamma_noise",0.596489515087907,0.645520731184774,-0.0490312160968672,"bspline_B"
197,1197,"80e2caf0dbc5ddb7f96d7faf9fa1bf49","B-spline vs Gamma-noise","bspline_B","gamma_noise",0.482690848373955,0.585608503627279,-0.102917655253324,"bspline_B"
198,1198,"9cf5a39df21d5a234b9a57056ebe1360","B-spline vs Gamma-noise","bspline_B","gamma_noise",0.505048465126192,0.466705597507067,0.0383428676191255,"gamma_noise"
199,1199,"f24eafb51b8268645a90a1a9cbcc2a5c","B-spline vs Gamma-noise","bspline_B","gamma_noise",0.680207327884574,0.33331554854132,0.346891779343255,"gamma_noise"
200,1200,"2276182a83b89b4d2f8bfc96d14895ca","B-spline vs Gamma-noise","bspline_B","gamma_noise",0.372517234265038,0.535000162298481,-0.162482928033443,"bspline_B"
