"model","task_id","run","variable","n_tail_points","slope_per_100_iterations","tail_mean","tail_sd"
"gamma_noise",1,1,"loglik",99,0.0278105792520418,-184.876617448915,0.0974770205350035
"gamma_noise",1,1,"B0",100,0.0126424126898984,4.34186227598639,0.00565809622128867
"gamma_noise",1,1,"sigma_beta",100,0.00237983516669909,0.207026199333918,0.00082339110560506
"gamma_noise",1,2,"loglik",99,-0.007951413013748,-184.864586777695,0.0870717545184068
"gamma_noise",1,2,"B0",100,0.03240001766066,4.34129051237803,0.0151913952926078
"gamma_noise",1,2,"sigma_beta",100,-0.000634155544946849,0.206819061628896,0.000782463832928239
"gamma_noise",1,3,"loglik",99,0.0944180232914209,-184.867762011307,0.103978756910112
"gamma_noise",1,3,"B0",100,0.0048116350475026,4.37681659216261,0.00567945024478835
"gamma_noise",1,3,"sigma_beta",100,-0.000287151412810612,0.198674927789087,0.000437862862865647
"gamma_noise",1,4,"loglik",99,-0.0347029132148102,-184.87083384529,0.0907035921156943
"gamma_noise",1,4,"B0",100,0.00419810189990564,4.39026631387167,0.0021317572436824
"gamma_noise",1,4,"sigma_beta",100,0.000456896493403929,0.201526442207123,0.000181062215292705
"gamma_noise",1,5,"loglik",99,0.0107198580014471,-184.877750766417,0.0997927394112402
"gamma_noise",1,5,"B0",100,0.00453483124580091,4.35627616009946,0.00272233674816753
"gamma_noise",1,5,"sigma_beta",100,-0.000183287421030097,0.205632363918605,0.000259426008752762
"gamma_noise",1,6,"loglik",99,0.0290287353121598,-184.871459635623,0.0763337349789365
"gamma_noise",1,6,"B0",100,-0.000994997331681037,4.37338407188892,0.00611790198498312
"gamma_noise",1,6,"sigma_beta",100,0.000346486636024294,0.210976958142533,0.000245415356312657
"gamma_noise",1,7,"loglik",99,0.0175233279542611,-184.86698409029,0.095126681010521
"gamma_noise",1,7,"B0",100,-0.0201321709023151,4.42627301315077,0.0064571303559397
"gamma_noise",1,7,"sigma_beta",100,0.00137499705950506,0.207487471568795,0.000510967750997935
"gamma_noise",1,8,"loglik",99,0.000545616203733081,-184.864037413877,0.0929299029598636
"gamma_noise",1,8,"B0",100,0.00119058421818601,4.39888842050762,0.00168948308868121
"gamma_noise",1,8,"sigma_beta",100,0.000303809453281348,0.211370561321357,0.00074180412166913
"gamma_noise",1,9,"loglik",99,-0.0181000316934749,-184.886209201954,0.105277710991181
"gamma_noise",1,9,"B0",100,-0.0138557816519082,4.40508434493337,0.00561971945471571
"gamma_noise",1,9,"sigma_beta",100,-0.00256315077352696,0.221880636324747,0.000998938288114326
"gamma_noise",50,1,"loglik",99,-0.0882501498520911,-199.785603994162,0.124714053719229
"gamma_noise",50,1,"B0",100,-0.0131615293677566,4.71680799317473,0.00434114153286032
"gamma_noise",50,1,"sigma_beta",100,7.18797775648932e-05,0.166489860408708,0.000144093405278093
"gamma_noise",50,2,"loglik",99,0.0352205357750606,-199.81332696708,0.13394397046526
"gamma_noise",50,2,"B0",100,-0.00235235982371416,4.73167493564671,0.00187072567957425
"gamma_noise",50,2,"sigma_beta",100,0.00102339433221831,0.158703746495961,0.000312862199955746
"gamma_noise",50,3,"loglik",99,-0.0388443005841057,-199.778621976258,0.109050867631277
"gamma_noise",50,3,"B0",100,0.00675237306179525,4.7437426226335,0.00387384804432414
"gamma_noise",50,3,"sigma_beta",100,0.00068279051651029,0.16746168512322,0.000561022121594658
"gamma_noise",50,4,"loglik",99,-0.0395820751981437,-199.825630785269,0.114853294517387
"gamma_noise",50,4,"B0",100,0.0203902894558611,4.74828318204923,0.00733767147864248
"gamma_noise",50,4,"sigma_beta",100,-0.000395322118331961,0.180416272057709,0.00022117285884232
"gamma_noise",50,5,"loglik",99,-0.0108375572948834,-199.794286251036,0.112819934344265
"gamma_noise",50,5,"B0",100,0.00326109620271142,4.68295811279301,0.00404417133851927
"gamma_noise",50,5,"sigma_beta",100,0.000719329938548589,0.175143000537675,0.000238483768579283
"gamma_noise",50,6,"loglik",99,-0.0619288780685619,-199.795336536921,0.119902996494679
"gamma_noise",50,6,"B0",100,-0.0449078540668871,4.75352199702379,0.0171307723212653
"gamma_noise",50,6,"sigma_beta",100,-0.000250573944654572,0.159987102315311,0.000123876490715359
"gamma_noise",50,7,"loglik",99,-0.0247083502316859,-199.789450415313,0.104748115233858
"gamma_noise",50,7,"B0",100,-0.0200909822617801,4.84430911206816,0.016289287871643
"gamma_noise",50,7,"sigma_beta",100,0.000311562958086724,0.173014776976109,0.000373717487151091
"gamma_noise",50,8,"loglik",99,0.00975563029339383,-199.78415316517,0.107502686051618
"gamma_noise",50,8,"B0",100,-0.0084599855067411,4.81317963453522,0.00522564542526559
"gamma_noise",50,8,"sigma_beta",100,0.000421279283418239,0.165511881483048,0.000135587072636628
"gamma_noise",50,9,"loglik",99,-0.0249076457935659,-199.79486650248,0.127008063137967
"gamma_noise",50,9,"B0",100,0.000193158413534869,4.73809255742749,0.00953271676591272
"gamma_noise",50,9,"sigma_beta",100,-0.0019461029756049,0.16913659847263,0.000609522606072922
"gamma_noise",100,1,"loglik",99,0.0739365084812873,-198.763596471909,0.189560647577999
"gamma_noise",100,1,"B0",100,-0.00541737477663363,4.39779556922718,0.00267131012190642
"gamma_noise",100,1,"sigma_beta",100,-0.000580810098208256,0.152317102080811,0.000174992452804477
"gamma_noise",100,2,"loglik",99,-0.0582753868879588,-198.800074936411,0.172020625591096
"gamma_noise",100,2,"B0",100,-0.00923376522469874,4.57353619253149,0.00374330312892859
"gamma_noise",100,2,"sigma_beta",100,0.000499977104495563,0.149449186465645,0.00025083495395349
"gamma_noise",100,3,"loglik",99,0.0397289893252803,-198.77672182616,0.140998917485986
"gamma_noise",100,3,"B0",100,0.00543010371783183,4.5470726476253,0.00449026774342922
"gamma_noise",100,3,"sigma_beta",100,0.000381062324010568,0.163955254451661,0.000135809464286089
"gamma_noise",100,4,"loglik",99,0.0264869991411907,-198.793190498013,0.151997736028242
"gamma_noise",100,4,"B0",100,-0.00374776820832688,4.51145685449847,0.00161768463902927
"gamma_noise",100,4,"sigma_beta",100,0.000722630483161769,0.169494595526668,0.000225923937277072
"gamma_noise",100,5,"loglik",99,-0.0182389809754187,-198.796196273975,0.151805883356578
"gamma_noise",100,5,"B0",100,0.00067406966435958,4.4518734001438,0.00221516166993744
"gamma_noise",100,5,"sigma_beta",100,-0.00112937753119318,0.162544929942768,0.000351194184359872
"gamma_noise",100,6,"loglik",99,-0.00503990107033828,-198.807101111412,0.1722354786786
"gamma_noise",100,6,"B0",100,-0.00473074602239498,4.64241064583287,0.00213458349993541
"gamma_noise",100,6,"sigma_beta",100,0.000440490996485613,0.162057538141227,0.000138091034806949
"gamma_noise",100,7,"loglik",99,-0.0585078415009358,-198.808259690427,0.153905103161849
"gamma_noise",100,7,"B0",100,0.000784318805015121,4.37349739264416,0.00139036318394136
"gamma_noise",100,7,"sigma_beta",100,-0.000711231204485607,0.158974399787324,0.000256521255616765
"gamma_noise",100,8,"loglik",99,-0.013369074007675,-198.761354386715,0.138154249355608
"gamma_noise",100,8,"B0",100,0.0102370174611162,4.4341732632164,0.00370894022728927
"gamma_noise",100,8,"sigma_beta",100,0.00181031731781645,0.164637327616593,0.000568619746628484
"gamma_noise",100,9,"loglik",99,-0.033579127795358,-198.800702836366,0.151649357689098
"gamma_noise",100,9,"B0",100,0.00627417998527878,4.51536008338117,0.00307036363215158
"gamma_noise",100,9,"sigma_beta",100,-0.00102723267109643,0.161722352291281,0.000429700205993315
"gamma_noise",150,1,"loglik",99,0.104814725278204,-191.404608567901,0.130467815420801
"gamma_noise",150,1,"B0",100,-0.00227887653263846,3.98331017371875,0.00139034773833014
"gamma_noise",150,1,"sigma_beta",100,-0.000257536699467899,0.269752940000759,0.000174679624427728
"gamma_noise",150,2,"loglik",99,-0.0566549914792321,-191.398967324667,0.128949134791121
"gamma_noise",150,2,"B0",100,0.0163276274218372,3.92942153847752,0.00739614101775999
"gamma_noise",150,2,"sigma_beta",100,-0.00165873578896749,0.27396770443577,0.000524805689122904
"gamma_noise",150,3,"loglik",99,0.0675315211644767,-191.390408325034,0.136209988497491
"gamma_noise",150,3,"B0",100,0.0169573784014271,3.96686278603293,0.0056428495838663
"gamma_noise",150,3,"sigma_beta",100,-0.00176366372943444,0.269251819421932,0.000563449936697406
"gamma_noise",150,4,"loglik",99,0.0481889634593192,-191.383142899487,0.139974965133286
"gamma_noise",150,4,"B0",100,-0.00237771607851076,3.93673797334183,0.00222837798171805
"gamma_noise",150,4,"sigma_beta",100,4.468341263379e-05,0.268332949702938,0.000224925413133055
"gamma_noise",150,5,"loglik",99,-0.00187010096121396,-191.386004542607,0.127266804668539
"gamma_noise",150,5,"B0",100,-0.00147452290368499,3.84261504642827,0.00128323467039383
"gamma_noise",150,5,"sigma_beta",100,-0.000611793540823979,0.271575342639802,0.00101529420884185
"gamma_noise",150,6,"loglik",99,-0.000708049766408957,-191.402508855621,0.149821948197435
"gamma_noise",150,6,"B0",100,0.0172317653505351,3.91051494513607,0.00658918361258562
"gamma_noise",150,6,"sigma_beta",100,0.000885319192391067,0.277074176099694,0.000294535013424826
"gamma_noise",150,7,"loglik",99,0.0458606396940949,-191.416818406459,0.150529353871623
"gamma_noise",150,7,"B0",100,0.0261548781056009,3.72654120616933,0.00791734775683107
"gamma_noise",150,7,"sigma_beta",100,-0.00215045050524034,0.266193469122438,0.000651322982053948
"gamma_noise",150,8,"loglik",99,0.0532713136113607,-191.401394487889,0.108889235788825
"gamma_noise",150,8,"B0",100,0.0213225118209974,3.88671131128019,0.00707635316684186
"gamma_noise",150,8,"sigma_beta",100,-0.00023710499303223,0.270067323317889,0.000438902805361319
"gamma_noise",150,9,"loglik",99,0.0228129644109479,-191.39185361588,0.12341926269428
"gamma_noise",150,9,"B0",100,0.000450857860864703,3.98382111088514,0.00245427274821861
"gamma_noise",150,9,"sigma_beta",100,0.00112971948376242,0.266461685713033,0.000464768802996606
"gamma_noise",200,1,"loglik",99,0.0193569093843458,-211.023276946989,0.311823588749935
"gamma_noise",200,1,"B0",100,0.0093447929484309,3.63593174409519,0.00285769810300808
"gamma_noise",200,1,"sigma_beta",100,0.000466309333192311,0.35312868125363,0.000189896800251425
"gamma_noise",200,2,"loglik",99,0.0554492358822781,-210.904519201845,0.225221907100415
"gamma_noise",200,2,"B0",100,-0.000694043491288228,4.04816867171602,0.0010052632008463
"gamma_noise",200,2,"sigma_beta",100,-3.1116788421322e-05,0.434131761649372,0.000487848467232351
"gamma_noise",200,3,"loglik",99,0.0580629097284642,-210.926022686984,0.22417355967894
"gamma_noise",200,3,"B0",100,-0.00256617222858767,3.75701701184165,0.00123422531693792
"gamma_noise",200,3,"sigma_beta",100,2.29599478847281e-05,0.407805625273502,0.000305962626471033
"gamma_noise",200,4,"loglik",99,0.168932885130389,-210.940592844172,0.235117725776446
"gamma_noise",200,4,"B0",100,-0.00938621741010112,4.14025010681168,0.00532811917765665
"gamma_noise",200,4,"sigma_beta",100,-9.19701283874656e-05,0.427755258382722,0.000329724446477895
"gamma_noise",200,5,"loglik",99,-0.0924711133157134,-210.877869204398,0.253281442123625
"gamma_noise",200,5,"B0",100,-0.00631129425378491,4.07054389830135,0.00282705845853463
"gamma_noise",200,5,"sigma_beta",100,0.000980981976780042,0.407055964391842,0.000401522245699526
"gamma_noise",200,6,"loglik",99,-0.111004703612408,-210.888613803065,0.253422540432118
"gamma_noise",200,6,"B0",100,0.000411633344900028,4.00944823390389,0.000574098935112852
"gamma_noise",200,6,"sigma_beta",100,-0.0017567180162526,0.422174360628203,0.000822124713492122
"gamma_noise",200,7,"loglik",99,0.159647301479989,-210.956110225538,0.252939909731086
"gamma_noise",200,7,"B0",100,-0.00303985003973666,3.53040742554072,0.00144135641347924
"gamma_noise",200,7,"sigma_beta",100,-0.000490302791487267,0.398094192421762,0.000305343469048304
"gamma_noise",200,8,"loglik",99,0.0394226016343677,-210.89024658152,0.219893170926395
"gamma_noise",200,8,"B0",100,0.0021859033116075,4.16332018383913,0.0018854866112877
"gamma_noise",200,8,"sigma_beta",100,0.000490121166938678,0.422590937929653,0.000307363766114175
"gamma_noise",200,9,"loglik",99,-0.0383410071939927,-211.010141357222,0.238369144228387
"gamma_noise",200,9,"B0",100,-0.00267565192361951,4.33599646377654,0.00121484948137439
"gamma_noise",200,9,"sigma_beta",100,-0.000569347907400376,0.438381498305448,0.000587346360965846
"constant_B",1,1,"loglik",99,0.289773191898181,-198.664646100809,1.33179803202776
"constant_B",1,1,"Beta",100,0.00558943549252558,4.05787628201818,0.00346508588456989
"constant_B",1,2,"loglik",99,0.205515043059493,-198.704300220047,1.11026210475831
"constant_B",1,2,"Beta",100,-0.00790379877516107,4.0485917033867,0.0031701034420863
"constant_B",1,3,"loglik",99,0.464403404795761,-199.53396269084,0.992937163827548
"constant_B",1,3,"Beta",100,0.00195292881212076,3.86717263152882,0.00209760579696495
"constant_B",1,4,"loglik",99,0.6025463274935,-198.563169253991,1.31357684210931
"constant_B",1,4,"Beta",100,-0.00674979957165791,4.05951228416092,0.00400480235499645
"constant_B",1,5,"loglik",99,0.348503947407081,-198.889869622996,0.978269027816091
"constant_B",1,5,"Beta",100,0.000737318005120902,4.00001903573948,0.00313462148932602
"constant_B",1,6,"loglik",99,-0.329369612086927,-198.714358721826,1.21833196125236
"constant_B",1,6,"Beta",100,0.0218130935003338,4.07380992541217,0.00659128262590968
"constant_B",50,1,"loglik",99,-0.333327186051697,-209.904441979197,0.863367828268591
"constant_B",50,1,"Beta",100,-0.00101816515232185,3.82232700255748,0.00315603560785223
"constant_B",50,2,"loglik",99,0.259178007882398,-209.944896767222,0.731280350126328
"constant_B",50,2,"Beta",100,0.0237395553143189,3.88451765147159,0.00722202055288763
"constant_B",50,3,"loglik",99,0.059299954933228,-210.078361639911,0.777461874260643
"constant_B",50,3,"Beta",100,-0.00721111443772905,3.89923104737738,0.0030346717122466
"constant_B",50,4,"loglik",99,-0.0940112113810221,-209.812269469391,0.889524348158549
"constant_B",50,4,"Beta",100,-0.0197252516746567,3.85272124022514,0.00611123063425632
"constant_B",50,5,"loglik",99,0.254594280683618,-210.125864285549,0.656317069506692
"constant_B",50,5,"Beta",100,0.00759856968651791,3.78320390472804,0.00307313507539823
"constant_B",50,6,"loglik",99,-0.0782031458812589,-210.161087799537,0.728543650302232
"constant_B",50,6,"Beta",100,0.00531395789476217,3.88186478695948,0.00235707595997629
"constant_B",100,1,"loglik",99,0.271925136961968,-204.803773627543,0.703421436836045
"constant_B",100,1,"Beta",100,0.00587848959368678,4.27172626145949,0.00462488377725227
"constant_B",100,2,"loglik",99,0.263033327437015,-204.700852607814,0.739170882211547
"constant_B",100,2,"Beta",100,0.00163403887924059,4.345053735096,0.00267703845460041
"constant_B",100,3,"loglik",99,0.2087748291617,-204.756984821762,0.718966893809043
"constant_B",100,3,"Beta",100,-0.0198417334407791,4.30893650661036,0.00593335722774339
"constant_B",100,4,"loglik",99,0.293933126495165,-204.827734307657,0.757527098698657
"constant_B",100,4,"Beta",100,-0.00369828591505782,4.30300297267482,0.00275734472230693
"constant_B",100,5,"loglik",99,0.423742388038957,-204.699752039703,0.634768412340968
"constant_B",100,5,"Beta",100,0.0178905141963385,4.31990610323909,0.00609659910198892
"constant_B",100,6,"loglik",99,-0.108619934356748,-204.787873167565,0.694776063112139
"constant_B",100,6,"Beta",100,0.0180836356550886,4.30838554296895,0.0054084700551998
"constant_B",150,1,"loglik",99,1.02592810755168,-219.185168320446,2.13579176655718
"constant_B",150,1,"Beta",100,-0.00149102444997546,3.44809408174169,0.00216293358619133
"constant_B",150,2,"loglik",99,0.772631776384954,-217.797404462629,1.63788119357836
"constant_B",150,2,"Beta",100,0.00423900928132488,3.3245484438355,0.00254766753723616
"constant_B",150,3,"loglik",99,0.592286957013074,-218.494543908723,1.84977177733864
"constant_B",150,3,"Beta",100,0.0156862148541311,3.3969170742118,0.00499497382000704
"constant_B",150,4,"loglik",99,0.550745619444474,-218.26556837291,1.74949721088764
"constant_B",150,4,"Beta",100,0.00165715756587561,3.38788793642383,0.00200342256363341
"constant_B",150,5,"loglik",99,-0.103608368460929,-217.713103803707,1.79877998522053
"constant_B",150,5,"Beta",100,-0.0015118761166392,3.34321408193978,0.0036655997597855
"constant_B",150,6,"loglik",99,0.145073996442773,-218.028334128171,2.08038312436267
"constant_B",150,6,"Beta",100,0.00366105331763199,3.40041170220605,0.00174808723257793
"constant_B",200,1,"loglik",99,-0.499623335918977,-235.82297501577,1.40183223676728
"constant_B",200,1,"Beta",100,0.00636084915710504,3.55263558822635,0.00265965722005005
"constant_B",200,2,"loglik",99,-0.0527049326863793,-237.042927566424,1.71018084753342
"constant_B",200,2,"Beta",100,-0.00425908461555778,3.63940705291804,0.00195343603398281
"constant_B",200,3,"loglik",99,-0.545544769662091,-236.295721299351,1.40269069064171
"constant_B",200,3,"Beta",100,0.00797147974304422,3.60777915253374,0.00311232648163889
"constant_B",200,4,"loglik",99,1.00399450552799,-236.327015112622,1.56278393556596
"constant_B",200,4,"Beta",100,-0.00681886508395478,3.62146259956354,0.00369085069979203
"constant_B",200,5,"loglik",99,-0.0120392720392403,-237.768361865396,1.78253828956615
"constant_B",200,5,"Beta",100,0.000162715633151457,3.66629993511862,0.00151881424403674
"constant_B",200,6,"loglik",99,0.644315434643214,-236.411425568329,1.59713325905942
"constant_B",200,6,"Beta",100,-0.0152038767035332,3.59904265735746,0.00484893257094256
