"task_id","model","RSS","RMSE","mean_error","AOB","mean_error_through_5","mean_error_after_5"
1,"gamma_noise",13.9519470935589,0.446445438892575,0.273543835850054,0.273543835850054,0.198662331705919,0.34842533999419
2,"gamma_noise",17.760754525024,0.503711290962591,0.316868238807433,0.316868238807433,0.328943002583787,0.304793475031078
3,"gamma_noise",44.3758421396823,0.796203869618493,-0.578655360756867,0.578655360756867,-0.622995616973642,-0.534315104540092
4,"gamma_noise",17.2261548716354,0.496072501493128,0.280258293078012,0.280258293078012,0.0345616225435907,0.525954963612433
5,"gamma_noise",18.5333928327419,0.514551022497726,-0.0656804701051087,0.0656804701051087,-0.0498666620855599,-0.0814942781246574
6,"gamma_noise",18.9110775243755,0.519767496432994,-0.0518231428437162,0.0518231428437162,-0.400809106397149,0.297162820709717
7,"gamma_noise",21.9030643413312,0.559375472434996,0.430343841430011,0.430343841430011,0.34040035471572,0.520287328144302
8,"gamma_noise",14.9334864808938,0.461882583732733,0.157846063775461,0.157846063775461,0.0334171585179875,0.282274969032934
9,"gamma_noise",13.870928145382,0.445147297377621,0.251902317347823,0.251902317347823,0.12958219999328,0.374222434702366
10,"gamma_noise",22.9231133888194,0.572252608916469,-0.0853432709513923,0.0853432709513923,-0.489415764002221,0.318729222099437
11,"gamma_noise",19.7452759457683,0.531107682729061,0.324495819398569,0.324495819398569,0.131670035566688,0.51732160323045
12,"gamma_noise",35.6456760516271,0.713599287832235,-0.190139256674929,0.190139256674929,-0.0438439510448918,-0.336434562304967
13,"gamma_noise",21.9209548988677,0.559603876465535,0.322786360099803,0.322786360099803,0.145985155107459,0.499587565092147
14,"gamma_noise",18.3629361284721,0.512179323067783,0.230957839009052,0.230957839009052,-0.0299826458263337,0.491898323844438
15,"gamma_noise",14.1841811267334,0.450145708580383,0.090880535597218,0.090880535597218,0.0551081460528806,0.126652925141555
16,"gamma_noise",15.2662783129452,0.467000738955445,0.159608718543685,0.159608718543685,-0.01209763333947,0.33131507042684
17,"gamma_noise",23.1805014927925,0.575456359184263,-0.280093504082475,0.280093504082475,-0.481687676720426,-0.0784993314445243
18,"gamma_noise",18.106551656792,0.508591214698462,-0.066182335270125,0.066182335270125,-0.410524512957513,0.278159842417263
19,"gamma_noise",23.4571499130119,0.578880075330336,-0.123746909816552,0.123746909816552,0.137529236513098,-0.385023056146203
20,"gamma_noise",13.4513064211179,0.438362316242723,0.120169428402923,0.120169428402923,-0.0614662515703252,0.301805108376172
21,"gamma_noise",14.1856626308433,0.450169216292898,-0.0483038289030676,0.0483038289030676,-0.0119992465034611,-0.084608411302674
22,"gamma_noise",8.34071117817447,0.345185481779092,0.0900177941172016,0.0900177941172016,0.0066913767597654,0.173344211474638
23,"gamma_noise",19.4050648396976,0.526512309443645,0.171431292387248,0.171431292387248,0.191646802226336,0.15121578254816
24,"gamma_noise",11.2097176735318,0.400173492260042,-0.066666379614224,0.066666379614224,-0.232853761292306,0.0995210020638577
25,"gamma_noise",15.6341996560506,0.472594656520946,-0.104446377509852,0.104446377509852,0.0778717009538005,-0.286764455973504
26,"gamma_noise",9.48569912449178,0.368116812292973,0.088379498615558,0.088379498615558,0.0531544536258574,0.123604543605259
27,"gamma_noise",9.7342388438098,0.372908239264794,0.104742934286506,0.104742934286506,-0.0686919576214137,0.278177826194426
28,"gamma_noise",20.5822351533222,0.542247112266858,0.153009411093007,0.153009411093007,0.231878418300578,0.0741404038854357
29,"gamma_noise",33.2889773541162,0.689606278498476,-0.204262240845473,0.204262240845473,-0.545706526577283,0.137182044886337
30,"gamma_noise",21.0655229076649,0.548576377123615,0.140165467099153,0.140165467099153,0.056037157321908,0.224293776876399
31,"gamma_noise",60.281881617021,0.92799231537013,-0.531253779809292,0.531253779809292,-0.159081186456999,-0.903426373161584
32,"gamma_noise",14.5708454992513,0.456239997921697,0.134458997258005,0.134458997258005,0.0466617145898163,0.222256279926195
33,"gamma_noise",19.8571212349834,0.532609763804385,0.388713324039044,0.388713324039044,0.170915220531269,0.606511427546818
34,"gamma_noise",7.9778960446544,0.337594347546079,0.126930565368746,0.126930565368746,0.0966480742069517,0.15721305653054
35,"gamma_noise",19.7219903704635,0.530794423084917,-0.0037980411046314,0.0037980411046314,-0.235660982230053,0.228064900020789
36,"gamma_noise",14.6536472067707,0.457534498414689,-0.0284374633077964,0.0284374633077964,-0.289842674164503,0.232967747548911
37,"gamma_noise",41.7176345138056,0.77198847617052,-0.227751567499219,0.227751567499219,-0.0879692279838071,-0.367533907014631
38,"gamma_noise",41.8466054344504,0.773180864393045,-0.260984437239321,0.260984437239321,-0.644473906273592,0.122505031794951
39,"gamma_noise",18.0598771623203,0.507935276561891,0.10173632466434,0.10173632466434,0.06433138119201,0.13914126813667
40,"gamma_noise",10.1237476282651,0.380295892849335,-0.013677522083186,0.013677522083186,-0.0774707131660338,0.0501156689996617
41,"gamma_noise",36.9234720709131,0.726276925450352,-0.127725863312535,0.127725863312535,-0.445149271252529,0.189697544627459
42,"gamma_noise",18.2536552437322,0.510653016716722,0.0900174189795591,0.0900174189795591,-0.147780102949746,0.327814940908864
43,"gamma_noise",18.782868976246,0.518002605843501,-0.0738251725030673,0.0738251725030673,-0.154147591448504,0.00649724644236914
44,"gamma_noise",10.7726951886332,0.392295354996593,0.177892099037702,0.177892099037702,0.0354701334836515,0.320314064591753
45,"gamma_noise",14.2229339556654,0.450760214299376,-0.0616821729219129,0.0616821729219129,-0.0735752574884966,-0.0497890883553291
46,"gamma_noise",20.09174980275,0.535747139219747,0.385512533859188,0.385512533859188,0.29478338564442,0.476241682073956
47,"gamma_noise",14.7776339519232,0.459466055825722,0.342100194238142,0.342100194238142,0.224458746582485,0.4597416418938
48,"gamma_noise",11.0068944378776,0.396536693273822,-0.054028350675377,0.054028350675377,-0.0148331554312389,-0.0932235459195151
49,"gamma_noise",26.8524050377934,0.61935917386779,-0.378762482920503,0.378762482920503,-0.403087488058799,-0.354437477782206
50,"gamma_noise",21.2917444169582,0.551514077232048,0.37044788162421,0.37044788162421,0.164750198405973,0.576145564842447
51,"gamma_noise",11.6780593133683,0.408447571620159,0.0765617654219202,0.0765617654219202,-0.0686329751710794,0.22175650601492
52,"gamma_noise",31.2828557957556,0.668504255737662,0.147874742702185,0.147874742702185,0.291545780026899,0.00420370537747173
53,"gamma_noise",21.153606042523,0.549722086181775,-0.049231145466928,0.049231145466928,-0.336459372691299,0.237997081757443
54,"gamma_noise",17.9056981280391,0.505762481352082,-0.0227078490456026,0.0227078490456026,0.058360654682852,-0.103776352774057
55,"gamma_noise",23.1058891840274,0.574529486798016,-0.0816636168378976,0.0816636168378976,-0.503317065434337,0.339989831758542
56,"gamma_noise",13.0711894664643,0.432124146620329,0.0513416313001041,0.0513416313001041,0.106189032297325,-0.0035057696971166
57,"gamma_noise",38.2658385478411,0.739361100138308,-0.201433181474403,0.201433181474403,-0.860154923167683,0.457288560218876
58,"gamma_noise",28.7545794053896,0.640920982486359,-0.0501202461906769,0.0501202461906769,-0.32216244783838,0.221921955457026
59,"gamma_noise",13.7147001701054,0.442633356339491,-0.0685420994523542,0.0685420994523542,-0.284708421725202,0.147624222820494
60,"gamma_noise",16.8023027851357,0.489931522695275,0.158407313812136,0.158407313812136,-0.0583213457555269,0.3751359733798
61,"gamma_noise",14.4071094651529,0.4536693173471,0.11550986240624,0.11550986240624,-0.0556599367511471,0.286679661563627
62,"gamma_noise",15.1047840187895,0.464524088546385,-0.0313895232352897,0.0313895232352897,-0.0872407764530883,0.0244617299825089
63,"gamma_noise",8.65078596200723,0.351543249970901,-0.0721615173414016,0.0721615173414016,-0.00502886579041769,-0.139294168892385
64,"gamma_noise",14.5931835489454,0.456589586717898,0.0582661771398513,0.0582661771398513,-0.294254149573556,0.410786503853259
65,"gamma_noise",11.9194602180926,0.412647553143853,-0.065258009668763,0.065258009668763,0.0428766447205697,-0.173392664058096
66,"gamma_noise",15.1690438148226,0.465511144792515,0.172515368417327,0.172515368417327,0.101235817901924,0.24379491893273
67,"gamma_noise",11.7679519367528,0.410016583928588,0.088408600372501,0.088408600372501,0.179569223328114,-0.00275202258311177
68,"gamma_noise",16.6508013263762,0.4877177363771,-0.0325170155897319,0.0325170155897319,0.0979891455580426,-0.163023176737506
69,"gamma_noise",60.1902219957484,0.927286532968628,-0.328861217189417,0.328861217189417,-0.238359999685728,-0.419362434693107
70,"gamma_noise",14.446441830972,0.454288168943962,-0.166594585473763,0.166594585473763,-0.293448503899959,-0.0397406670475683
71,"gamma_noise",10.7930416300482,0.392665645302321,0.107622256870916,0.107622256870916,0.0956512014577686,0.119593312284064
72,"gamma_noise",13.9783854263231,0.446868236033895,-0.0539857591357878,0.0539857591357878,0.0902877440086955,-0.198259262280271
73,"gamma_noise",9.25171379023299,0.363548263454072,0.158498396552794,0.158498396552794,0.0282011505918366,0.288795642513751
74,"gamma_noise",14.8871054483295,0.461164759035353,0.0317675751754335,0.0317675751754335,-0.178540430653053,0.24207558100392
75,"gamma_noise",19.2531854609673,0.524447811116842,-0.191364504449129,0.191364504449129,-0.279481032317405,-0.103247976580854
76,"gamma_noise",17.4931041902867,0.499901478726225,0.223709865785013,0.223709865785013,0.0569893431558348,0.390430388414192
77,"gamma_noise",8.69028644838911,0.352344929384121,0.0159442075232857,0.0159442075232857,-0.0351722584097872,0.0670606734563586
78,"gamma_noise",25.7599622216891,0.606629590697523,0.0992308362117447,0.0992308362117447,-0.205586951187223,0.404048623610712
79,"gamma_noise",14.5759238471809,0.456319497206897,0.0423507384364153,0.0423507384364153,-0.155341186638151,0.240042663510982
80,"gamma_noise",16.0766365367143,0.479235053224172,-0.0373985167522401,0.0373985167522401,0.0543935486695537,-0.129190582174034
81,"gamma_noise",16.2906622614821,0.482414496665058,0.105224913543648,0.105224913543648,0.126588653393135,0.083861173694161
82,"gamma_noise",23.5067172227394,0.579491368390534,-0.234661621639755,0.234661621639755,0.0290278292348211,-0.498351072514331
83,"gamma_noise",35.9452580277566,0.716591715072683,-0.285182753323875,0.285182753323875,0.0144745238538897,-0.584840030501641
84,"gamma_noise",21.3165077162081,0.551834702427251,-0.287383489311221,0.287383489311221,-0.384981689119327,-0.189785289503115
85,"gamma_noise",9.44726096561056,0.367370209648651,0.0289277375470743,0.0289277375470743,-0.116894096332883,0.174749571427032
86,"gamma_noise",41.5855493964913,0.770765383948146,-0.481804504156386,0.481804504156386,-0.564569646020525,-0.399039362292247
87,"gamma_noise",24.7709637885805,0.594870499575694,0.425046639928367,0.425046639928367,0.16575340918053,0.684339870676204
88,"gamma_noise",9.74880673536486,0.373187175085197,0.14452073462163,0.14452073462163,0.0387624318457218,0.250279037397539
89,"gamma_noise",14.3509679556819,0.452784527052673,-0.133168067581066,0.133168067581066,-0.099278712331654,-0.167057422830479
90,"gamma_noise",18.9500065564695,0.520302200051217,0.341184254724467,0.341184254724467,0.248440110439099,0.433928399009834
91,"gamma_noise",9.96880913987726,0.377374560802797,-0.00371412087889756,0.00371412087889756,-0.014546478886948,0.00711823712915283
92,"gamma_noise",30.1448159224706,0.656231839721197,-0.20363427880221,0.20363427880221,-0.196405448022668,-0.210863109581753
93,"gamma_noise",9.16015555790196,0.361744889546328,0.000688460497027668,0.000688460497027668,-0.107653910484348,0.109030831478403
94,"gamma_noise",27.1976187167997,0.62332769089781,0.195736591228149,0.195736591228149,0.174661436122512,0.216811746333787
95,"gamma_noise",9.23553272265448,0.363230204900703,0.0686079958945679,0.0686079958945679,-0.0494115595252174,0.186627551314353
96,"gamma_noise",16.6886991843873,0.488272452989507,-0.125216522081825,0.125216522081825,-0.0517513469906386,-0.198681697173012
97,"gamma_noise",18.118767988259,0.508762756782977,0.15469886394889,0.15469886394889,0.176977147399027,0.132420580498755
98,"gamma_noise",26.1709286328733,0.611449432938691,-0.353404700170746,0.353404700170746,-0.322193968679105,-0.384615431662387
99,"gamma_noise",24.3070133062962,0.589273321331284,-0.153984045158247,0.153984045158247,-0.399196159927729,0.0912280696112345
100,"gamma_noise",36.4320900533124,0.721428048618179,0.58447601912117,0.58447601912117,0.306994373283213,0.861957664959128
101,"gamma_noise",14.0535391149575,0.44806790166156,-0.11358313706767,0.11358313706767,-0.196473090712213,-0.0306931834231274
102,"gamma_noise",35.0054193413707,0.707161522682363,-0.16902379832269,0.16902379832269,-0.789553080736254,0.451505484090874
103,"gamma_noise",15.8127350346391,0.475285403500422,-0.0819470068398064,0.0819470068398064,0.0418613038578403,-0.205755317537453
104,"gamma_noise",16.7085558113887,0.488562845955778,-0.21532766210248,0.21532766210248,-0.161264104219054,-0.269391219985907
105,"gamma_noise",29.0722351072915,0.644451429038588,-0.0720403445083675,0.0720403445083675,0.142681086934575,-0.28676177595131
106,"gamma_noise",27.5663734900013,0.627539110790274,0.018197831975112,0.018197831975112,0.080078585537674,-0.04368292158745
107,"gamma_noise",12.9770208728536,0.430564759901849,0.236242090162883,0.236242090162883,0.201917521372467,0.2705666589533
108,"gamma_noise",31.2328550524811,0.667969792435911,0.122550812454631,0.122550812454631,0.209876955065084,0.0352246698441785
109,"gamma_noise",11.6710503457925,0.408324981668007,-0.0862101391237965,0.0862101391237965,-0.205411406620148,0.0329911283725551
110,"gamma_noise",27.3644781410041,0.625236848162405,0.344723175048434,0.344723175048434,0.31612642269197,0.373319927404898
111,"gamma_noise",26.8325044414828,0.619129624570802,-0.154621873466691,0.154621873466691,0.0738474904687896,-0.383091237402172
112,"gamma_noise",44.0868223572727,0.793606796821347,-0.276914473848102,0.276914473848102,0.0276793272561212,-0.581508274952325
113,"gamma_noise",10.1947624483374,0.381627388361575,0.143723719082463,0.143723719082463,0.0210096022952214,0.266437835869705
114,"gamma_noise",11.0325403315058,0.396998386673689,-0.0866894277591977,0.0866894277591977,-0.064009594883212,-0.109369260635183
115,"gamma_noise",17.6676573766032,0.502389396166007,0.164642683558359,0.164642683558359,-0.0360873516781231,0.365372718794842
116,"gamma_noise",25.7971042137785,0.607066767495006,0.409240684273481,0.409240684273481,0.132115794970801,0.68636557357616
117,"gamma_noise",21.9408619881059,0.559857915496754,-0.280558981263873,0.280558981263873,-0.135322439633667,-0.425795522894079
118,"gamma_noise",12.8716962711614,0.428813916871066,0.0935683692341953,0.0935683692341953,0.00175049258611143,0.185386245882279
119,"gamma_noise",12.1781943274687,0.417102151370769,0.151866349467015,0.151866349467015,-0.0106228217005394,0.314355520634569
120,"gamma_noise",19.281610630647,0.524834812524678,-0.0629653266032268,0.0629653266032268,-0.45192785526705,0.325997202060597
121,"gamma_noise",14.3750132969533,0.45316369317678,0.121838792159596,0.121838792159596,-0.0315254074858074,0.275202991805
122,"gamma_noise",14.1062969560661,0.448908150899269,-0.0918379953622013,0.0918379953622013,-0.0808457962388694,-0.102830194485533
123,"gamma_noise",45.4332644424867,0.80563430593084,-0.222322500367472,0.222322500367472,0.143882827462516,-0.58852782819746
124,"gamma_noise",15.3793738602489,0.468727363038151,0.0275517248300993,0.0275517248300993,0.167086773426178,-0.11198332376598
125,"gamma_noise",35.364052592252,0.710774754277251,0.572563068283129,0.572563068283129,0.392021872937573,0.753104263628685
126,"gamma_noise",16.1706182891859,0.480633782315243,0.0197205807275582,0.0197205807275582,-0.135244764472179,0.174685925927295
127,"gamma_noise",25.8315511576305,0.607471941240681,-0.415415838336464,0.415415838336464,-0.439868638570365,-0.390963038102562
128,"gamma_noise",26.9998461888619,0.621057234409449,-0.278981171500087,0.278981171500087,-0.498331987384092,-0.0596303556160817
129,"gamma_noise",17.9237404551475,0.506017228040248,-0.00621557813307998,0.00621557813307998,0.0264777698253055,-0.0389089260914654
130,"gamma_noise",49.9149275646003,0.84443495532812,-0.429542342331603,0.429542342331603,-0.705910023124617,-0.153174661538589
131,"gamma_noise",10.6033620161817,0.389199948909513,-0.0634186844361991,0.0634186844361991,-0.0549410400483286,-0.0718963288240697
132,"gamma_noise",62.8452815061887,0.94751767044351,-0.502537648246594,0.502537648246594,-0.806594957326044,-0.198480339167144
133,"gamma_noise",28.4075795028608,0.637042042824948,0.05914654008113,0.05914654008113,0.158234806762417,-0.0399417266001574
134,"gamma_noise",12.1706387943869,0.41697274310348,0.1610803921329,0.1610803921329,0.113942758415274,0.208218025850527
135,"gamma_noise",17.147518551282,0.494938936367508,0.113783234121024,0.113783234121024,0.145332791783516,0.0822336764585317
136,"gamma_noise",18.9765296557336,0.520666189411406,0.139600987710074,0.139600987710074,0.172494297506206,0.106707677913942
137,"gamma_noise",13.832543984761,0.444530956414592,-0.0401789760502478,0.0401789760502478,-0.118382775539383,0.0380248234388878
138,"gamma_noise",13.4308042872241,0.438028118589012,-0.0795397370202976,0.0795397370202976,-0.0795590622636683,-0.0795204117769268
139,"gamma_noise",8.4588067253111,0.347620620901397,0.0733314664006197,0.0733314664006197,0.151624729773996,-0.00496179697275659
140,"gamma_noise",7.33501089926326,0.323706456514965,-0.0469143826665191,0.0469143826665191,-0.233366321960179,0.139537556627141
141,"gamma_noise",20.8683953390305,0.546003602016252,0.411618553493665,0.411618553493665,0.188207784587962,0.635029322399369
142,"gamma_noise",15.3843512866667,0.468803207062816,0.0920322962969213,0.0920322962969213,0.239019847277919,-0.0549552546840757
143,"gamma_noise",12.3308037341076,0.419707444607168,-0.000237897500421549,0.000237897500421549,-0.235025108613138,0.234549313612295
144,"gamma_noise",15.3441711720869,0.468190607889059,-0.142480523341305,0.142480523341305,-0.360470367557188,0.0755093208745777
145,"gamma_noise",18.8076117505591,0.518343677365828,-0.181859676780146,0.181859676780146,-0.0266960891277312,-0.33702326443256
146,"gamma_noise",22.9717597267455,0.572859490709863,-0.0462525594153047,0.0462525594153047,0.105858118862459,-0.198363237693068
147,"gamma_noise",11.6359775223606,0.407710988715582,0.00167219527311284,0.00167219527311284,-0.0983501226000663,0.101694513146292
148,"gamma_noise",27.6255349574776,0.628212145212537,0.419214877030853,0.419214877030853,0.0318225852152928,0.806607168846413
149,"gamma_noise",37.4238798720794,0.731181820968916,-0.399000665466122,0.399000665466122,-0.82738721282491,0.0293858818926669
150,"gamma_noise",16.6238295514389,0.487322561868697,-0.175975307435632,0.175975307435632,-0.217423400451962,-0.134527214419302
151,"gamma_noise",21.9310393512845,0.559732580935938,-0.0022616507121591,0.0022616507121591,-0.354743509773763,0.350220208349445
152,"gamma_noise",16.190314910053,0.480926411211484,0.258344318557917,0.258344318557917,0.304774665762585,0.211913971353249
153,"gamma_noise",14.9251889156684,0.461754246877653,-0.0345701765790796,0.0345701765790796,-0.0271785086289568,-0.0419618445292022
154,"gamma_noise",20.1744614723109,0.536848761255519,0.372700338111348,0.372700338111348,0.172498245271443,0.572902430951252
155,"gamma_noise",18.6962318222966,0.516806565392516,-0.0499952674883124,0.0499952674883124,0.11561273742298,-0.215603272399605
156,"gamma_noise",22.6964563768843,0.569416447864256,-0.283733473914259,0.283733473914259,-0.511264592921209,-0.0562023549073086
157,"gamma_noise",14.6962071619159,0.458198446744202,0.194883068151662,0.194883068151662,0.00620891560917279,0.383557220694152
158,"gamma_noise",23.5447927331464,0.57996050029471,0.0143024946234527,0.0143024946234527,-0.182165469294173,0.210770458541079
159,"gamma_noise",13.2562649036392,0.435172624264362,0.0981531580340399,0.0981531580340399,-0.0133208654134531,0.209627181481533
160,"gamma_noise",10.3842595349796,0.385157843987921,0.102232622112402,0.102232622112402,-0.0582122975712651,0.262677541796069
161,"gamma_noise",8.13856604070397,0.340976874806656,0.0435899083723723,0.0435899083723723,-0.0448434522179731,0.132023268962718
162,"gamma_noise",12.5966932152011,0.424208392440741,-0.034931360888037,0.034931360888037,-0.136980325187613,0.0671176034115386
163,"gamma_noise",14.7585997618417,0.459170055050284,0.0574223603866027,0.0574223603866027,0.104402937912088,0.0104417828611172
164,"gamma_noise",13.7192430927985,0.442706660261599,-0.0767012008305487,0.0767012008305487,-0.234236811924826,0.0808344102637285
165,"gamma_noise",19.8999890268194,0.533184356040189,-0.0650828210025303,0.0650828210025303,-0.370994971836256,0.240829329831195
166,"gamma_noise",18.4979198321154,0.514058360112594,-0.168374808359363,0.168374808359363,-0.223235530743904,-0.113514085974821
167,"gamma_noise",12.5168880939705,0.422862491900998,0.0565414749734167,0.0565414749734167,0.109586366204817,0.00349658374201656
168,"gamma_noise",19.4433903904692,0.527031991309679,-0.16674871114298,0.16674871114298,-0.196653957410902,-0.136843464875059
169,"gamma_noise",31.6852877550209,0.672790433886266,-0.220689101031607,0.220689101031607,-0.161626491244709,-0.279751710818504
170,"gamma_noise",38.2561382605493,0.739267381172056,-0.317223923816283,0.317223923816283,-0.641501479012027,0.00705363137946144
171,"gamma_noise",22.6493948826227,0.568825794103492,-0.164082534029153,0.164082534029153,-0.0329492718069754,-0.29521579625133
172,"gamma_noise",22.1556321739385,0.56259135352071,-0.149782523273526,0.149782523273526,0.0357935559743088,-0.335358602521361
173,"gamma_noise",11.577879485837,0.406691871530647,0.0142645400374574,0.0142645400374574,-0.07340903488513,0.101938114960045
174,"gamma_noise",18.9101414988981,0.519754633029555,-0.059285874573157,0.059285874573157,-0.287791197662793,0.169219448516479
175,"gamma_noise",20.2946221888221,0.538445144955389,0.258329550873371,0.258329550873371,-0.0625674243091534,0.579226526055896
176,"gamma_noise",15.9087159024142,0.476725675870819,-0.0867073533373264,0.0867073533373264,-0.302607613008792,0.129192906334139
177,"gamma_noise",22.245236639672,0.56372785531004,-0.0891737090157925,0.0891737090157925,0.224795659936411,-0.403143077967997
178,"gamma_noise",13.4510379792631,0.438357942118132,-0.0541447493225455,0.0541447493225455,-0.15389069628731,0.0456011976422195
179,"gamma_noise",12.3367151504857,0.419808036921736,0.0347351416256071,0.0347351416256071,-0.00260296765338799,0.0720732509046022
180,"gamma_noise",12.8855378059753,0.429044416714555,0.013455094719414,0.013455094719414,-0.0436810759705494,0.0705912654093774
181,"gamma_noise",13.4983501582354,0.439128197328613,0.14163863114302,0.14163863114302,-0.113539606615768,0.396816868901809
182,"gamma_noise",12.591633161248,0.42412318226208,-0.0578346491267616,0.0578346491267616,0.0472502435183879,-0.162919541771911
183,"gamma_noise",29.7278279267828,0.651677263756299,-0.379565513284251,0.379565513284251,-0.233630994602849,-0.525500031965653
184,"gamma_noise",15.776126139048,0.474734905560807,-0.171972148034446,0.171972148034446,-0.223053823338627,-0.120890472730264
185,"gamma_noise",27.1443078586016,0.62271648970575,-0.275361729927187,0.275361729927187,-0.621820093418709,0.0710966335643348
186,"gamma_noise",13.1988352364677,0.434228959297276,-0.153922331730752,0.153922331730752,-0.173657160119415,-0.134187503342089
187,"gamma_noise",25.2496833547915,0.600591177267288,0.405613841504275,0.405613841504275,0.210726967808525,0.600500715200025
188,"gamma_noise",23.885705818561,0.5841441336148,-0.093722917661267,0.093722917661267,-0.17592255670313,-0.0115232786194042
189,"gamma_noise",40.0343717287269,0.756253658585973,-0.34498221468769,0.34498221468769,-0.361583549630157,-0.328380879745223
190,"gamma_noise",29.8151215406564,0.652633363936952,0.149590792935797,0.149590792935797,-0.0537758756811537,0.352957461552747
191,"gamma_noise",23.0113221467474,0.573352573487696,-0.00107487423850539,0.00107487423850539,-0.00831395817137971,0.00616420969436877
192,"gamma_noise",11.6622819948939,0.408171567479269,-0.165345543787114,0.165345543787114,-0.15145305400781,-0.179238033566418
193,"gamma_noise",15.9720503755999,0.477673683829092,0.240553771579721,0.240553771579721,0.0267722124765189,0.454335330682924
194,"gamma_noise",19.400360599209,0.526448486140979,-0.0651661938574239,0.0651661938574239,-0.331292291384173,0.200959903669325
195,"gamma_noise",13.0683584161834,0.43207734784053,-0.0222151293285237,0.0222151293285237,-0.159726913457026,0.115296654799978
196,"gamma_noise",29.1687910072528,0.645520731184774,-0.176003017515759,0.176003017515759,-0.715174999941957,0.36316896491044
197,"gamma_noise",24.0056123664407,0.585608503627279,-0.0899287429799073,0.0899287429799073,-0.3841477694553,0.204290283495486
198,"gamma_noise",15.24698803211,0.466705597507067,0.112174203019832,0.112174203019832,-0.252124046240083,0.476472452279747
199,"gamma_noise",7.77694784295805,0.33331554854132,0.0610893442459497,0.0610893442459497,0.139166937306445,-0.0169882488145452
200,"gamma_noise",20.0357621561581,0.535000162298481,0.041153385813991,0.041153385813991,-0.0600545992604869,0.142361370888469
1,"constant_B",146.492876357593,1.44663588250017,1.04534940404491,1.04534940404491,0.0453494040449103,2.04534940404491
2,"constant_B",245.17189064558,1.8714848598509,1.58191516227993,1.58191516227993,0.58191516227993,2.58191516227993
3,"constant_B",70.0759652192662,1.00054246157676,0.0329426382988304,0.0329426382988304,-0.96705736170117,1.03294263829883
4,"constant_B",103.5823208655,1.21644870049489,0.6926380302407,0.6926380302407,-0.3073619697593,1.6926380302407
5,"constant_B",98.4991333146016,1.18622530571679,0.63806776750035,0.63806776750035,-0.36193223249965,1.63806776750035
6,"constant_B",73.4945841847674,1.02465732379707,0.2234337289018,0.2234337289018,-0.7765662710982,1.2234337289018
7,"constant_B",239.292271763809,1.84890806293803,1.55514019470827,1.55514019470827,0.55514019470827,2.55514019470827
8,"constant_B",111.460962863013,1.26186349082284,0.76960994631801,0.76960994631801,-0.23039005368199,1.76960994631801
9,"constant_B",123.84365648151,1.33011093243872,0.87703768025838,0.87703768025838,-0.12296231974162,1.87703768025838
10,"constant_B",71.1885190596346,1.00845368942211,0.1303028921746,0.1303028921746,-0.8696971078254,1.1303028921746
11,"constant_B",126.868214729163,1.34625520149765,0.90133404881846,0.90133404881846,-0.0986659511815402,1.90133404881846
12,"constant_B",84.198411179903,1.09673809336012,0.45037145272229,0.45037145272229,-0.54962854727771,1.45037145272229
13,"constant_B",158.085057605168,1.50278340614611,1.12176555740855,1.12176555740855,0.12176555740855,2.12176555740855
14,"constant_B",94.7385157628422,1.16336037754455,0.59448075497917,0.59448075497917,-0.40551924502083,1.59448075497917
15,"constant_B",118.345269828033,1.30024871152755,0.83105156989747,0.83105156989747,-0.16894843010253,1.83105156989747
16,"constant_B",90.2558163589798,1.13550376711321,0.53793011175085,0.53793011175085,-0.46206988824915,1.53793011175085
17,"constant_B",71.5784904590846,1.01121207652065,0.15016612035079,0.15016612035079,-0.84983387964921,1.15016612035079
18,"constant_B",72.4134255649892,1.01709267427864,0.18568120010188,0.18568120010188,-0.81431879989812,1.18568120010188
19,"constant_B",140.108682273,1.41476238425398,1.00077600086133,1.00077600086133,0.000776000861329784,2.00077600086133
20,"constant_B",90.3544659271614,1.13612415020267,0.53923843026414,0.53923843026414,-0.46076156973586,1.53923843026414
21,"constant_B",87.7147599563137,1.11940519892303,0.50305864407235,0.50305864407235,-0.49694135592765,1.50305864407235
22,"constant_B",98.941152175728,1.18888394348726,0.64299691374207,0.64299691374207,-0.35700308625793,1.64299691374207
23,"constant_B",119.548960704334,1.30684440381256,0.84133364117703,0.84133364117703,-0.15866635882297,1.84133364117703
24,"constant_B",79.0003107948306,1.06234451497505,0.35857477392809,0.35857477392809,-0.64142522607191,1.35857477392809
25,"constant_B",97.7617346220044,1.18177671701797,0.62975884978758,0.62975884978758,-0.37024115021242,1.62975884978758
26,"constant_B",109.062874631768,1.24821515219457,0.74702146299026,0.74702146299026,-0.25297853700974,1.74702146299026
27,"constant_B",86.1252603784688,1.10921632811168,0.47995923009101,0.47995923009101,-0.52004076990899,1.47995923009101
28,"constant_B",125.705341597942,1.34007111537273,0.89207095808367,0.89207095808367,-0.10792904191633,1.89207095808367
29,"constant_B",73.3753443068565,1.02382576856791,0.21958871643066,0.21958871643066,-0.78041128356934,1.21958871643066
30,"constant_B",97.596524913444,1.18077773953952,0.62788221044401,0.62788221044401,-0.37211778955599,1.62788221044401
31,"constant_B",86.0021909348771,1.10842353260886,0.47812417596384,0.47812417596384,-0.52187582403616,1.47812417596384
32,"constant_B",103.853440947715,1.21803964835606,0.69542834639333,0.69542834639333,-0.30457165360667,1.69542834639333
33,"constant_B",149.995024406636,1.46382583081183,1.06901172255123,1.06901172255123,0.0690117225512301,2.06901172255123
34,"constant_B",120.712802431251,1.313190239897,0.85115721588948,0.85115721588948,-0.14884278411052,1.85115721588948
35,"constant_B",82.1127368128837,1.08306929479462,0.41597968379106,0.41597968379106,-0.58402031620894,1.41597968379106
36,"constant_B",72.8565678318043,1.02020003522982,0.20201017767162,0.20201017767162,-0.79798982232838,1.20201017767162
37,"constant_B",86.1805347672119,1.10957221336624,0.48078113177875,0.48078113177875,-0.51921886822125,1.48078113177875
38,"constant_B",70.9037142553255,1.00643440106522,0.11362307709047,0.11362307709047,-0.88637692290953,1.11362307709047
39,"constant_B",90.7519483166353,1.13862039526936,0.54447810288694,0.54447810288694,-0.45552189711306,1.54447810288694
40,"constant_B",86.7430931923741,1.11318778541868,0.48906752663139,0.48906752663139,-0.51093247336861,1.48906752663139
41,"constant_B",77.5637534384516,1.05264125919009,0.32871510544742,0.32871510544742,-0.67128489455258,1.32871510544742
42,"constant_B",84.9162653106496,1.1014034249256,0.46161618736549,0.46161618736549,-0.53838381263451,1.46161618736549
43,"constant_B",86.6421406394611,1.11253982682779,0.48759088001932,0.48759088001932,-0.51240911998068,1.48759088001932
44,"constant_B",96.6880566670636,1.17526931057806,0.6174608913823,0.6174608913823,-0.3825391086177,1.6174608913823
45,"constant_B",84.6585628381692,1.09973089460344,0.45761123297541,0.45761123297541,-0.54238876702459,1.45761123297541
46,"constant_B",227.549771323653,1.80297282811176,1.50023698758207,1.50023698758207,0.50023698758207,2.50023698758207
47,"constant_B",178.233646841713,1.59568009164795,1.24346087790554,1.24346087790554,0.24346087790554,2.24346087790554
48,"constant_B",90.4139120793463,1.1364978290429,0.54002529146257,0.54002529146257,-0.45997470853743,1.54002529146257
49,"constant_B",74.3895095438482,1.03087694668075,0.250414215247119,0.250414215247119,-0.74958578475288,1.25041421524712
50,"constant_B",117.142883591684,1.29362659434455,0.82065203685575,0.82065203685575,-0.17934796314425,1.82065203685575
51,"constant_B",88.9601479386844,1.12732393581744,0.52044140521957,0.52044140521957,-0.47955859478043,1.52044140521957
52,"constant_B",144.749734113564,1.43800324911993,1.03336989721952,1.03336989721952,0.0333698972195204,2.03336989721952
53,"constant_B",74.2392002904911,1.02983494024522,0.24608942307599,0.24608942307599,-0.75391057692401,1.24608942307599
54,"constant_B",93.9832698998032,1.15871400329234,0.58533592186518,0.58533592186518,-0.41466407813482,1.58533592186518
55,"constant_B",71.0338977476612,1.00735791445927,0.1215317564414,0.1215317564414,-0.8784682435586,1.1215317564414
56,"constant_B",113.55287970673,1.27364987175065,0.78878640696353,0.78878640696353,-0.21121359303647,1.78878640696353
57,"constant_B",71.1082304649576,1.00788484649047,-0.12582473439316,0.12582473439316,-1.12582473439316,0.87417526560684
58,"constant_B",80.8137383323891,1.07446822948703,0.393041952184479,0.393041952184479,-0.60695804781552,1.39304195218448
59,"constant_B",75.8665794903079,1.04106113097789,0.28949659485557,0.28949659485557,-0.71050340514443,1.28949659485557
60,"constant_B",94.510073818137,1.16195693194183,0.59172959338508,0.59172959338508,-0.40827040661492,1.59172959338508
61,"constant_B",94.5508418211366,1.16220751663828,0.59222150562988,0.59222150562988,-0.40777849437012,1.59222150562988
62,"constant_B",87.5564055481774,1.11839429252182,0.50080514528646,0.50080514528646,-0.49919485471354,1.50080514528646
63,"constant_B",98.4531807472434,1.18594856999572,0.6375531434123,0.6375531434123,-0.3624468565877,1.6375531434123
64,"constant_B",73.6319787406676,1.0256146501396,0.22778369252641,0.22778369252641,-0.77221630747359,1.22778369252641
65,"constant_B",109.930387351434,1.25316962340319,0.75527088188311,0.75527088188311,-0.24472911811689,1.75527088188311
66,"constant_B",114.075360862347,1.27657667702306,0.7935036309427,0.7935036309427,-0.2064963690573,1.7935036309427
67,"constant_B",165.274858609742,1.53657717304098,1.16664879407241,1.16664879407241,0.16664879407241,2.16664879407241
68,"constant_B",114.479075378281,1.2788335945489,0.79712945156158,0.79712945156158,-0.20287054843842,1.79712945156158
69,"constant_B",86.9419978846978,1.11446334224593,0.49196396332452,0.49196396332452,-0.50803603667548,1.49196396332452
70,"constant_B",73.7429026842108,1.02638688531463,0.23123589329053,0.23123589329053,-0.76876410670947,1.23123589329053
71,"constant_B",115.827621131612,1.28634377282287,0.80912316854739,0.80912316854739,-0.19087683145261,1.80912316854739
72,"constant_B",118.698207035964,1.30218611263611,0.83407953574125,0.83407953574125,-0.16592046425875,1.83407953574125
73,"constant_B",98.0359737498516,1.18343310360669,0.63286168371309,0.63286168371309,-0.36713831628691,1.63286168371309
74,"constant_B",78.0458365945648,1.05590744044139,0.339028793437219,0.339028793437219,-0.66097120656278,1.33902879343722
75,"constant_B",78.7460488489437,1.06063356301077,0.35347355627389,0.35347355627389,-0.64652644372611,1.35347355627389
76,"constant_B",106.386681327183,1.23280563482062,0.72097831676512,0.72097831676512,-0.27902168323488,1.72097831676512
77,"constant_B",89.8402466906137,1.13288662079671,0.53238341031647,0.53238341031647,-0.46761658968353,1.53238341031647
78,"constant_B",83.1525408859651,1.0899052441511,0.43346677061578,0.43346677061578,-0.56653322938422,1.43346677061578
79,"constant_B",78.8071757563882,1.06104514348817,0.35470663444575,0.35470663444575,-0.64529336555425,1.35470663444575
80,"constant_B",111.737819024276,1.26342968046886,0.7721752116519,0.7721752116519,-0.2278247883481,1.7721752116519
81,"constant_B",139.191970908243,1.41012649335463,0.99421161090616,0.99421161090616,-0.00578838909384016,1.99421161090616
82,"constant_B",89.8816545396241,1.13314766746455,0.53293867966244,0.53293867966244,-0.46706132033756,1.53293867966244
83,"constant_B",96.7668000751777,1.175747786822,0.61837113307206,0.61837113307206,-0.38162886692794,1.61837113307206
84,"constant_B",76.7632710284171,1.0471953769707,0.31083461446373,0.31083461446373,-0.68916538553627,1.31083461446373
85,"constant_B",85.4716635573764,1.10499944122401,0.47013164656868,0.47013164656868,-0.52986835343132,1.47013164656868
86,"constant_B",70.2461094416675,1.00175638214422,0.0592945964374298,0.0592945964374298,-0.94070540356257,1.05929459643743
87,"constant_B",117.403731117729,1.29506608280223,0.82291929058973,0.82291929058973,-0.17708070941027,1.82291929058973
88,"constant_B",103.607186764949,1.216594701645,0.69289441336375,0.69289441336375,-0.30710558663625,1.69289441336375
89,"constant_B",85.2662457739947,1.10367079572796,0.4670002412663,0.4670002412663,-0.5329997587337,1.4670002412663
90,"constant_B",168.2012456322,1.55012094289538,1.18443021643441,1.18443021643441,0.18443021643441,2.18443021643441
91,"constant_B",91.2277620788519,1.14160139452595,0.55068479548976,0.55068479548976,-0.44931520451024,1.55068479548976
92,"constant_B",75.9621150475309,1.04171640675742,0.29184426002165,0.29184426002165,-0.70815573997835,1.29184426002165
93,"constant_B",80.9247193478896,1.07520575670686,0.39505369161111,0.39505369161111,-0.60494630838889,1.39505369161111
94,"constant_B",108.865491289747,1.24708512305265,0.74513173609721,0.74513173609721,-0.25486826390279,1.74513173609721
95,"constant_B",86.6175012741779,1.1123816230707,0.48722979726757,0.48722979726757,-0.51277020273243,1.48722979726757
96,"constant_B",102.749859378804,1.21155071457323,0.68399936694628,0.68399936694628,-0.31600063305372,1.68399936694628
97,"constant_B",116.539897930583,1.29029286781049,0.81538683133996,0.81538683133996,-0.18461316866004,1.81538683133996
98,"constant_B",74.9453593390611,1.0347212139306,0.26579689719411,0.26579689719411,-0.73420310280589,1.26579689719411
99,"constant_B",79.2144676989574,1.06378346144422,0.36281572849347,0.36281572849347,-0.63718427150653,1.36281572849347
100,"constant_B",196.734364026381,1.67645188259687,1.34554483933557,1.34554483933557,0.34554483933557,2.34554483933557
101,"constant_B",85.1923075595978,1.10319217053835,0.46586796964066,0.46586796964066,-0.53413203035934,1.46586796964066
102,"constant_B",70.4648641139222,1.0033149634652,-0.0814918150072401,0.0814918150072401,-1.08149181500724,0.91850818499276
103,"constant_B",100.968630179994,1.20100333162375,0.66513833340993,0.66513833340993,-0.33486166659007,1.66513833340993
104,"constant_B",84.8068099503718,1.10069335258912,0.45991940210637,0.45991940210637,-0.54008059789363,1.45991940210637
105,"constant_B",139.586544706638,1.41212375371605,0.99704237412916,0.99704237412916,-0.00295762587083992,1.99704237412916
106,"constant_B",154.094571036598,1.48369505452048,1.09606159261628,1.09606159261628,0.0960615926162802,2.09606159261628
107,"constant_B",126.845641803824,1.34613543048145,0.90115514601953,0.90115514601953,-0.09884485398047,1.90115514601953
108,"constant_B",122.754576440201,1.32424952568939,0.86812257561279,0.86812257561279,-0.13187742438721,1.86812257561279
109,"constant_B",81.305300759094,1.0777310873119,0.40187597161125,0.40187597161125,-0.59812402838875,1.40187597161125
110,"constant_B",243.558045454127,1.86531516086282,1.57461126928035,1.57461126928035,0.57461126928035,2.57461126928035
111,"constant_B",105.815110389828,1.22948950143562,0.71529325045075,0.71529325045075,-0.28470674954925,1.71529325045075
112,"constant_B",93.2346426509167,1.15408988663867,0.57612799484287,0.57612799484287,-0.42387200515713,1.57612799484287
113,"constant_B",95.6857612722317,1.16916185652208,0.60575526968089,0.60575526968089,-0.39424473031911,1.60575526968089
114,"constant_B",84.805498092383,1.10068483936387,0.45989902761962,0.45989902761962,-0.54010097238038,1.45989902761962
115,"constant_B",92.9066482339638,1.15205808530376,0.5720470539333,0.5720470539333,-0.4279529460667,1.5720470539333
116,"constant_B",120.580059059745,1.31246800809851,0.850042512044,0.850042512044,-0.149957487956,1.850042512044
117,"constant_B",80.5277583907517,1.07256540520348,0.38780993855149,0.38780993855149,-0.61219006144851,1.38780993855149
118,"constant_B",101.099599240326,1.20178200566805,0.66654331378202,0.66654331378202,-0.33345668621798,1.66654331378202
119,"constant_B",91.4852080891171,1.14321106718324,0.55401402882079,0.55401402882079,-0.44598597117921,1.55401402882079
120,"constant_B",71.1789690155563,1.00838604438377,0.12977832834471,0.12977832834471,-0.87022167165529,1.12977832834471
121,"constant_B",96.357995688429,1.17326160575934,0.61363083001833,0.61363083001833,-0.38636916998167,1.61363083001833
122,"constant_B",86.0110440881541,1.10848058226536,0.47825641789666,0.47825641789666,-0.52174358210334,1.47825641789666
123,"constant_B",122.381812810143,1.3222373506952,0.8650500630446,0.8650500630446,-0.1349499369554,1.8650500630446
124,"constant_B",119.926095202896,1.30890409559675,0.8445294142124,0.8445294142124,-0.1554705857876,1.8445294142124
125,"constant_B",210.798794515122,1.73534185399189,1.41824234537544,1.41824234537544,0.41824234537544,2.41824234537544
126,"constant_B",82.1473417099388,1.08329749053486,0.41657346650876,0.41657346650876,-0.58342653349124,1.41657346650876
127,"constant_B",72.9193346389455,1.02063939790524,0.20421748347378,0.20421748347378,-0.79578251652622,1.20421748347378
128,"constant_B",70.3525417607997,1.00251499283979,0.0709669702648098,0.0709669702648098,-0.92903302973519,1.07096697026481
129,"constant_B",86.4363079219822,1.11121752995778,0.48456619659801,0.48456619659801,-0.51543380340199,1.48456619659801
130,"constant_B",70.2905498726167,1.00207320713906,0.0644260232045502,0.0644260232045502,-0.93557397679545,1.06442602320455
131,"constant_B",86.5459526731776,1.11192209820381,0.48617975325384,0.48617975325384,-0.51382024674616,1.48617975325384
132,"constant_B",70.0081016293151,1.00005786710652,-0.0107581393207396,0.0107581393207396,-1.01075813932074,0.98924186067926
133,"constant_B",102.800144192897,1.2118471390691,0.68452427894849,0.68452427894849,-0.31547572105151,1.68452427894849
134,"constant_B",113.529073092833,1.27351635298734,0.78857079664808,0.78857079664808,-0.21142920335192,1.78857079664808
135,"constant_B",125.356260336874,1.33820914624666,0.88927145411185,0.88927145411185,-0.11072854588815,1.88927145411185
136,"constant_B",115.369279738712,1.28379615504016,0.80506680946111,0.80506680946111,-0.19493319053889,1.80506680946111
137,"constant_B",88.7301699551997,1.12586582526643,0.517275416488019,0.517275416488019,-0.48272458351198,1.51727541648802
138,"constant_B",92.6010013104744,1.15016148748447,0.56821778157014,0.56821778157014,-0.43178221842986,1.56821778157014
139,"constant_B",126.087293812826,1.34210545579285,0.89512404417988,0.89512404417988,-0.10487595582012,1.89512404417988
140,"constant_B",77.9765005553195,1.0554383013389,0.337564820342899,0.337564820342899,-0.6624351796571,1.3375648203429
141,"constant_B",131.6355827153,1.37131627442552,0.93835405072088,0.93835405072088,-0.0616459492791201,1.93835405072088
142,"constant_B",155.35337355013,1.48974289991898,1.10423453480635,1.10423453480635,0.10423453480635,2.10423453480635
143,"constant_B",80.8903378031566,1.07497732735663,0.39443155848741,0.39443155848741,-0.60556844151259,1.39443155848741
144,"constant_B",72.7908159188908,1.01973957402922,0.19967172769648,0.19967172769648,-0.80032827230352,1.19967172769648
145,"constant_B",92.9859081229247,1.15254939852563,0.57303587674925,0.57303587674925,-0.42696412325075,1.57303587674925
146,"constant_B",101.227912139152,1.20254439858132,0.66791693387675,0.66791693387675,-0.33208306612325,1.66791693387675
147,"constant_B",88.2849079884715,1.12303738640522,0.5110899835292,0.5110899835292,-0.4889100164708,1.5110899835292
148,"constant_B",107.207783021846,1.23755394123042,0.72906773173344,0.72906773173344,-0.27093226826656,1.72906773173344
149,"constant_B",70.1490269476603,1.00106391224294,-0.04614061546128,0.04614061546128,-1.04614061546128,0.95385938453872
150,"constant_B",81.3149655306358,1.07779514042482,0.40204771448594,0.40204771448594,-0.59795228551406,1.40204771448594
151,"constant_B",75.6692975301656,1.03970667244019,0.28458735867331,0.28458735867331,-0.71541264132669,1.28458735867331
152,"constant_B",220.987562515182,1.77678506825905,1.46866101561535,1.46866101561535,0.46866101561535,2.46866101561535
153,"constant_B",99.4408251780703,1.19188221600525,0.64852387529649,0.64852387529649,-0.35147612470351,1.64852387529649
154,"constant_B",121.524722879129,1.31759913088232,0.85794374506831,0.85794374506831,-0.14205625493169,1.85794374506831
155,"constant_B",121.400291685475,1.31692440224223,0.856907160211109,0.856907160211109,-0.14309283978889,1.85690716021111
156,"constant_B",70.9119293063955,1.00649270316279,0.11413834377603,0.11413834377603,-0.88586165622397,1.11413834377603
157,"constant_B",97.8325570325417,1.18220470207479,0.63056162078558,0.63056162078558,-0.36943837921442,1.63056162078558
158,"constant_B",85.5757394792211,1.10567199656538,0.47171025427573,0.47171025427573,-0.52828974572427,1.47171025427573
159,"constant_B",90.5038457923727,1.13706291943242,0.54121352786879,0.54121352786879,-0.45878647213121,1.54121352786879
160,"constant_B",91.6823994034932,1.14444246815078,0.55655059330401,0.55655059330401,-0.44344940669599,1.55655059330401
161,"constant_B",87.814561376546,1.120041844732,0.50447371978197,0.50447371978197,-0.49552628021803,1.50447371978197
162,"constant_B",92.8243259159414,1.15154756688517,0.57101821231828,0.57101821231828,-0.42898178768172,1.57101821231828
163,"constant_B",121.230740142808,1.31600445148405,0.85549267461845,0.85549267461845,-0.14450732538155,1.85549267461845
164,"constant_B",78.4357069355172,1.05854149615347,0.34714564534042,0.34714564534042,-0.65285435465958,1.34714564534042
165,"constant_B",74.3870688294123,1.03086003504295,0.25034458621817,0.25034458621817,-0.74965541378183,1.25034458621817
166,"constant_B",88.4245305562593,1.12392507729614,0.51303760035219,0.51303760035219,-0.48696239964781,1.51303760035219
167,"constant_B",108.642664568272,1.24580819762154,0.7429926414582,0.7429926414582,-0.2570073585418,1.7429926414582
168,"constant_B",81.3000255123594,1.07769612409568,0.40178219956943,0.40178219956943,-0.59821780043057,1.40178219956943
169,"constant_B",74.5034952787982,1.0316664416564,0.25364472563011,0.25364472563011,-0.74635527436989,1.25364472563011
170,"constant_B",70.0478816030639,1.00034195298453,0.0261538314767196,0.0261538314767196,-0.97384616852328,1.02615383147672
171,"constant_B",88.5019322488211,1.12441687902677,0.51411410974637,0.51411410974637,-0.48588589025363,1.51411410974637
172,"constant_B",92.6354204605506,1.15037522115023,0.56865028746712,0.56865028746712,-0.43134971253288,1.56865028746712
173,"constant_B",93.7391519101566,1.15720816691452,0.58234932950392,0.58234932950392,-0.41765067049608,1.58234932950392
174,"constant_B",78.7158385089599,1.06043009137775,0.35286254930132,0.35286254930132,-0.64713745069868,1.35286254930132
175,"constant_B",86.8365147440069,1.11378707085336,0.49043005535968,0.49043005535968,-0.50956994464032,1.49043005535968
176,"constant_B",72.9009882826497,1.02051099442982,0.20357477680729,0.20357477680729,-0.79642522319271,1.20357477680729
177,"constant_B",136.810863345578,1.39801319912826,0.97695491448522,0.97695491448522,-0.0230450855147799,1.97695491448522
178,"constant_B",78.6815429924898,1.06019905807818,0.35216763444396,0.35216763444396,-0.64783236555604,1.35216763444396
179,"constant_B",100.323729154573,1.19716169784187,0.65817636753352,0.65817636753352,-0.34182363246648,1.65817636753352
180,"constant_B",92.073931170818,1.14688354852131,0.56155309087283,0.56155309087283,-0.43844690912717,1.56155309087283
181,"constant_B",88.1065026290605,1.12190210057397,0.50859052613305,0.50859052613305,-0.49140947386695,1.50859052613305
182,"constant_B",122.659015907177,1.32373398227016,0.86733595325964,0.86733595325964,-0.13266404674036,1.86733595325964
183,"constant_B",73.7112183210395,1.02616636301639,0.230255085907519,0.230255085907519,-0.76974491409248,1.23025508590752
184,"constant_B",83.437245800402,1.09176950602747,0.43813314676187,0.43813314676187,-0.56186685323813,1.43813314676187
185,"constant_B",70.0001013169847,1.00000072369249,0.00120307335377939,0.00120307335377939,-0.99879692664622,1.00120307335378
186,"constant_B",87.5633115102072,1.11843839801118,0.50090363359215,0.50090363359215,-0.49909636640785,1.50090363359215
187,"constant_B",138.489382902177,1.40656310052034,0.98915102777351,0.98915102777351,-0.0108489722264902,1.98915102777351
188,"constant_B",78.474631016482,1.05880411662324,0.34794562416894,0.34794562416894,-0.65205437583106,1.34794562416894
189,"constant_B",75.5019077266,1.03855605617057,0.280354564451109,0.280354564451109,-0.71964543554889,1.28035456445111
190,"constant_B",87.1858904252163,1.11602541205845,0.49549240191978,0.49549240191978,-0.50450759808022,1.49549240191978
191,"constant_B",85.3667766630679,1.1043212308477,0.46853535715138,0.46853535715138,-0.53146464284862,1.46853535715138
192,"constant_B",75.0819422961776,1.03566364021321,0.26944234199487,0.26944234199487,-0.73055765800513,1.26944234199487
193,"constant_B",112.576797395524,1.26816401257614,0.7798974052997,0.7798974052997,-0.2201025947003,1.7798974052997
194,"constant_B",77.1174702185064,1.04960856798078,0.31887010831789,0.31887010831789,-0.68112989168211,1.31887010831789
195,"constant_B",84.5022341542408,1.09871505570462,0.45516455665178,0.45516455665178,-0.54483544334822,1.45516455665178
196,"constant_B",70.0456651830082,1.00032612669932,-0.0255413342889599,0.0255413342889599,-1.02554133428896,0.97445866571104
197,"constant_B",73.0543070445358,1.02158355398816,0.20888503483755,0.20888503483755,-0.79111496516245,1.20888503483755
198,"constant_B",77.7865160635631,1.05415176505339,0.3335205297507,0.3335205297507,-0.6664794702493,1.3335205297507
199,"constant_B",117.423244456462,1.29517370294744,0.82308864699168,0.82308864699168,-0.17691135300832,1.82308864699168
200,"constant_B",101.320705990333,1.20309544800268,0.66890855653427,0.66890855653427,-0.33109144346573,1.66890855653427
