"task_id","simulation_seed","best_run","start_B0","start_sigma_beta","B0_hat","sigma_beta_hat","logLik","logLik_se","n_successful_pf_evals","final_pf_logLik","fit_success","final_pf_success","status"
1,1001,1,2,0.1,4.33609630927602,0.21536754334235,-184.847324460705,0.0235154921170838,5,-184.825975424596,TRUE,TRUE,"success"
2,1002,9,6,0.45,4.60192525068267,0.250565185874813,-195.959523019814,0.0100284585057148,5,-196.021056898393,TRUE,TRUE,"success"
3,1003,3,6,0.1,3.76643323581901,0.41246440253688,-142.308612420738,0.0373457543547895,5,-142.550815767467,TRUE,TRUE,"success"
4,1004,6,6,0.3,4.37188380626113,0.178522564859799,-206.232097625378,0.0202430292854611,5,-206.316761088178,TRUE,TRUE,"success"
5,1005,8,4,0.45,3.81465701284101,0.318984643124471,-189.238308024468,0.0131653728565936,5,-189.310142924685,TRUE,TRUE,"success"
6,1006,5,4,0.3,3.25567422499646,0.26671599824613,-190.027484593678,0.0186607386689855,5,-190.099174591686,TRUE,TRUE,"success"
7,1007,1,2,0.1,4.57419118857791,0.286942483642045,-204.871364883367,0.0223518260994401,5,-204.982927982052,TRUE,TRUE,"success"
8,1008,6,6,0.3,4.32606019105185,0.257888289244002,-217.246449664934,0.0326979062955306,5,-217.405081226435,TRUE,TRUE,"success"
9,1009,2,4,0.1,4.54246924698395,0.214153900419645,-200.238256557971,0.0281068346904965,5,-200.240081558824,TRUE,TRUE,"success"
10,1010,1,2,0.1,3.53636973034169,0.217586074943185,-188.326248290786,0.0516693865671776,5,-188.412592795962,TRUE,TRUE,"success"
11,1011,4,2,0.3,4.3351099539335,0.239621453291979,-220.068353654269,0.0275484705128044,5,-220.028080680026,TRUE,TRUE,"success"
12,1012,8,4,0.45,4.26890529259525,0.416361365945935,-192.809566823947,0.0109879211942937,5,-192.832282077395,TRUE,TRUE,"success"
13,1013,5,4,0.3,4.34589790873574,0.210878513384993,-197.947331329189,0.0144373529100406,5,-197.948797968957,TRUE,TRUE,"success"
14,1014,4,2,0.3,4.09299252036148,0.278568151193847,-215.99908246321,0.0434021144561729,5,-216.288324556645,TRUE,TRUE,"success"
15,1015,7,2,0.45,3.87667493341252,0.276596142154193,-210.284915672949,0.0295683210841464,5,-210.401677752092,TRUE,TRUE,"success"
16,1016,4,2,0.3,4.64100445220801,0.199078040956689,-197.061218175587,0.0255041167696887,5,-197.074121510527,TRUE,TRUE,"success"
17,1017,7,2,0.45,3.5289335717674,0.380338503106133,-165.61296683173,0.0267567066705869,5,-165.52711856616,TRUE,TRUE,"success"
18,1018,6,6,0.3,3.6416568620693,0.189770701963201,-174.025133940068,0.00840550403172556,5,-174.045788946753,TRUE,TRUE,"success"
19,1019,2,4,0.1,4.27465906466043,0.367959417514719,-191.599898768324,0.00560829342081965,5,-191.658367814359,TRUE,TRUE,"success"
20,1020,2,4,0.1,3.83756484775219,0.294204363474361,-206.48956808908,0.0438853029499088,5,-206.621375123667,TRUE,TRUE,"success"
21,1021,8,4,0.45,4.63092401699003,0.296111261328575,-188.588725233665,0.00850314437996164,5,-188.567502288243,TRUE,TRUE,"success"
22,1022,2,4,0.1,4.16991193030085,0.217635066390837,-185.273540673627,0.0169561405795587,5,-185.328745748425,TRUE,TRUE,"success"
23,1023,9,6,0.45,5.08180948298053,0.271921001470964,-192.058884143254,0.0133781266534058,5,-192.071133506981,TRUE,TRUE,"success"
24,1024,7,2,0.45,3.38629798918661,0.243638930481357,-192.43630138791,0.0179843475954619,5,-192.402573856602,TRUE,TRUE,"success"
25,1025,4,2,0.3,4.19734334440871,0.337611750902533,-189.249724261563,0.0550892652084158,5,-189.409371665096,TRUE,TRUE,"success"
26,1026,9,6,0.45,4.187501196629,0.226209020501026,-195.225122878305,0.0144264655022814,5,-195.270943968894,TRUE,TRUE,"success"
27,1027,2,4,0.1,3.62404444775898,0.244699375055881,-195.441494359341,0.0151544426241211,5,-195.516047001768,TRUE,TRUE,"success"
28,1028,1,2,0.1,5.52884675703714,0.347160113926131,-200.719969588026,0.0159498095094765,5,-200.787131029978,TRUE,TRUE,"success"
29,1029,3,6,0.1,3.05187809127417,0.275897799241372,-177.00401688517,0.0243463791257195,5,-177.030961318374,TRUE,TRUE,"success"
30,1030,1,2,0.1,5.22325172931778,0.299634466116691,-213.209651579921,0.0157075372323364,5,-213.325994084868,TRUE,TRUE,"success"
31,1031,5,4,0.3,3.55999778404732,0.517565998326855,-167.892190175172,0.0353592454368315,5,-167.94712463671,TRUE,TRUE,"success"
32,1032,8,4,0.45,4.64976265652696,0.263271092495521,-207.060103994174,0.0127242776590843,5,-207.080725829303,TRUE,TRUE,"success"
33,1033,5,4,0.3,4.6990379449349,0.170759709486774,-209.777120602448,0.0182961517829177,5,-209.819623060581,TRUE,TRUE,"success"
34,1034,7,2,0.45,4.2015771631864,0.217709718216105,-188.808971025954,0.00900440861070747,5,-188.814771188485,TRUE,TRUE,"success"
35,1035,9,6,0.45,3.10732343064001,0.296641329401077,-191.411394331723,0.0315683357820184,5,-191.39687148603,TRUE,TRUE,"success"
36,1036,4,2,0.3,3.9079753598727,0.216698973226155,-190.464344451921,0.0166173483765428,5,-190.488915294965,TRUE,TRUE,"success"
37,1037,9,6,0.45,5.21812090671759,0.382492149157533,-188.174536305247,0.0263394476940753,5,-188.279511729261,TRUE,TRUE,"success"
38,1038,3,6,0.1,2.81832679223201,0.2946204868576,-163.175608529682,0.0075079407335348,5,-163.20401444427,TRUE,TRUE,"success"
39,1039,5,4,0.3,4.80218224586692,0.327875490165849,-207.429971145712,0.0353935923626461,5,-207.475846612639,TRUE,TRUE,"success"
40,1040,7,2,0.45,4.23862274914826,0.26240255447263,-191.259300751775,0.0140465182197904,5,-191.274230655707,TRUE,TRUE,"success"
41,1041,7,2,0.45,3.07393542317868,0.394883788641843,-189.666654183002,0.0175853508527597,5,-189.690945080148,TRUE,TRUE,"success"
42,1042,7,2,0.45,4.09636556590393,0.327100636176943,-210.636542030499,0.016603301589011,5,-210.587852677956,TRUE,TRUE,"success"
43,1043,7,2,0.45,3.24360515120968,0.340135437144467,-198.054100016206,0.0237927828982543,5,-198.106736271706,TRUE,TRUE,"success"
44,1044,4,2,0.3,4.11115783991744,0.239870471340008,-201.625715131849,0.0202797407234499,5,-201.73921807154,TRUE,TRUE,"success"
45,1045,8,4,0.45,3.92100814882042,0.332952740521633,-195.032380073911,0.00822659058034109,5,-195.056653324802,TRUE,TRUE,"success"
46,1046,2,4,0.1,4.48629413681553,0.216461931727781,-199.886657972022,0.0230216267107118,5,-199.917879674443,TRUE,TRUE,"success"
47,1047,5,4,0.3,4.39587739904339,0.195495387190526,-192.234182290588,0.00919209765671566,5,-192.286850531548,TRUE,TRUE,"success"
48,1048,7,2,0.45,4.53570706581119,0.25513067103517,-183.870614624048,0.020594274347448,5,-183.904883810276,TRUE,TRUE,"success"
49,1049,2,4,0.1,3.1089766121251,0.341241919889277,-165.086725758399,0.0176601818611782,5,-165.157524879983,TRUE,TRUE,"success"
50,1050,1,2,0.1,4.81903676455158,0.173021420855012,-199.778045496739,0.0135695787485302,5,-199.804914519767,TRUE,TRUE,"success"
51,1051,4,2,0.3,4.27823588305809,0.260987250797535,-206.114544097411,0.0215519972219784,5,-206.156480195578,TRUE,TRUE,"success"
52,1052,4,2,0.3,5.64349029972063,0.31763669316144,-202.383547480191,0.0176101222510898,5,-202.412361887631,TRUE,TRUE,"success"
53,1053,5,4,0.3,3.3524783869757,0.269721569410613,-193.814171726742,0.008500135565568,5,-193.831983350132,TRUE,TRUE,"success"
54,1054,4,2,0.3,5.17060526565222,0.360091720625564,-197.541864693043,0.0334545385354379,5,-197.639248511303,TRUE,TRUE,"success"
55,1055,1,2,0.1,3.17699692738653,0.195382764961519,-175.158147942061,0.0236702379936396,5,-175.240296987893,TRUE,TRUE,"success"
56,1056,7,2,0.45,4.46433496447299,0.244783148358433,-188.417813935665,0.00913050707477956,5,-188.459902391877,TRUE,TRUE,"success"
57,1057,5,4,0.3,2.82452895198876,0.164216675124822,-128.900951225911,0.0210220903265183,5,-128.875448296787,TRUE,TRUE,"success"
58,1058,7,2,0.45,3.11128537033041,0.29658294722466,-188.060135780053,0.0293639207165693,5,-188.153948420083,TRUE,TRUE,"success"
59,1059,8,4,0.45,3.54071651497717,0.246527809968006,-197.892133230513,0.0214739029543538,5,-197.96237900254,TRUE,TRUE,"success"
60,1060,8,4,0.45,4.46586220437194,0.204635093792777,-206.953119600744,0.0276453730878273,5,-206.985998724954,TRUE,TRUE,"success"
61,1061,1,2,0.1,3.85686951547608,0.274272865815061,-207.417081356417,0.0161515674991529,5,-207.359240078713,TRUE,TRUE,"success"
62,1062,3,6,0.1,3.81271568304132,0.323147905160827,-192.923933927578,0.0411772277102448,5,-192.982973592303,TRUE,TRUE,"success"
63,1063,1,2,0.1,4.44459667147515,0.303141821699559,-189.636224986733,0.0168923915947074,5,-189.72813698448,TRUE,TRUE,"success"
64,1064,4,2,0.3,3.65456520836036,0.179298785288876,-189.055995577349,0.0616905283192602,5,-189.243764343561,TRUE,TRUE,"success"
65,1065,4,2,0.3,3.97314310165428,0.321886722280378,-200.11564420332,0.0229257418987996,5,-199.976158051631,TRUE,TRUE,"success"
66,1066,3,6,0.1,4.44440896684792,0.273982104807493,-208.94614016983,0.0174110293505877,5,-209.028084844985,TRUE,TRUE,"success"
67,1067,8,4,0.45,4.34120403918555,0.261450545947091,-187.856149882712,0.0198062200026741,5,-187.830393089522,TRUE,TRUE,"success"
68,1068,7,2,0.45,4.77333523166212,0.303414726888618,-192.515527017886,0.0156993302890883,5,-192.589058641866,TRUE,TRUE,"success"
69,1069,4,2,0.3,3.33799844570177,0.434987436261212,-177.971970215495,0.0209840830810225,5,-177.977514238031,TRUE,TRUE,"success"
70,1070,6,6,0.3,3.52113093128823,0.329703139843098,-183.296835209113,0.0226261563965603,5,-183.307957112769,TRUE,TRUE,"success"
71,1071,9,6,0.45,4.28915914699326,0.284333656548932,-208.348513857788,0.0357122879418357,5,-208.360834626713,TRUE,TRUE,"success"
72,1072,3,6,0.1,4.16579104707682,0.287106879779531,-186.608273743149,0.0120106611070739,5,-186.607348457901,TRUE,TRUE,"success"
73,1073,5,4,0.3,4.24143300793072,0.20535050229937,-192.686900595628,0.0272588475798227,5,-192.719638465388,TRUE,TRUE,"success"
74,1074,4,2,0.3,3.93623813513158,0.267193661286621,-200.173964148693,0.0167018671866827,5,-200.152118300834,TRUE,TRUE,"success"
75,1075,7,2,0.45,3.47086862545609,0.27885774490319,-182.749461216862,0.0136669013493978,5,-182.810338167774,TRUE,TRUE,"success"
76,1076,5,4,0.3,4.54471858971087,0.283302447092744,-212.867802428617,0.0324509581180118,5,-212.738247873101,TRUE,TRUE,"success"
77,1077,4,2,0.3,4.16905082403954,0.268594005216693,-192.75325800703,0.0254688842050906,5,-192.837449710963,TRUE,TRUE,"success"
78,1078,5,4,0.3,3.43278414713592,0.228144869483232,-207.115520223478,0.00926874902118718,5,-207.176497319058,TRUE,TRUE,"success"
79,1079,9,6,0.45,4.18829085416628,0.25025311100379,-199.155983248869,0.0124774446919165,5,-199.219119730645,TRUE,TRUE,"success"
80,1080,9,6,0.45,3.98512802914974,0.301572645574417,-189.619930021977,0.0180739956313341,5,-189.673701959338,TRUE,TRUE,"success"
81,1081,2,4,0.1,4.28458268782013,0.253696542455597,-193.482457490396,0.0239180238648918,5,-193.487532166507,TRUE,TRUE,"success"
82,1082,8,4,0.45,4.05995282721007,0.392322270315364,-188.019416044617,0.0540020186076602,5,-188.086613829671,TRUE,TRUE,"success"
83,1083,2,4,0.1,3.83907163888422,0.453868101056997,-191.055422986414,0.0202411188860655,5,-191.128209548647,TRUE,TRUE,"success"
84,1084,9,6,0.45,3.07124362161418,0.302820544167628,-168.874066268521,0.0251570425228173,5,-168.916930983272,TRUE,TRUE,"success"
85,1085,7,2,0.45,4.03194859304695,0.263814995669667,-196.218819380061,0.0359914279954354,5,-196.312608403488,TRUE,TRUE,"success"
86,1086,5,4,0.3,4.33152718479317,0.397526738664778,-147.83927515028,0.0224189956507413,5,-147.909071801846,TRUE,TRUE,"success"
87,1087,7,2,0.45,4.78920348619669,0.181546094160598,-209.887854619446,0.0179769595959462,5,-209.919778709611,TRUE,TRUE,"success"
88,1088,8,4,0.45,4.24905466440702,0.240905645621882,-208.716896906154,0.0247074164758581,5,-208.84269973471,TRUE,TRUE,"success"
89,1089,8,4,0.45,3.42464482938102,0.309173004781373,-184.197976584012,0.0174260688108232,5,-184.111372403414,TRUE,TRUE,"success"
90,1090,4,2,0.3,4.39426152721928,0.206931714588429,-191.928233164445,0.0106565206256078,5,-191.941577234396,TRUE,TRUE,"success"
91,1091,2,4,0.1,4.01111692598389,0.273275274271858,-184.977193606609,0.0307245282103549,5,-184.997508430416,TRUE,TRUE,"success"
92,1092,6,6,0.3,3.81976204721396,0.373975697248932,-190.598579168998,0.0113792574753572,5,-190.702272372945,TRUE,TRUE,"success"
93,1093,1,2,0.1,4.18569193485658,0.234668491973605,-196.038064566827,0.0139696631047739,5,-196.063584979124,TRUE,TRUE,"success"
94,1094,1,2,0.1,3.93925293675221,0.459635098427434,-212.23686884762,0.0490117801884817,5,-212.292072174976,TRUE,TRUE,"success"
95,1095,7,2,0.45,4.2932532912797,0.207890165198572,-187.409338992447,0.00727580598735195,5,-187.453228006245,TRUE,TRUE,"success"
96,1096,2,4,0.1,3.78421586300127,0.325637456097385,-188.623977880364,0.011581557330261,5,-188.602164759192,TRUE,TRUE,"success"
97,1097,4,2,0.3,4.90349736667241,0.267297973237544,-204.06176109895,0.0248549663024842,5,-204.218146311863,TRUE,TRUE,"success"
98,1098,1,2,0.1,3.46927225937208,0.384953044520214,-173.730395407288,0.0278345716216654,5,-173.732673833776,TRUE,TRUE,"success"
99,1099,1,2,0.1,3.09540056885877,0.264357652254456,-181.48290106343,0.0328184313727315,5,-181.55927495318,TRUE,TRUE,"success"
100,1100,9,6,0.45,4.38777177037853,0.166062016903121,-198.756600007126,0.0233111663163066,5,-198.77964449736,TRUE,TRUE,"success"
101,1101,1,2,0.1,3.40793370793019,0.276704789079333,-182.807432756745,0.0183070315278415,5,-182.868343469922,TRUE,TRUE,"success"
102,1102,5,4,0.3,3.26944989481658,0.139549423451489,-138.971486818092,0.024876376224665,5,-138.969695817866,TRUE,TRUE,"success"
103,1103,9,6,0.45,4.26570102544287,0.291929578123933,-195.777944244592,0.0203572319475339,5,-195.795454289759,TRUE,TRUE,"success"
104,1104,2,4,0.1,3.52182402668351,0.308064790991003,-179.785436357651,0.00507413617835189,5,-179.802376539047,TRUE,TRUE,"success"
105,1105,3,6,0.1,4.01210191886148,0.487025805792143,-200.241588415772,0.0355545122028472,5,-200.290003889937,TRUE,TRUE,"success"
106,1106,1,2,0.1,3.87749334319169,0.373514111009148,-191.031785486699,0.0178045225340934,5,-191.131694036392,TRUE,TRUE,"success"
107,1107,6,6,0.3,4.47629917125346,0.238449384204469,-203.735602426727,0.0264345473372678,5,-203.699207351608,TRUE,TRUE,"success"
108,1108,4,2,0.3,5.92683685685909,0.378370469702305,-207.404911199798,0.026364563125449,5,-207.488158579849,TRUE,TRUE,"success"
109,1109,4,2,0.3,3.55227494553845,0.248760284439147,-179.609429107957,0.0232447088606355,5,-179.645376742221,TRUE,TRUE,"success"
110,1110,3,6,0.1,4.33156266194813,0.281127308284903,-199.649629713827,0.0245187355968127,5,-199.723597779503,TRUE,TRUE,"success"
111,1111,1,2,0.1,4.63842621132234,0.310321013110884,-188.002096234068,0.0179103526744388,5,-187.994405334438,TRUE,TRUE,"success"
112,1112,6,6,0.3,5.09466382006166,0.436525588506926,-185.830513068822,0.0327485177151804,5,-185.80712307448,TRUE,TRUE,"success"
113,1113,7,2,0.45,4.23171699655983,0.211891362334034,-199.230351747761,0.0137830319630313,5,-199.207288163224,TRUE,TRUE,"success"
114,1114,6,6,0.3,4.25855529942927,0.28614051831035,-190.789017655342,0.0123036276081893,5,-190.790283349374,TRUE,TRUE,"success"
115,1115,9,6,0.45,4.82908935347869,0.242965931841943,-210.163584453402,0.0109371719723597,5,-210.106280597358,TRUE,TRUE,"success"
116,1116,2,4,0.1,4.64133217947152,0.160574217563735,-200.193984463392,0.0161693836661346,5,-200.205376070415,TRUE,TRUE,"success"
117,1117,5,4,0.3,3.63446467329719,0.36724547273909,-184.274580117787,0.0251368989546532,5,-184.346096049825,TRUE,TRUE,"success"
118,1118,4,2,0.3,3.91201599240583,0.272768376198967,-198.654721132339,0.0232600360451884,5,-198.748937263955,TRUE,TRUE,"success"
119,1119,1,2,0.1,4.2261274223101,0.235103257533072,-204.891004001425,0.00869595968955278,5,-204.894373605004,TRUE,TRUE,"success"
120,1120,8,4,0.45,3.4624998171816,0.204503848006974,-183.580895204744,0.0137808519843087,5,-183.614666024327,TRUE,TRUE,"success"
121,1121,5,4,0.3,4.26538861249365,0.25078786841752,-202.084552385679,0.0148502237838001,5,-202.03755367058,TRUE,TRUE,"success"
122,1122,3,6,0.1,4.16739395096983,0.257991176530639,-181.892049960934,0.00493947175183959,5,-181.884132695782,TRUE,TRUE,"success"
123,1123,1,2,0.1,4.7569956032247,0.511470926986597,-190.362708326798,0.0289613274235611,5,-190.432784342102,TRUE,TRUE,"success"
124,1124,9,6,0.45,4.47249748897697,0.305164774614594,-190.14960527183,0.0105426865660073,5,-190.264359646899,TRUE,TRUE,"success"
125,1125,3,6,0.1,4.85527929458324,0.162674578725721,-193.667651032253,0.00438832547179573,5,-193.63121017555,TRUE,TRUE,"success"
126,1126,8,4,0.45,4.08874277210375,0.272602235203196,-197.283221386914,0.0300096044253153,5,-197.379101709873,TRUE,TRUE,"success"
127,1127,2,4,0.1,3.74052521253051,0.34187564118266,-156.402378703517,0.0365792838872656,5,-156.425216558148,TRUE,TRUE,"success"
128,1128,4,2,0.3,3.46136078766748,0.362645587821268,-163.462723596832,0.0141346211222453,5,-163.538650931545,TRUE,TRUE,"success"
129,1129,9,6,0.45,4.94868269197831,0.292997851377231,-193.379835643657,0.0133657560688608,5,-193.462665925113,TRUE,TRUE,"success"
130,1130,2,4,0.1,2.87104178318647,0.372239303122141,-145.289221725865,0.0235384701317329,5,-145.260756329715,TRUE,TRUE,"success"
131,1131,8,4,0.45,4.21965709603142,0.246055579968177,-192.235173917147,0.0152967909223012,5,-192.289165019767,TRUE,TRUE,"success"
132,1132,8,4,0.45,3.85314820759158,0.405412734470584,-129.555018780348,0.0133965535276907,5,-129.547346537373,TRUE,TRUE,"success"
133,1133,2,4,0.1,5.28257121885159,0.36874858043996,-207.346034755234,0.00732617585696094,5,-207.374792822079,TRUE,TRUE,"success"
134,1134,5,4,0.3,4.223929904809,0.21435923076153,-185.835025477424,0.0115798912149506,5,-185.865969840189,TRUE,TRUE,"success"
135,1135,6,6,0.3,4.25570448078911,0.407939765670026,-202.294176521049,0.0176516546881062,5,-202.338284320964,TRUE,TRUE,"success"
136,1136,2,4,0.1,5.25808848048657,0.300963212819384,-214.010166189827,0.0483470487681007,5,-213.941970020349,TRUE,TRUE,"success"
137,1137,8,4,0.45,3.69662490886822,0.25500247169004,-184.880747128695,0.0236882373366588,5,-184.928991002781,TRUE,TRUE,"success"
138,1138,1,2,0.1,3.76383843720768,0.2969010367913,-180.103482905514,0.0130573280629971,5,-180.091519250895,TRUE,TRUE,"success"
139,1139,1,2,0.1,4.13221616928142,0.29717704850313,-194.43207283248,0.0218861305877926,5,-194.326371612003,TRUE,TRUE,"success"
140,1140,7,2,0.45,3.3800581530799,0.260433851138688,-180.217248218682,0.0254710071168596,5,-180.173584311679,TRUE,TRUE,"success"
141,1141,4,2,0.3,4.23547356710767,0.207620460015268,-207.907429553665,0.0133535095224152,5,-207.922186157111,TRUE,TRUE,"success"
142,1142,8,4,0.45,4.7387731462775,0.28263489235844,-191.435384347976,0.00627763714554231,5,-191.425035943677,TRUE,TRUE,"success"
143,1143,9,6,0.45,3.49917443184885,0.212525661509112,-192.469386005536,0.0169307997855026,5,-192.442582529414,TRUE,TRUE,"success"
144,1144,5,4,0.3,3.53423099159724,0.251320545045089,-185.675699269118,0.0297507651469797,5,-185.676440967001,TRUE,TRUE,"success"
145,1145,9,6,0.45,4.08137604772541,0.318461288709797,-187.398970370645,0.0174643349019091,5,-187.472257636848,TRUE,TRUE,"success"
146,1146,2,4,0.1,4.94264825322445,0.397563507848677,-197.630488496096,0.0276777387394145,5,-197.715059185664,TRUE,TRUE,"success"
147,1147,8,4,0.45,3.82417143748759,0.234640740808892,-195.675204665415,0.0237546576586131,5,-195.715339098349,TRUE,TRUE,"success"
148,1148,1,2,0.1,4.09213673222006,0.147522285976676,-213.601241026905,0.0198048731309207,5,-213.604477048036,TRUE,TRUE,"success"
149,1149,9,6,0.45,3.08039619743945,0.262097674309167,-127.251110495349,0.010795713094278,5,-127.354836559165,TRUE,TRUE,"success"
150,1150,1,2,0.1,3.87237270449758,0.271380249156535,-191.381015654647,0.026448258650699,5,-191.40366617237,TRUE,TRUE,"success"
151,1151,8,4,0.45,3.43933090523597,0.246686748309268,-195.392903809021,0.0171477777148254,5,-195.3585515112,TRUE,TRUE,"success"
152,1152,9,6,0.45,4.584682407013,0.242156884907204,-187.537425683339,0.0176268368603482,5,-187.549862226939,TRUE,TRUE,"success"
153,1153,4,2,0.3,3.94924268738557,0.254603030692788,-186.93221945648,0.0192140326227331,5,-186.980882800901,TRUE,TRUE,"success"
154,1154,6,6,0.3,4.85634385408432,0.190237231255141,-203.652236537517,0.0142001285976944,5,-203.633293392749,TRUE,TRUE,"success"
155,1155,3,6,0.1,4.74226427720105,0.358392828694542,-197.7107886564,0.0174916913962758,5,-197.704047941686,TRUE,TRUE,"success"
156,1156,7,2,0.45,3.41545313362831,0.328474241199528,-164.118758315367,0.0272077000617691,5,-164.251360058001,TRUE,TRUE,"success"
157,1157,7,2,0.45,4.16501179864825,0.220978989058445,-210.997011397212,0.0238632713016594,5,-211.074899980889,TRUE,TRUE,"success"
158,1158,9,6,0.45,3.4069572633393,0.319200189816846,-191.800631620139,0.03333067591817,5,-191.738619561899,TRUE,TRUE,"success"
159,1159,4,2,0.3,4.60664102170659,0.226613993475492,-201.187877300944,0.0125357000093447,5,-201.186585278699,TRUE,TRUE,"success"
160,1160,8,4,0.45,4.0554088849251,0.21175589949279,-203.391923852579,0.0211886494881092,5,-203.471531449188,TRUE,TRUE,"success"
161,1161,2,4,0.1,4.30254156445678,0.226123496651199,-201.831199575797,0.0253454960210577,5,-201.897366917534,TRUE,TRUE,"success"
162,1162,5,4,0.3,3.44829042510696,0.273990597378201,-193.178292174977,0.0139884482296299,5,-193.195497199397,TRUE,TRUE,"success"
163,1163,2,4,0.1,3.84368461230195,0.294914318679466,-191.982821084999,0.0102073613160127,5,-191.959841523773,TRUE,TRUE,"success"
164,1164,1,2,0.1,3.14084314939313,0.293350388163102,-183.450688340489,0.0196036267369169,5,-183.532026027279,TRUE,TRUE,"success"
165,1165,2,4,0.1,3.62521815557135,0.259190650104563,-193.788326424354,0.0172040336441924,5,-193.804678800512,TRUE,TRUE,"success"
166,1166,7,2,0.45,2.71049465980683,0.339177985395457,-194.560099754196,0.0379147971626645,5,-194.560858210148,TRUE,TRUE,"success"
167,1167,8,4,0.45,4.2698022273434,0.25118843558898,-193.779951794442,0.0193672376856398,5,-193.779532704793,TRUE,TRUE,"success"
168,1168,5,4,0.3,3.76352882904122,0.291838037794951,-176.699083371381,0.0187405321576826,5,-176.667165568529,TRUE,TRUE,"success"
169,1169,4,2,0.3,5.07556395723379,0.359856101502434,-179.313794841305,0.016213239483114,5,-179.389226229341,TRUE,TRUE,"success"
170,1170,7,2,0.45,3.88670871733845,0.414813128167705,-157.698985081587,0.0121909987570072,5,-157.767708315226,TRUE,TRUE,"success"
171,1171,8,4,0.45,4.45571734797121,0.338628156899931,-193.402378609828,0.0197715596484912,5,-193.41755089376,TRUE,TRUE,"success"
172,1172,4,2,0.3,4.29773310088848,0.329029009781795,-185.044883164007,0.0348856791837473,5,-185.057983908365,TRUE,TRUE,"success"
173,1173,6,6,0.3,3.87109944807893,0.243955298663218,-200.679885923369,0.0404256466707223,5,-200.820783924919,TRUE,TRUE,"success"
174,1174,2,4,0.1,3.49355077871679,0.245730511975077,-188.326051456451,0.0068304720873194,5,-188.395128531747,TRUE,TRUE,"success"
175,1175,5,4,0.3,4.12361689043924,0.152675026395441,-208.309844663963,0.0247961172153729,5,-208.383582379837,TRUE,TRUE,"success"
176,1176,2,4,0.1,3.96738153940358,0.246406001237795,-198.467747245657,0.0252848279780635,5,-198.508953819516,TRUE,TRUE,"success"
177,1177,9,6,0.45,4.75902215003465,0.348799670631678,-188.249045764655,0.0238806831524575,5,-188.218314757776,TRUE,TRUE,"success"
178,1178,5,4,0.3,4.62516533580645,0.272001524460853,-190.877283890378,0.0123439766794249,5,-190.917867557153,TRUE,TRUE,"success"
179,1179,3,6,0.1,4.09507341078611,0.239905764138045,-191.09663654265,0.0146932901585195,5,-191.154298835969,TRUE,TRUE,"success"
180,1180,6,6,0.3,4.13570137276043,0.271624620622551,-202.693253260501,0.0122657293152941,5,-202.647089512976,TRUE,TRUE,"success"
181,1181,8,4,0.45,3.93804213199502,0.190561324529947,-198.938720406441,0.0187074167898274,5,-198.952081976335,TRUE,TRUE,"success"
182,1182,9,6,0.45,3.63847986218127,0.413124420149898,-192.504869201512,0.0768904829595281,5,-192.723177484462,TRUE,TRUE,"success"
183,1183,6,6,0.3,3.82967671343853,0.416224255427469,-186.621217942506,0.0256464125070833,5,-186.653540504551,TRUE,TRUE,"success"
184,1184,8,4,0.45,3.56018597565595,0.310819627685637,-187.865878071843,0.0192445935097725,5,-187.862292014535,TRUE,TRUE,"success"
185,1185,6,6,0.3,3.31977640227174,0.297035158297943,-162.314490960467,0.0340684294119215,5,-162.353848175141,TRUE,TRUE,"success"
186,1186,1,2,0.1,4.11959770545411,0.309941112982648,-189.977765978993,0.0415046984089757,5,-189.956765015115,TRUE,TRUE,"success"
187,1187,4,2,0.3,4.5711626730597,0.186045845960045,-194.996516809097,0.0072421342415948,5,-195.08172487149,TRUE,TRUE,"success"
188,1188,5,4,0.3,3.72287977540056,0.341818727215936,-191.463256064765,0.0153512059201799,5,-191.45242744738,TRUE,TRUE,"success"
189,1189,9,6,0.45,3.26423268835961,0.337008115792617,-160.90066563365,0.0174702582582191,5,-160.955658284256,TRUE,TRUE,"success"
190,1190,5,4,0.3,3.71893666196509,0.409355462883836,-217.500637785287,0.035567044724468,5,-217.516410824178,TRUE,TRUE,"success"
191,1191,8,4,0.45,4.90805877571533,0.368389087075335,-199.0697843546,0.0246131257026062,5,-199.266555338059,TRUE,TRUE,"success"
192,1192,2,4,0.1,3.77485115273591,0.332411333465903,-186.348526979654,0.0209764768924656,5,-186.289984355725,TRUE,TRUE,"success"
193,1193,1,2,0.1,4.12156422118631,0.211995308954535,-203.082161747482,0.0238145527898399,5,-203.06281729732,TRUE,TRUE,"success"
194,1194,8,4,0.45,3.61389113207726,0.261294092891381,-194.29815228449,0.012235955921773,5,-194.372227945528,TRUE,TRUE,"success"
195,1195,1,2,0.1,3.65723525789281,0.222486708691034,-188.823149833925,0.0147003716516321,5,-188.80186085816,TRUE,TRUE,"success"
196,1196,2,4,0.1,3.21557806082907,0.191497126974101,-154.409433789589,0.0146867483756057,5,-154.474377987196,TRUE,TRUE,"success"
197,1197,5,4,0.3,3.43720768701104,0.29626044420123,-197.012615598135,0.0383464172936748,5,-197.069962177052,TRUE,TRUE,"success"
198,1198,5,4,0.3,3.7534077299632,0.163192568793645,-206.871828797114,0.0162292944615939,5,-206.933844481517,TRUE,TRUE,"success"
199,1199,9,6,0.45,4.29223866748697,0.283791873450204,-190.6740197868,0.0309852314803617,5,-190.711602223974,TRUE,TRUE,"success"
200,1200,3,6,0.1,3.92420588164968,0.404389982415373,-210.785251764795,0.0184702229200043,5,-210.947864304621,TRUE,TRUE,"success"
