task_id,best_run,best_logLik,second_best_logLik,logLik_gap
1,1,-184.8473245,-184.8609895,0.0136650150369917
2,9,-195.959523,-195.9699767,0.0104536829460073
3,3,-142.3086124,-142.330172,0.021559541
4,6,-206.2320976,-206.2607978,0.0287002191639942
5,8,-189.238308,-189.2516591,0.013351032613997
6,5,-190.0274846,-190.0336438,0.0061591872959923
7,1,-204.8713649,-204.8833002,0.0119353657090073
8,6,-217.2464497,-217.283878,0.0374283019309871
9,2,-200.2382566,-200.2460511,0.00779456965798886
10,1,-188.3262483,-188.4013398,0.0750915300550048
11,4,-220.0683537,-220.0789022,0.0105485233860065
12,8,-192.8095668,-192.8107901,0.00122330663401726
13,5,-197.9473313,-197.9660365,0.0187051473699853
14,4,-215.9990825,-216.012123,0.0130405788840164
15,7,-210.2849157,-210.2919864,0.00707075253498601
16,4,-197.0612182,-197.0715872,0.0103690392250257
17,7,-165.6129668,-165.6342251,0.0212582569990047
18,6,-174.0251339,-174.0342834,0.00914947044898895
19,2,-191.5998988,-191.6237424,0.0238436655929775
20,2,-206.4895681,-206.5548074,0.0652393195049967
21,8,-188.5887252,-188.6164655,0.0277402258759878
22,2,-185.2735407,-185.2864282,0.012887556870993
23,9,-192.0588841,-192.0967949,0.0379107901729867
24,7,-192.4363014,-192.4472652,0.0109637980520176
25,4,-189.2497243,-189.3676055,0.117881204677019
26,9,-195.2251229,-195.2300257,0.00490281304598739
27,2,-195.4414944,-195.4427209,0.00122657081200828
28,1,-200.7199696,-200.7270313,0.0070616833019983
29,3,-177.0040169,-177.0170446,0.013027727031016
30,1,-213.2096516,-213.223097,0.0134454035309943
31,5,-167.8921902,-167.9059725,0.0137823666520092
32,8,-207.060104,-207.0632587,0.00315467198399233
33,5,-209.7771206,-209.7797614,0.00264078417097835
34,7,-188.808971,-188.835712,0.0267409269659993
35,9,-191.4113943,-191.4182208,0.00682648010501907
36,4,-190.4643445,-190.4691296,0.00478517470600082
37,9,-188.1745363,-188.1771801,0.00264376824100054
38,3,-163.1756085,-163.197697,0.0220884238320025
39,5,-207.4299711,-207.4317547,0.00178351720001046
40,7,-191.2593008,-191.2689924,0.00969165686200313
41,7,-189.6666542,-189.696325,0.0296708110799955
42,7,-210.636542,-210.6484279,0.0118858571270266
43,7,-198.0541,-198.0996048,0.0455047747319952
44,4,-201.6257151,-201.6375704,0.0118552527689815
45,8,-195.0323801,-195.034629,0.00224890506197539
46,2,-199.886658,-199.8910705,0.00441257068501955
47,5,-192.2341823,-192.2825805,0.0483982473350011
48,7,-183.8706146,-183.8754908,0.004876148573004
49,2,-165.0867258,-165.1007169,0.0139910995659989
50,1,-199.7780455,-199.7868926,0.00884706225500054
51,4,-206.1145441,-206.1175107,0.00296657453299076
52,4,-202.3835475,-202.4086814,0.0251338959600105
53,5,-193.8141717,-193.8356624,0.021490642139014
54,4,-197.5418647,-197.5792776,0.0374128825199875
55,1,-175.1581479,-175.1808145,0.0226665731970002
56,7,-188.4178139,-188.4232157,0.00540173744400363
57,5,-128.9009512,-128.9244013,0.0234501229429895
58,7,-188.0601358,-188.0610912,0.000955412030009484
59,8,-197.8921332,-197.8927824,0.000649160506014823
60,8,-206.9531196,-206.9680527,0.0149330492909883
61,1,-207.4170814,-207.4235113,0.00642997695101144
62,3,-192.9239339,-192.9564419,0.0325079341450021
63,1,-189.636225,-189.6822636,0.0460386281490059
64,4,-189.0559956,-189.0743999,0.0184043395010178
65,4,-200.1156442,-200.1347425,0.0190982799290111
66,3,-208.9461402,-208.9657267,0.0195865465749989
67,8,-187.8561499,-187.8711149,0.0149649792240041
68,7,-192.515527,-192.519324,0.00379696091499682
69,4,-177.9719702,-178.0403224,0.0683521916310212
70,6,-183.2968352,-183.297078,0.000242753662007544
71,9,-208.3485139,-208.3527352,0.00422130273599919
72,3,-186.6082737,-186.6225547,0.0142809416749969
73,5,-192.6869006,-192.6896528,0.00275219708800023
74,4,-200.1739641,-200.1884121,0.0144479967400173
75,7,-182.7494612,-182.7535602,0.00409897982402185
76,5,-212.8678024,-212.8708687,0.00306622608599127
77,4,-192.753258,-192.758404,0.00514599557999418
78,5,-207.1155202,-207.1214177,0.00589750825199076
79,9,-199.1559832,-199.167839,0.0118557730159807
80,9,-189.61993,-189.651368,0.0314380090129873
81,2,-193.4824575,-193.5222382,0.039780678947011
82,8,-188.019416,-188.0412848,0.0218687379529854
83,2,-191.055423,-191.0710589,0.015635949371017
84,9,-168.8740663,-168.8950001,0.0209338078649921
85,7,-196.2188194,-196.2323178,0.0134984254110009
86,5,-147.8392752,-147.8405995,0.00132435102500494
87,7,-209.8878546,-209.899779,0.0119243864600094
88,8,-208.7168969,-208.7233669,0.00647002944398878
89,8,-184.1979766,-184.2013287,0.00335212060099366
90,4,-191.9282332,-191.9464426,0.0182094034709905
91,2,-184.9771936,-184.983803,0.00660934759198994
92,6,-190.5985792,-190.6019613,0.00338208320300737
93,1,-196.0380646,-196.0502738,0.0122092227280177
94,1,-212.2368688,-212.2494593,0.0125904639980092
95,7,-187.409339,-187.4223113,0.0129722877269955
96,2,-188.6239779,-188.6303882,0.0064103427309874
97,4,-204.0617611,-204.0985782,0.036817090445993
98,1,-173.7303954,-173.7323955,0.00200010303399267
99,1,-181.4829011,-181.5078029,0.024901858970992
100,9,-198.7566,-198.7720887,0.0154886952980178
101,1,-182.8074328,-182.8138034,0.00637067545901004
102,5,-138.9714868,-138.9966493,0.0251625239900193
103,9,-195.7779442,-195.8209233,0.0429790610729981
104,2,-179.7854364,-179.8125556,0.0271192777009901
105,3,-200.2415884,-200.2686216,0.0270331986910151
106,1,-191.0317855,-191.0339772,0.00219173717800913
107,6,-203.7356024,-203.7578309,0.0222284835999744
108,4,-207.4049112,-207.4084453,0.00353407794901273
109,4,-179.6094291,-179.6298713,0.0204421550930078
110,3,-199.6496297,-199.654267,0.00463725123199765
111,1,-188.0020962,-188.0026547,0.000558419805003041
112,6,-185.8305131,-185.8334606,0.00294755871300367
113,7,-199.2303517,-199.2374344,0.00708262574599416
114,6,-190.7890177,-190.8041942,0.0151765477969832
115,9,-210.1635845,-210.1797435,0.0161589998050147
116,2,-200.1939845,-200.2025333,0.00854883305800058
117,5,-184.2745801,-184.2970664,0.0224862633100145
118,4,-198.6547211,-198.66628,0.011558860343996
119,1,-204.891004,-204.8914426,0.000438623001002725
120,8,-183.5808952,-183.5826343,0.00173909848300013
121,5,-202.0845524,-202.0890409,0.00448848621002185
122,3,-181.89205,-181.9005471,0.00849716917198862
123,1,-190.3627083,-190.3896407,0.026932358449983
124,9,-190.1496053,-190.1598501,0.0102447863010013
125,3,-193.667651,-193.6852209,0.0175698850160018
126,8,-197.2832214,-197.2967532,0.0135317847100112
127,2,-156.4023787,-156.4124118,0.0100330893459954
128,4,-163.4627236,-163.4696043,0.00688071355298803
129,9,-193.3798356,-193.4020398,0.0222041673490025
130,2,-145.2892217,-145.2978075,0.00858577155301532
131,8,-192.2351739,-192.239906,0.00473211934601636
132,8,-129.5550188,-129.5613485,0.00632974702398315
133,2,-207.3460348,-207.3504845,0.00444979138200097
134,5,-185.8350255,-185.8493246,0.0142991283809977
135,6,-202.2941765,-202.3063815,0.0122049351680005
136,2,-214.0101662,-214.0262735,0.016107315649009
137,8,-184.8807471,-184.8851199,0.00437278328200819
138,1,-180.1034829,-180.1139479,0.0104649494680018
139,1,-194.4320728,-194.4408336,0.0087607923790074
140,7,-180.2172482,-180.2269801,0.00973184383101966
141,4,-207.9074296,-207.9171438,0.00971425905200363
142,8,-191.4353843,-191.4464366,0.0110522811370117
143,9,-192.469386,-192.4736934,0.00430736248301855
144,5,-185.6756993,-185.684507,0.00880773389897627
145,9,-187.3989704,-187.4008213,0.00185097586398797
146,2,-197.6304885,-197.632828,0.0023394823439844
147,8,-195.6752047,-195.6916687,0.0164639855370012
148,1,-213.601241,-213.6122077,0.0109666996499982
149,9,-127.2511105,-127.2707439,0.0196334497540107
150,1,-191.3810157,-191.3956561,0.014640416595995
151,8,-195.3929038,-195.3957154,0.002811616151007
152,9,-187.5374257,-187.5416706,0.00424493709499529
153,4,-186.9322195,-186.9427421,0.010522668048992
154,6,-203.6522365,-203.6529592,0.000722651095998117
155,3,-197.7107887,-197.7140515,0.00326279481498659
156,7,-164.1187583,-164.1353781,0.0166197469380052
157,7,-210.9970114,-211.0168706,0.0198592193590059
158,9,-191.8006316,-191.8033334,0.0027017473439912
159,4,-201.1878773,-201.1912398,0.00336251734100301
160,8,-203.3919239,-203.4067172,0.0147933508660003
161,2,-201.8311996,-201.8423125,0.0111129400769983
162,5,-193.1782922,-193.1854622,0.00717006642400975
163,2,-191.9828211,-191.9935892,0.0107681116679998
164,1,-183.4506883,-183.4550595,0.004371188432998
165,2,-193.7883264,-193.79131,0.0029836255839939
166,7,-194.5600998,-194.5837361,0.0236363509660009
167,8,-193.7799518,-193.7912742,0.0113223995209921
168,5,-176.6990834,-176.7015244,0.00244102195699725
169,4,-179.3137948,-179.3225712,0.00877636463400222
170,7,-157.6989851,-157.7259834,0.0269983666109965
171,8,-193.4023786,-193.4039642,0.00158559351601184
172,4,-185.0448832,-185.045664,0.000780859629998076
173,6,-200.6798859,-200.7138581,0.033972153088996
174,2,-188.3260515,-188.3308479,0.00479640557998096
175,5,-208.3098447,-208.3228152,0.0129705463650112
176,2,-198.4677472,-198.4697068,0.00195952294001245
177,9,-188.2490458,-188.2529413,0.00389554848601392
178,5,-190.8772839,-190.8774524,0.000168463201987379
179,3,-191.0966365,-191.1010013,0.00436479937499712
180,6,-202.6932533,-202.7040998,0.0108464982359919
181,8,-198.9387204,-198.956473,0.0177525803339904
182,9,-192.5048692,-192.5898403,0.0849710643360027
183,6,-186.6212179,-186.6262561,0.00503819797799565
184,8,-187.8658781,-187.8697126,0.00383455823299528
185,6,-162.314491,-162.3203515,0.00586049944399747
186,1,-189.977766,-189.9881172,0.0103512469910072
187,4,-194.9965168,-195.0197031,0.0231862600330146
188,5,-191.4632561,-191.4650393,0.00178328104900061
189,9,-160.9006656,-160.9034976,0.00283197250800526
190,5,-217.5006378,-217.5073983,0.00676047357998755
191,8,-199.0697844,-199.121861,0.0520766834940218
192,2,-186.348527,-186.3589825,0.0104554775820134
193,1,-203.0821617,-203.0874901,0.00532830355501801
194,8,-194.2981523,-194.3029866,0.00483431552001434
195,1,-188.8231498,-188.8299011,0.00675128372600398
196,2,-154.4094338,-154.458825,0.0493912084209853
197,5,-197.0126156,-197.0509391,0.0383235276289895
198,5,-206.8718288,-206.880804,0.0089751821589914
199,9,-190.6740198,-190.6904525,0.0164327565130122
200,3,-210.7852518,-210.8537236,0.0684718089100045
