"task_id","simulation_seed","gamma_mif_seed_base","gamma_evaluation_seed_base","gamma_final_pf_seed","constant_mif_seed_base","constant_evaluation_seed_base","constant_final_pf_seed"
1,1001,21260728,21260800,21260900,21260628,21261628,22160628
2,1002,22260728,22260800,22260900,22260628,22261628,23160628
3,1003,23260728,23260800,23260900,23260628,23261628,24160628
4,1004,24260728,24260800,24260900,24260628,24261628,25160628
5,1005,25260728,25260800,25260900,25260628,25261628,26160628
6,1006,26260728,26260800,26260900,26260628,26261628,27160628
7,1007,27260728,27260800,27260900,27260628,27261628,28160628
8,1008,28260728,28260800,28260900,28260628,28261628,29160628
9,1009,29260728,29260800,29260900,29260628,29261628,30160628
10,1010,30260728,30260800,30260900,30260628,30261628,31160628
11,1011,31260728,31260800,31260900,31260628,31261628,32160628
12,1012,32260728,32260800,32260900,32260628,32261628,33160628
13,1013,33260728,33260800,33260900,33260628,33261628,34160628
14,1014,34260728,34260800,34260900,34260628,34261628,35160628
15,1015,35260728,35260800,35260900,35260628,35261628,36160628
16,1016,36260728,36260800,36260900,36260628,36261628,37160628
17,1017,37260728,37260800,37260900,37260628,37261628,38160628
18,1018,38260728,38260800,38260900,38260628,38261628,39160628
19,1019,39260728,39260800,39260900,39260628,39261628,40160628
20,1020,40260728,40260800,40260900,40260628,40261628,41160628
21,1021,41260728,41260800,41260900,41260628,41261628,42160628
22,1022,42260728,42260800,42260900,42260628,42261628,43160628
23,1023,43260728,43260800,43260900,43260628,43261628,44160628
24,1024,44260728,44260800,44260900,44260628,44261628,45160628
25,1025,45260728,45260800,45260900,45260628,45261628,46160628
26,1026,46260728,46260800,46260900,46260628,46261628,47160628
27,1027,47260728,47260800,47260900,47260628,47261628,48160628
28,1028,48260728,48260800,48260900,48260628,48261628,49160628
29,1029,49260728,49260800,49260900,49260628,49261628,50160628
30,1030,50260728,50260800,50260900,50260628,50261628,51160628
31,1031,51260728,51260800,51260900,51260628,51261628,52160628
32,1032,52260728,52260800,52260900,52260628,52261628,53160628
33,1033,53260728,53260800,53260900,53260628,53261628,54160628
34,1034,54260728,54260800,54260900,54260628,54261628,55160628
35,1035,55260728,55260800,55260900,55260628,55261628,56160628
36,1036,56260728,56260800,56260900,56260628,56261628,57160628
37,1037,57260728,57260800,57260900,57260628,57261628,58160628
38,1038,58260728,58260800,58260900,58260628,58261628,59160628
39,1039,59260728,59260800,59260900,59260628,59261628,60160628
40,1040,60260728,60260800,60260900,60260628,60261628,61160628
41,1041,61260728,61260800,61260900,61260628,61261628,62160628
42,1042,62260728,62260800,62260900,62260628,62261628,63160628
43,1043,63260728,63260800,63260900,63260628,63261628,64160628
44,1044,64260728,64260800,64260900,64260628,64261628,65160628
45,1045,65260728,65260800,65260900,65260628,65261628,66160628
46,1046,66260728,66260800,66260900,66260628,66261628,67160628
47,1047,67260728,67260800,67260900,67260628,67261628,68160628
48,1048,68260728,68260800,68260900,68260628,68261628,69160628
49,1049,69260728,69260800,69260900,69260628,69261628,70160628
50,1050,70260728,70260800,70260900,70260628,70261628,71160628
51,1051,71260728,71260800,71260900,71260628,71261628,72160628
52,1052,72260728,72260800,72260900,72260628,72261628,73160628
53,1053,73260728,73260800,73260900,73260628,73261628,74160628
54,1054,74260728,74260800,74260900,74260628,74261628,75160628
55,1055,75260728,75260800,75260900,75260628,75261628,76160628
56,1056,76260728,76260800,76260900,76260628,76261628,77160628
57,1057,77260728,77260800,77260900,77260628,77261628,78160628
58,1058,78260728,78260800,78260900,78260628,78261628,79160628
59,1059,79260728,79260800,79260900,79260628,79261628,80160628
60,1060,80260728,80260800,80260900,80260628,80261628,81160628
61,1061,81260728,81260800,81260900,81260628,81261628,82160628
62,1062,82260728,82260800,82260900,82260628,82261628,83160628
63,1063,83260728,83260800,83260900,83260628,83261628,84160628
64,1064,84260728,84260800,84260900,84260628,84261628,85160628
65,1065,85260728,85260800,85260900,85260628,85261628,86160628
66,1066,86260728,86260800,86260900,86260628,86261628,87160628
67,1067,87260728,87260800,87260900,87260628,87261628,88160628
68,1068,88260728,88260800,88260900,88260628,88261628,89160628
69,1069,89260728,89260800,89260900,89260628,89261628,90160628
70,1070,90260728,90260800,90260900,90260628,90261628,91160628
71,1071,91260728,91260800,91260900,91260628,91261628,92160628
72,1072,92260728,92260800,92260900,92260628,92261628,93160628
73,1073,93260728,93260800,93260900,93260628,93261628,94160628
74,1074,94260728,94260800,94260900,94260628,94261628,95160628
75,1075,95260728,95260800,95260900,95260628,95261628,96160628
76,1076,96260728,96260800,96260900,96260628,96261628,97160628
77,1077,97260728,97260800,97260900,97260628,97261628,98160628
78,1078,98260728,98260800,98260900,98260628,98261628,99160628
79,1079,99260728,99260800,99260900,99260628,99261628,100160628
80,1080,100260728,100260800,100260900,100260628,100261628,101160628
81,1081,101260728,101260800,101260900,101260628,101261628,102160628
82,1082,102260728,102260800,102260900,102260628,102261628,103160628
83,1083,103260728,103260800,103260900,103260628,103261628,104160628
84,1084,104260728,104260800,104260900,104260628,104261628,105160628
85,1085,105260728,105260800,105260900,105260628,105261628,106160628
86,1086,106260728,106260800,106260900,106260628,106261628,107160628
87,1087,107260728,107260800,107260900,107260628,107261628,108160628
88,1088,108260728,108260800,108260900,108260628,108261628,109160628
89,1089,109260728,109260800,109260900,109260628,109261628,110160628
90,1090,110260728,110260800,110260900,110260628,110261628,111160628
91,1091,111260728,111260800,111260900,111260628,111261628,112160628
92,1092,112260728,112260800,112260900,112260628,112261628,113160628
93,1093,113260728,113260800,113260900,113260628,113261628,114160628
94,1094,114260728,114260800,114260900,114260628,114261628,115160628
95,1095,115260728,115260800,115260900,115260628,115261628,116160628
96,1096,116260728,116260800,116260900,116260628,116261628,117160628
97,1097,117260728,117260800,117260900,117260628,117261628,118160628
98,1098,118260728,118260800,118260900,118260628,118261628,119160628
99,1099,119260728,119260800,119260900,119260628,119261628,120160628
100,1100,120260728,120260800,120260900,120260628,120261628,121160628
101,1101,121260728,121260800,121260900,121260628,121261628,122160628
102,1102,122260728,122260800,122260900,122260628,122261628,123160628
103,1103,123260728,123260800,123260900,123260628,123261628,124160628
104,1104,124260728,124260800,124260900,124260628,124261628,125160628
105,1105,125260728,125260800,125260900,125260628,125261628,126160628
106,1106,126260728,126260800,126260900,126260628,126261628,127160628
107,1107,127260728,127260800,127260900,127260628,127261628,128160628
108,1108,128260728,128260800,128260900,128260628,128261628,129160628
109,1109,129260728,129260800,129260900,129260628,129261628,130160628
110,1110,130260728,130260800,130260900,130260628,130261628,131160628
111,1111,131260728,131260800,131260900,131260628,131261628,132160628
112,1112,132260728,132260800,132260900,132260628,132261628,133160628
113,1113,133260728,133260800,133260900,133260628,133261628,134160628
114,1114,134260728,134260800,134260900,134260628,134261628,135160628
115,1115,135260728,135260800,135260900,135260628,135261628,136160628
116,1116,136260728,136260800,136260900,136260628,136261628,137160628
117,1117,137260728,137260800,137260900,137260628,137261628,138160628
118,1118,138260728,138260800,138260900,138260628,138261628,139160628
119,1119,139260728,139260800,139260900,139260628,139261628,140160628
120,1120,140260728,140260800,140260900,140260628,140261628,141160628
121,1121,141260728,141260800,141260900,141260628,141261628,142160628
122,1122,142260728,142260800,142260900,142260628,142261628,143160628
123,1123,143260728,143260800,143260900,143260628,143261628,144160628
124,1124,144260728,144260800,144260900,144260628,144261628,145160628
125,1125,145260728,145260800,145260900,145260628,145261628,146160628
126,1126,146260728,146260800,146260900,146260628,146261628,147160628
127,1127,147260728,147260800,147260900,147260628,147261628,148160628
128,1128,148260728,148260800,148260900,148260628,148261628,149160628
129,1129,149260728,149260800,149260900,149260628,149261628,150160628
130,1130,150260728,150260800,150260900,150260628,150261628,151160628
131,1131,151260728,151260800,151260900,151260628,151261628,152160628
132,1132,152260728,152260800,152260900,152260628,152261628,153160628
133,1133,153260728,153260800,153260900,153260628,153261628,154160628
134,1134,154260728,154260800,154260900,154260628,154261628,155160628
135,1135,155260728,155260800,155260900,155260628,155261628,156160628
136,1136,156260728,156260800,156260900,156260628,156261628,157160628
137,1137,157260728,157260800,157260900,157260628,157261628,158160628
138,1138,158260728,158260800,158260900,158260628,158261628,159160628
139,1139,159260728,159260800,159260900,159260628,159261628,160160628
140,1140,160260728,160260800,160260900,160260628,160261628,161160628
141,1141,161260728,161260800,161260900,161260628,161261628,162160628
142,1142,162260728,162260800,162260900,162260628,162261628,163160628
143,1143,163260728,163260800,163260900,163260628,163261628,164160628
144,1144,164260728,164260800,164260900,164260628,164261628,165160628
145,1145,165260728,165260800,165260900,165260628,165261628,166160628
146,1146,166260728,166260800,166260900,166260628,166261628,167160628
147,1147,167260728,167260800,167260900,167260628,167261628,168160628
148,1148,168260728,168260800,168260900,168260628,168261628,169160628
149,1149,169260728,169260800,169260900,169260628,169261628,170160628
150,1150,170260728,170260800,170260900,170260628,170261628,171160628
151,1151,171260728,171260800,171260900,171260628,171261628,172160628
152,1152,172260728,172260800,172260900,172260628,172261628,173160628
153,1153,173260728,173260800,173260900,173260628,173261628,174160628
154,1154,174260728,174260800,174260900,174260628,174261628,175160628
155,1155,175260728,175260800,175260900,175260628,175261628,176160628
156,1156,176260728,176260800,176260900,176260628,176261628,177160628
157,1157,177260728,177260800,177260900,177260628,177261628,178160628
158,1158,178260728,178260800,178260900,178260628,178261628,179160628
159,1159,179260728,179260800,179260900,179260628,179261628,180160628
160,1160,180260728,180260800,180260900,180260628,180261628,181160628
161,1161,181260728,181260800,181260900,181260628,181261628,182160628
162,1162,182260728,182260800,182260900,182260628,182261628,183160628
163,1163,183260728,183260800,183260900,183260628,183261628,184160628
164,1164,184260728,184260800,184260900,184260628,184261628,185160628
165,1165,185260728,185260800,185260900,185260628,185261628,186160628
166,1166,186260728,186260800,186260900,186260628,186261628,187160628
167,1167,187260728,187260800,187260900,187260628,187261628,188160628
168,1168,188260728,188260800,188260900,188260628,188261628,189160628
169,1169,189260728,189260800,189260900,189260628,189261628,190160628
170,1170,190260728,190260800,190260900,190260628,190261628,191160628
171,1171,191260728,191260800,191260900,191260628,191261628,192160628
172,1172,192260728,192260800,192260900,192260628,192261628,193160628
173,1173,193260728,193260800,193260900,193260628,193261628,194160628
174,1174,194260728,194260800,194260900,194260628,194261628,195160628
175,1175,195260728,195260800,195260900,195260628,195261628,196160628
176,1176,196260728,196260800,196260900,196260628,196261628,197160628
177,1177,197260728,197260800,197260900,197260628,197261628,198160628
178,1178,198260728,198260800,198260900,198260628,198261628,199160628
179,1179,199260728,199260800,199260900,199260628,199261628,200160628
180,1180,200260728,200260800,200260900,200260628,200261628,201160628
181,1181,201260728,201260800,201260900,201260628,201261628,202160628
182,1182,202260728,202260800,202260900,202260628,202261628,203160628
183,1183,203260728,203260800,203260900,203260628,203261628,204160628
184,1184,204260728,204260800,204260900,204260628,204261628,205160628
185,1185,205260728,205260800,205260900,205260628,205261628,206160628
186,1186,206260728,206260800,206260900,206260628,206261628,207160628
187,1187,207260728,207260800,207260900,207260628,207261628,208160628
188,1188,208260728,208260800,208260900,208260628,208261628,209160628
189,1189,209260728,209260800,209260900,209260628,209261628,210160628
190,1190,210260728,210260800,210260900,210260628,210261628,211160628
191,1191,211260728,211260800,211260900,211260628,211261628,212160628
192,1192,212260728,212260800,212260900,212260628,212261628,213160628
193,1193,213260728,213260800,213260900,213260628,213261628,214160628
194,1194,214260728,214260800,214260900,214260628,214261628,215160628
195,1195,215260728,215260800,215260900,215260628,215261628,216160628
196,1196,216260728,216260800,216260900,216260628,216261628,217160628
197,1197,217260728,217260800,217260900,217260628,217261628,218160628
198,1198,218260728,218260800,218260900,218260628,218261628,219160628
199,1199,219260728,219260800,219260900,219260628,219261628,220160628
200,1200,220260728,220260800,220260900,220260628,220261628,221160628
