"task_id","simulation_seed","simulation_attempt","observed_data_md5","model","Nmif","best_run","start_id","start_source","b1_hat","b2_hat","b3_hat","b4_hat","b5_hat","b6_hat","logLik","logLik_se","n_successful_pf_evals","B_rmse","n_internal_starts","selection_rule","status","RSS","RMSE","mean_error","AOB","mean_error_through_5","mean_error_after_5"
1,1001,1,"64a1b5c02bdecc100b37ee56029391d3","bspline_B",600,9,9,"random",3.27467498436286,1.13427136125047,1.65958414470942,0.829206473912601,-2.55223515216671,-2.01261300308034,-177.865294603419,0.00766684561230427,5,0.929834244740473,10,"maximum_independently_evaluated_logLik","success",60.521420588446,0.929834244740473,-0.395141697818892,0.395141697818892,0.0925017288023974,-0.882785124440181
2,1002,1,"e4e6b4250fb680a6bc44a4c1f239d72e","bspline_B",600,4,4,"random",5.96058820697687,0.538681009090559,2.10383988930823,0.261150097105518,-0.848277787309635,-3.69016955538856,-187.689008739082,0.0036616456312294,5,0.834258072545657,10,"maximum_independently_evaluated_logLik","success",48.7190572125316,0.834258072545657,-0.288408427146518,0.288408427146518,0.210856031406185,-0.787672885699221
3,1003,1,"18b73531d17fff4bf85fd3b8b65c91d6","bspline_B",600,4,4,"random",10.8497485555988,-1.03426301815566,2.66122106437105,-0.744053201214723,0.0907067070032815,-1.97014132847478,-135.428429176227,0.0386299920228821,5,1.0000662252062,10,"maximum_independently_evaluated_logLik","success",70.0092718358727,1.0000662252062,-0.816440622688451,0.816440622688451,-0.635638685213391,-0.997242560163511
4,1004,1,"bf8dcbec52b9c4d08f0b3a8b4e1b1840","bspline_B",600,8,8,"random",5.12174615029363,0.802146883772654,1.74191381019742,0.614849653375032,0.443769833840075,1.66928007684177,-200.397025295897,0.0103653225745197,5,0.377470266137872,10,"maximum_independently_evaluated_logLik","success",9.97386612727373,0.377470266137872,0.0180326095735944,0.0180326095735944,-0.0737444407596763,0.109809659906865
5,1005,1,"cb7e05dbf4c135d548daa37faf8888a1","bspline_B",600,8,8,"random",2.1066545684632,1.10656358553554,1.63243938985686,0.924509655926891,-3.26424044846173,2.83249113707167,-184.039261055432,0.00537454181432385,5,0.943568699163366,10,"maximum_independently_evaluated_logLik","success",62.3225323028593,0.943568699163366,-0.500237827667772,0.500237827667772,-0.0760890908069945,-0.924386564528549
6,1006,1,"83a6fae95545d773b4ac09416fd8a73d","bspline_B",600,10,10,"random",7.90463986305218,-0.409018370007112,2.41626184891173,-0.31336935162201,2.65406245263607,-8.742966473572,-183.089980574652,0.0072213562060609,5,0.575684318482322,10,"maximum_independently_evaluated_logLik","success",23.1988704182519,0.575684318482322,-0.0965015584880884,0.0965015584880884,-0.426742922209407,0.23373980523323
7,1007,1,"c23f10d0daa427c993e4ece1079ed751","bspline_B",600,10,10,"random",6.06897378952567,0.480302512996953,2.09809392558211,0.413541886864535,0.651310455822255,-3.7041122829468,-201.050321406109,0.0129950764322517,5,0.532844022678182,10,"maximum_independently_evaluated_logLik","success",19.8745926752707,0.532844022678182,0.0588783952761532,0.0588783952761532,0.227527598481174,-0.109770807928867
8,1008,1,"a0af209d0cf0d730b8b3834e0360ae95","bspline_B",600,1,1,"constant_B3",8.88435526988766,-0.166612952761148,2.40777331955272,-0.396559672291744,2.81567364589772,-3.75003798902238,-208.239184635556,0.0111122508169957,5,0.803356065330406,10,"maximum_independently_evaluated_logLik","success",45.1766677392207,0.803356065330406,0.289837600633185,0.289837600633185,-0.109047913066423,0.688723114332792
9,1009,1,"51101219b554b4802624e043f09d6160","bspline_B",600,3,3,"declining_B4_to_B2",7.49110911896376,0.304481700764867,2.11725403508122,0.0795556993206924,1.52501817333735,-5.19910667520512,-192.346415860624,0.0101184614140121,5,0.410432245673638,10,"maximum_independently_evaluated_logLik","success",11.7918239802094,0.410432245673638,-0.00157115329457603,0.00157115329457603,0.0102732425388563,-0.0134155491280084
10,1010,1,"3658851b68a2ae24c2e8e9838200e49c","bspline_B",600,6,6,"random",8.44836356746833,-0.25349638401783,2.13039628848937,0.209461343876598,1.41347177154155,-8.77838197523186,-182.125133268691,0.0155145837217407,5,0.614896180492321,10,"maximum_independently_evaluated_logLik","success",26.4668118948832,0.614896180492321,-0.282417978111882,0.282417978111882,-0.477050085220669,-0.0877858710030942
11,1011,1,"b0091463d341b4712ff6e9dd82a58abf","bspline_B",600,1,1,"constant_B3",8.72769755594956,-0.0358641578440635,2.26718163098443,0.0743471905767967,2.05139370032105,-3.64080284053373,-213.211467067192,0.00827363259117298,5,0.527873398540538,10,"maximum_independently_evaluated_logLik","success",19.5055227420716,0.527873398540538,0.256249133834308,0.256249133834308,0.00514118143660087,0.507357086232014
12,1012,1,"05f564b562cd69afde749fbba393d734","bspline_B",600,1,1,"constant_B3",13.8565708246357,-1.1107082361983,2.73366735116395,-0.359355801891572,0.227515216065316,1.08858011354231,-187.764547168801,0.015581536639969,5,0.802785646624955,10,"maximum_independently_evaluated_logLik","success",45.1125356098933,0.802785646624955,-0.362028328456753,0.362028328456753,-0.107928775521807,-0.616127881391699
13,1013,1,"628dd9f33d5358ee7d358fcbbb9e1ec7","bspline_B",600,6,6,"random",0.834965637879392,1.47304051898628,1.52296825658908,0.975641251620747,-2.50552498278808,-0.629887355402268,-190.91215132292,0.00598132190982564,5,0.902287179202874,10,"maximum_independently_evaluated_logLik","success",56.9885507627716,0.902287179202874,-0.358260722709081,0.358260722709081,0.0846533140253094,-0.801174759443472
14,1014,1,"3ee86b29e7e61ffc7287cc8f5b47aeca","bspline_B",600,8,8,"random",7.14962541967965,0.156781823401821,2.14854229106019,0.0580496334176608,2.2689310890586,-4.68406662977462,-211.680050626137,0.0209019867648789,5,0.540086887563978,10,"maximum_independently_evaluated_logLik","success",20.4185692282982,0.540086887563978,0.200367518063941,0.200367518063941,-0.160349807439051,0.561084843566932
15,1015,1,"ae056eafb87645cec401ccb46346269b","bspline_B",600,5,5,"random",5.7911884321272,0.439438872060199,2.01878329217661,0.376384579187412,0.239486510788792,4.71141416416992,-205.969886573946,0.02382507595998,5,0.395823426903595,10,"maximum_independently_evaluated_logLik","success",10.9673329699994,0.395823426903595,-0.0236551663354458,0.0236551663354458,-0.0458630441889378,-0.00144728848195372
16,1016,1,"a714e996eac59ec21285ac81b9fb5223","bspline_B",600,2,2,"constant_B4",6.19167096470765,0.75303693822641,1.69068581348132,0.52641291442165,0.174765164280166,-4.41613185718049,-190.871638139236,0.018328941051799,5,0.647313174288445,10,"maximum_independently_evaluated_logLik","success",29.3310041925168,0.647313174288445,-0.265865235283749,0.265865235283749,-0.162418434211719,-0.36931203635578
17,1017,1,"c1dff99001cdd2a71a8c5de229779c6a","bspline_B",600,6,6,"random",8.66530376311468,-0.583220465337858,2.47556916094512,-0.510080385506352,2.49434045260364,-8.61001291975286,-160.295645121699,0.014474383530976,5,0.593069429034953,10,"maximum_independently_evaluated_logLik","success",24.6211943359092,0.593069429034953,-0.302815817633728,0.302815817633728,-0.543517156959066,-0.0621144783083903
18,1018,1,"b6d242ccc65d51d758e56f6a2b2246d6","bspline_B",600,6,6,"random",1.2451038243964,1.25057723588681,1.36986560252458,0.967881339994317,-1.14032028114936,-4.56088109469687,-168.069789458783,0.0118197209929833,5,0.805838146275775,10,"maximum_independently_evaluated_logLik","success",45.4562582595224,0.805838146275775,-0.499564516218791,0.499564516218791,-0.447299581479146,-0.551829450958435
19,1019,1,"13d489a8a65aa7a169791da7e2e871a6","bspline_B",600,8,8,"random",2.02787193405359,1.27056603530973,1.56649569205989,1.1630951139382,-10.0138439723572,3.72774879707086,-182.787343447614,0.0121120383781279,5,1.18668576905795,10,"maximum_independently_evaluated_logLik","success",98.5756180139259,1.18668576905795,-0.672222007226978,0.672222007226978,0.0756461120263446,-1.4200901264803
20,1020,1,"714f6bb12c5d63009433470452ca002b","bspline_B",600,2,2,"constant_B4",4.5313676160604,0.559682089578973,2.00108291337402,0.101428502029246,1.97181400267347,-9.532718724279,-201.112655016854,0.016679367693311,5,0.423893296139387,10,"maximum_independently_evaluated_logLik","success",12.577986855834,0.423893296139387,-0.0648680081425898,0.0648680081425898,-0.187746243858326,0.0580102275731462
21,1021,1,"c46a7b2a22c4a8bed8a3c2537dbc0243","bspline_B",600,5,5,"random",10.7164346244832,-0.347319247745557,2.31845187945478,-0.0756912501695447,0.429448192118277,-3.2468960101772,-181.419471126786,0.0105915221252827,5,0.698622608980585,10,"maximum_independently_evaluated_logLik","success",34.1651484845187,0.698622608980585,-0.365833469751545,0.365833469751545,-0.165701852470433,-0.565965087032656
22,1022,1,"37fb1b826b530c406841fb3dc0dd2a19","bspline_B",600,3,3,"declining_B4_to_B2",5.36747831727698,0.595757876546927,1.91255112413724,0.386347100714899,-0.822579510316807,-6.04400783816025,-176.638215920829,0.00849355362282729,5,0.808658513506233,10,"maximum_independently_evaluated_logLik","success",45.7750014026278,0.808658513506233,-0.439723591557923,0.439723591557923,-0.104671527271226,-0.77477565584462
23,1023,1,"5391b651cef3ef3752fc04bfb4f6d8ab","bspline_B",600,9,9,"random",4.71343655877953,1.09705058570514,1.55613922452905,0.859738091519511,-2.90727815763071,-1.88309016139778,-185.510762891699,0.00714370206207108,5,0.994734571212209,10,"maximum_independently_evaluated_logLik","success",69.2647807015315,0.994734571212209,-0.470706468348399,0.470706468348399,0.0120223142755657,-0.953435250972363
24,1024,1,"f17101a77a91a5858651ca092461a15e","bspline_B",600,6,6,"random",2.70497183369986,0.507541772825522,2.07557691925865,0.0645071354487182,1.22198317830405,-2.95764381236765,-185.475594408921,0.00473175417076885,5,0.463169037053852,10,"maximum_independently_evaluated_logLik","success",15.0167889819775,0.463169037053852,-0.202661058663596,0.202661058663596,-0.291260704184848,-0.114061413142344
25,1025,1,"5bffd9597ff51651a7b3c018b0060e43","bspline_B",600,8,8,"random",5.51210311355532,0.762832843694493,1.71918373904567,0.82010274196362,-5.16045344701802,1.369736152515,-182.634648806389,0.00631882724802593,5,1.09412938058843,10,"maximum_independently_evaluated_logLik","success",83.7983371026775,1.09412938058843,-0.635071087558548,0.635071087558548,-0.0594708933278019,-1.21067128178929
26,1026,1,"7d638818fac5c183766d7bd337251990","bspline_B",600,6,6,"random",3.68050046861844,0.926797171338604,1.72706960318443,0.707186824245671,-2.13599113255205,-4.14857640252693,-188.139809668287,0.00902972091791751,5,0.903764583025082,10,"maximum_independently_evaluated_logLik","success",57.175329507135,0.903764583025082,-0.472556388250586,0.472556388250586,-0.0647667488664895,-0.880346027634682
27,1027,1,"febf6d542123ef85142ab3d7c88fd4f9","bspline_B",600,7,7,"random",1.14651961124895,1.07124054707256,1.80005480307553,0.296781941789501,1.07371980798219,-4.91788983355305,-189.286872079665,0.0115186827257226,5,0.441940607754528,10,"maximum_independently_evaluated_logLik","success",13.6718050547709,0.441940607754528,-0.154687614242214,0.154687614242214,-0.173815974638993,-0.135559253845435
28,1028,1,"fa30cb31cb12a8463966a31a9ac1f66d","bspline_B",600,8,8,"random",7.28653340216557,0.586121599793219,1.85249324106144,0.496353967266777,-0.359093751446928,-0.754309123086763,-197.928480064472,0.0181312685747248,5,0.69695685659172,10,"maximum_independently_evaluated_logLik","success",34.0024201965148,0.69695685659172,-0.213898721755569,0.213898721755569,0.0399207313650139,-0.467718174876153
29,1029,1,"f88e4728f80479179227d46e3ae73be8","bspline_B",600,2,2,"constant_B4",7.36126194918226,-0.584029344554435,2.59821431545266,-0.485858591533457,2.58465899918182,-6.71089679026369,-167.647486841488,0.00924072027878545,5,0.643267244101745,10,"maximum_independently_evaluated_logLik","success",28.9654923133978,0.643267244101745,-0.115032368088868,0.115032368088868,-0.40329215133609,0.173227415158353
30,1030,1,"6d8fcd9da06daac4afecfcdf2af73043","bspline_B",600,5,5,"random",10.5878072879466,-0.25317742503647,2.30331191187013,-0.157458257921073,2.05986542501939,-2.46062144851843,-205.518601695882,0.00880414666570388,5,0.570459404836486,10,"maximum_independently_evaluated_logLik","success",22.7796752796479,0.570459404836486,0.111409708771652,0.111409708771652,-0.121539552157531,0.344358969700835
31,1031,1,"1f4f623a1599fc68865ccca5c8e38092","bspline_B",600,9,9,"random",-1.89284563299433,1.71601034873633,1.1894572208972,1.94800984066916,-18.2725431059274,1.3609210330566,-155.817980933074,0.00739707434519516,5,1.25541453737699,10,"maximum_independently_evaluated_logLik","success",110.324596246024,1.25541453737699,-0.840150090855399,0.840150090855399,-0.137520070696111,-1.54278011101469
32,1032,1,"8b18f38744449f8e8c5016a5c62a9db0","bspline_B",600,10,10,"random",5.39569216979013,0.73503450096774,1.79388256101907,0.485703943595976,-0.0525814758022283,-0.548881376515217,-200.819366295958,0.00789096613405809,5,0.551112252516813,10,"maximum_independently_evaluated_logLik","success",21.2607300411909,0.551112252516813,-0.230013287753432,0.230013287753432,-0.0987830881814081,-0.361243487325456
33,1033,1,"1c656b251cec47b7f90e7590d6f84c85","bspline_B",600,9,9,"random",5.84509016141268,0.64072919994418,1.97288366993966,0.156914181224551,2.17799909487324,-8.089404671367,-202.368585390346,0.0103859428338027,5,0.477024672572168,10,"maximum_independently_evaluated_logLik","success",15.9286776769809,0.477024672572168,0.178172900430261,0.178172900430261,0.0297087573900157,0.326637043470507
34,1034,1,"6295649cce30d443915163e1f486574c","bspline_B",600,1,1,"constant_B3",4.3889450367831,0.711451463357245,1.96229316568761,0.242814104464547,-0.33251360807754,1.83581501229246,-180.819977147696,0.0116834777012238,5,0.598283753521417,10,"maximum_independently_evaluated_logLik","success",25.0560414809373,0.598283753521417,-0.291037090479927,0.291037090479927,-0.0278830291300363,-0.554191151829817
35,1035,1,"05c8b3ee0cc2e85807ddffab0af38be8","bspline_B",600,9,9,"random",-0.930811907245434,0.737184620169112,2.11876025538735,-0.0908415153184769,2.3295333018219,-9.10202575611719,-184.64722066525,0.00882244379841403,5,0.64680874585433,10,"maximum_independently_evaluated_logLik","success",29.2853087599556,0.64680874585433,-0.0767973519879897,0.0767973519879897,-0.295339388772883,0.141744684796903
36,1036,1,"12e163742e3ae8e7eef3194a703ebcdb","bspline_B",600,7,7,"random",5.75939322592894,0.433827176472044,1.86417522024629,0.33648205425314,0.717546141354965,3.65311292734764,-184.637092252228,0.0156836454301918,5,0.44746881222564,10,"maximum_independently_evaluated_logLik","success",14.0159836540238,0.44746881222564,-0.101221247930506,0.101221247930506,-0.372693934734889,0.170251438873877
37,1037,1,"129fa3be8b0ee7a384bf1d0e5525258e","bspline_B",600,2,2,"constant_B4",1.56745620816341,1.55169353110115,1.25464567808836,1.24121920016486,-6.81136396945462,-0.314376581831211,-180.055581182166,0.0114794896321744,5,1.13501526765217,10,"maximum_independently_evaluated_logLik","success",90.1781760462474,1.13501526765217,-0.712198077327613,0.712198077327613,-0.160615161771431,-1.26378099288379
38,1038,1,"2cb84ae4bd553be0419d1e71639da95a","bspline_B",600,3,3,"declining_B4_to_B2",0.567208219239997,0.564317842570641,1.87624559319602,0.495587827809119,0.25570910770386,-9.61356382190066,-156.576003447554,0.0116481991533994,5,0.852270175637901,10,"maximum_independently_evaluated_logLik","success",50.8455116597301,0.852270175637901,-0.485257167371192,0.485257167371192,-0.548132538402374,-0.42238179634001
39,1039,1,"42f80019227937c2a1292d80471ad885","bspline_B",600,9,9,"random",8.75679421649936,0.0898520583371398,2.09415857733238,0.216743286879791,0.948416480750597,-3.85973830746436,-203.545949699027,0.00735749635875143,5,0.499040838590139,10,"maximum_independently_evaluated_logLik","success",17.4329231006524,0.499040838590139,-0.132599996041256,0.132599996041256,-0.10772368403307,-0.157476308049442
40,1040,1,"ab1d08dee64fd498a66e009327aa8634","bspline_B",600,2,2,"constant_B4",8.63002119428013,-0.192713430994861,2.33590580388978,-0.14372333116894,1.32196098440689,-5.22539692121289,-182.54331308102,0.00849041291088193,5,0.498925133082067,10,"maximum_independently_evaluated_logLik","success",17.4248401894671,0.498925133082067,-0.235266092107991,0.235266092107991,-0.186607417024639,-0.283924767191344
41,1041,1,"287dedf1d0604d7339bf2699355ae974","bspline_B",600,5,5,"random",5.19426070703168,-0.0928547523180938,2.33755934705365,-0.318912746860588,2.59025094883154,-8.3516982229099,-186.360062824606,0.00957678443397787,5,0.584314529362966,10,"maximum_independently_evaluated_logLik","success",23.8996428457265,0.584314529362966,-0.133940749195035,0.133940749195035,-0.45028398885741,0.182402490467339
42,1042,1,"a0f4bf165f246f2d852e7cb15677c6d0","bspline_B",600,9,9,"random",9.90965136338412,-0.395706132844192,2.40283785233203,-0.306986299612437,2.79778417645031,-7.77904351538419,-202.963648216762,0.0082027980456341,5,0.587534620577002,10,"maximum_independently_evaluated_logLik","success",24.1637851263594,0.587534620577002,0.084228957100797,0.084228957100797,-0.250777806959485,0.419235721161079
43,1043,1,"98bd9bf2f837f4d00af88dbb60b77b5c","bspline_B",600,10,10,"random",0.403311151628795,1.0720060384514,1.77328251238878,0.434871147941271,0.167640055616681,2.15046488393508,-193.633740443478,0.0245469888457996,5,0.4676631171082,10,"maximum_independently_evaluated_logLik","success",15.3096153772351,0.4676631171082,-0.213297580558437,0.213297580558437,-0.227993338773151,-0.198601822343722
44,1044,1,"7fc16f6007b4caa0fad7b388de798f61","bspline_B",600,5,5,"random",4.80065114181209,0.573594677684664,2.01323087954836,0.181523012034067,1.4280762608221,-7.29372030043911,-195.707924720159,0.0095740979768802,5,0.418663355283318,10,"maximum_independently_evaluated_logLik","success",12.269530353996,0.418663355283318,-0.0841703625846801,0.0841703625846801,-0.0817925313864629,-0.0865481937828974
45,1045,2,"ea38700766ed00739f841a67050a1f0f","bspline_B",600,4,4,"random",9.39666280712041,-0.342095154265072,2.38630693102576,-0.13343903351106,1.14089078027322,-2.4158916842364,-191.259899561126,0.0154337796499882,5,0.493274007962229,10,"maximum_independently_evaluated_logLik","success",17.0323472851785,0.493274007962229,-0.212828136606499,0.212828136606499,-0.188691887010196,-0.236964386202801
46,1046,1,"9df354b439dcb34c0723dc7a22427817","bspline_B",600,1,1,"constant_B3",6.71766859611217,0.344524779490402,2.20917334223006,0.105796902953957,1.13320542173852,-0.975919529344268,-191.937277390211,0.0054881577958892,5,0.39695603827873,10,"maximum_independently_evaluated_logLik","success",11.0301867428161,0.39695603827873,0.0977115187012728,0.0977115187012728,0.18098121083061,0.0144418265719352
47,1047,2,"a27592b2dc2d1f22ae7b3b7d52d6c6e8","bspline_B",600,9,9,"random",4.68054350659142,0.764451058210153,1.94186463477868,0.432591617537385,-0.46764166898584,-1.60718869462825,-184.098699154445,0.00773093134215663,5,0.680982589143804,10,"maximum_independently_evaluated_logLik","success",32.46161007019,0.680982589143804,-0.210829702860953,0.210829702860953,0.132031623435285,-0.55369102915719
48,1048,2,"e149dfe63fefba3d9450d8ebe55e2be8","bspline_B",600,3,3,"declining_B4_to_B2",5.66015743106426,0.747310292227559,1.74400967488573,0.539778384539944,-3.00055991563539,-2.05733386908887,-175.281153198197,0.00356998392624374,5,1.01994991405395,10,"maximum_independently_evaluated_logLik","success",72.8208479025069,1.01994991405395,-0.623744505112041,0.623744505112041,-0.142478946855391,-1.10501006336869
49,1049,1,"c24fd9ec2467b6f39b42b31426dcbff7","bspline_B",600,7,7,"random",-0.650970059677673,1.21199848084954,1.50813426790811,0.953980303460924,-5.23074421565782,3.3152160823743,-157.424474940567,0.0126815448566515,5,1.12355821425062,10,"maximum_independently_evaluated_logLik","success",88.3668142567035,1.12355821425062,-0.814889541387617,0.814889541387617,-0.433352830424974,-1.19642625235026
50,1050,1,"7dc1a3b5ba09f2ddcb65bf5b7422a9ed","bspline_B",600,2,2,"constant_B4",6.59674862816873,0.660327155794287,1.82947691305787,0.462705475337868,0.457089609425671,-4.88022558705178,-192.024706944078,0.00654125859535331,5,0.598691867441063,10,"maximum_independently_evaluated_logLik","success",25.0902366498047,0.598691867441063,-0.137851028956276,0.137851028956276,0.000932835872583951,-0.276634893785136
51,1051,1,"900920f25b406cb0530e847b193e6c9b","bspline_B",600,9,9,"random",9.26946011434298,-0.199307832269376,2.30009327644588,-0.0877200275743418,1.94245819808988,-3.20897861378883,-198.573202953587,0.0123338023174418,5,0.456968951118989,10,"maximum_independently_evaluated_logLik","success",14.6174435600752,0.456968951118989,0.0507993008822116,0.0507993008822116,-0.166764260628449,0.268362862392873
52,1052,1,"94c869cc26cd44cd9de1033132a41b1b","bspline_B",600,9,9,"random",7.33451735025777,0.497255846988959,1.91014513903462,0.66664551581737,-2.66024047280444,5.56735630846536,-193.855525393888,0.0069980855560733,5,0.934065379794343,10,"maximum_independently_evaluated_logLik","success",61.0734693611245,0.934065379794343,-0.378895293296054,0.378895293296054,0.115326489154415,-0.873117075746523
53,1053,1,"21c503be1bfd17d135902892b999365f","bspline_B",600,6,6,"random",7.37932019126617,-0.343818658586495,2.36791310369874,-0.143043683289745,2.16597489823191,-8.93208520650617,-186.994238853677,0.00471277799323455,5,0.560760437878125,10,"maximum_independently_evaluated_logLik","success",22.0116588082486,0.560760437878125,-0.175820678539647,0.175820678539647,-0.403604150529289,0.0519627934499942
54,1054,1,"bb6ab35a8708f3f23940941298b79dbc","bspline_B",600,4,4,"random",8.30816321443054,0.164493996774441,2.02893295657693,0.419991417869619,-1.37320346582738,-0.814598518380101,-191.286684382489,0.0104317383708735,5,0.859239187258794,10,"maximum_independently_evaluated_logLik","success",51.6804386644807,0.859239187258794,-0.446133495357319,0.446133495357319,-0.0986167784667989,-0.793650212247839
55,1055,1,"7481513b9e19d7a30b033ad1490d6f16","bspline_B",600,2,2,"constant_B4",-2.00604687665572,0.994435705803326,1.77168490311317,0.334289734936418,1.48430986936911,-8.45488672995049,-168.09597567496,0.0128560656947273,5,0.678345437036855,10,"maximum_independently_evaluated_logLik","success",32.2106772364105,0.678345437036855,-0.277743592654902,0.277743592654902,-0.544182290489867,-0.0113048948199363
56,1056,1,"08c1962e5f9bd4d5168d1afa7314d508","bspline_B",600,6,6,"random",5.39033599099055,0.729181241649968,1.82054683580954,0.705629558892582,-4.59432620753274,1.93277766932546,-178.272037554192,0.00510365230285957,5,1.07155308439986,10,"maximum_independently_evaluated_logLik","success",80.3758208880795,1.07155308439986,-0.577073120357889,0.577073120357889,0.0298033708138868,-1.18394961152966
57,1057,1,"0fa2ff4b3c51077ca4a85e846724b31e","bspline_B",600,1,1,"constant_B3",-5.52351891576421,1.68745102671008,1.1384414932327,0.994007729852349,-1.16401749795925,-0.494153763713247,-124.814463973911,0.00659672658862619,5,0.966397048794122,10,"maximum_independently_evaluated_logLik","success",65.3746279142592,0.966397048794122,-0.713095073903881,0.713095073903881,-0.887187947143685,-0.539002200664077
58,1058,1,"fb197f5caf6d73b93cf36910dcf5bd62","bspline_B",600,8,8,"random",3.29401449221132,0.0541413634620676,2.45077826222024,-0.554135967383046,3.20049334131105,-10.7607728793821,-180.49768294797,0.0176494234481128,5,0.699951719480707,10,"maximum_independently_evaluated_logLik","success",34.2952686722799,0.699951719480707,-0.0270535898724366,0.0270535898724366,-0.332179518907261,0.278072339162388
59,1059,1,"85c4aca3511ef3a6574f147464f1b8a6","bspline_B",600,2,2,"constant_B4",6.95556162293184,-0.025028052874238,2.18359894038539,0.0367281612414307,1.41720506832433,-2.01014435082592,-190.998730285145,0.0290014470714007,5,0.421675792575632,10,"maximum_independently_evaluated_logLik","success",12.4467331831001,0.421675792575632,-0.141029916108974,0.141029916108974,-0.344639433137674,0.0625796009197269
60,1060,1,"0f9b10d21fc1c74a53d447b4ab6c4a76","bspline_B",600,4,4,"random",8.05890927337322,0.182577864097751,2.08208306310748,0.074886236543949,1.75772892675928,-5.55311552262973,-198.510033528482,0.0185567002902003,5,0.416064634981106,10,"maximum_independently_evaluated_logLik","success",12.1176846337373,0.416064634981106,-0.0266714709407709,0.0266714709407709,-0.156893710506105,0.103550768624563
61,1061,1,"ef64f00e9a05074fb3305ee8fb186803","bspline_B",600,4,4,"random",6.65611411432071,0.134322910106431,2.17518967496501,0.139465367073425,1.39510521560642,-5.75922980115092,-201.625831771111,0.0163399330497437,5,0.430863393950449,10,"maximum_independently_evaluated_logLik","success",12.995028497255,0.430863393950449,-0.0926633559233412,0.0926633559233412,-0.146286116397627,-0.0390405954490556
62,1062,1,"a04acf843bb2ea72629f7c891c0bc0d1","bspline_B",600,3,3,"declining_B4_to_B2",4.32717508784627,0.751950416178143,1.79559400673656,0.509747000490439,-0.562706687933119,-0.812373968520271,-190.64901882827,0.00436959418999156,5,0.655904687739719,10,"maximum_independently_evaluated_logLik","success",30.1147671579257,0.655904687739719,-0.36313040673635,0.36313040673635,-0.177783991489444,-0.548476821983256
63,1063,1,"0b8692e4c4282eea08c84c3a7521bdca","bspline_B",600,6,6,"random",7.69888654091466,0.1551976326674,2.16606928233665,-0.058353164255085,0.106483967213007,-2.2918334526895,-182.112065267286,0.00884468117656024,5,0.691519574632626,10,"maximum_independently_evaluated_logLik","success",33.4739525470061,0.691519574632626,-0.413522569794914,0.413522569794914,-0.145220866206913,-0.681824273382916
64,1064,1,"65224e6e0078d6ba21ee5d2bd4a6c743","bspline_B",600,8,8,"random",1.63205891284283,1.0248662337226,1.62246636323881,0.56557614643509,0.73633940293615,-8.94199424719823,-183.256550187029,0.0124163510222307,5,0.606118435609415,10,"maximum_independently_evaluated_logLik","success",25.7165690589923,0.606118435609415,-0.308557072673557,0.308557072673557,-0.395211666306448,-0.221902479040666
65,1065,1,"d23c93587fac0bd4c1fffe812bf746e2","bspline_B",600,9,9,"random",4.66969959330792,0.608487025218841,1.93640137222179,0.512790401434285,-2.3241194496112,1.44032983318317,-195.315554801718,0.00956637017755963,5,0.910485932401506,10,"maximum_independently_evaluated_logLik","success",58.0289243170728,0.910485932401506,-0.497012934748991,0.497012934748991,-0.0552068192842502,-0.938819050213731
66,1066,1,"b503c7aa16489912e1de4bcf79bdc277","bspline_B",600,1,1,"constant_B3",9.64709546118926,-0.0610456281371689,2.20338831457557,0.131723802002927,1.23151387608388,3.12341414249717,-203.296633572402,0.0144383702675601,5,0.629262537514711,10,"maximum_independently_evaluated_logLik","success",27.7179938783617,0.629262537514711,0.193770448355525,0.193770448355525,-0.0298468254203615,0.417387722131412
67,1067,1,"a64edf122ea9288d9cc5843d572b4219","bspline_B",600,2,2,"constant_B4",2.89183518215916,1.07275440677483,1.76362890399252,0.668000443996115,-5.03430452110748,-2.22754240838956,-178.29238975432,0.00341841159480402,5,1.10253755594846,10,"maximum_independently_evaluated_logLik","success",85.0912343593763,1.10253755594846,-0.591617147138846,0.591617147138846,0.0798237818868615,-1.26305807616455
68,1068,1,"e2dc17973047d198b1f70625999d7313","bspline_B",600,9,9,"random",4.24894438980003,0.964809284918473,1.6535467879608,0.877603877012355,-4.86136382951699,1.86089738214084,-184.76842257408,0.0136890102946957,5,1.06652893536034,10,"maximum_independently_evaluated_logLik","success",79.6238778972597,1.06652893536034,-0.598757434930154,0.598757434930154,-0.0310124583377915,-1.16650241152252
69,1069,1,"8e4ff1513256eaffe3731b1dbc82ec29","bspline_B",600,10,10,"random",1.11503566997088,0.706028146448244,2.01460342897619,0.366561570617285,-2.11526601319798,-0.68105347944945,-171.948374234562,0.00425315227024122,5,0.993899796535159,10,"maximum_independently_evaluated_logLik","success",69.1485763886842,0.993899796535159,-0.578965684006795,0.578965684006795,-0.172014876387106,-0.985916491626483
70,1070,1,"3f39c2020f727aeaa01ef9ba099939bb","bspline_B",600,8,8,"random",8.74141031254196,-0.42474018448801,2.44138111073145,-0.378319890685103,2.03286410658842,-4.09742775136696,-177.324029429107,0.0093622223999973,5,0.491844541463838,10,"maximum_independently_evaluated_logLik","success",16.9337737077441,0.491844541463838,-0.176896424699317,0.176896424699317,-0.362953353380246,0.00916050398161259
71,1071,1,"f8a2941f2630be877dd64b0b25a3e9dd","bspline_B",600,3,3,"declining_B4_to_B2",5.80091804034323,0.499991413105602,2.0249752477118,0.22003952309636,0.69865943581661,2.41915340348829,-203.559862842969,0.0107495734800525,5,0.35568659186861,10,"maximum_independently_evaluated_logLik","success",8.85590661445749,0.35568659186861,-0.0181276345755826,0.0181276345755826,-0.0346041865937051,-0.00165108255745999
72,1072,1,"4ef60d1f950055935545ba4d8849c6a4","bspline_B",600,4,4,"random",5.08577650025262,0.652090810240462,1.86438703305286,0.711005138202467,-5.46155446299575,2.59907606812412,-177.535710999459,0.00688833222410234,5,1.10275027374844,10,"maximum_independently_evaluated_logLik","success",85.1240716376578,1.10275027374844,-0.63562357557139,0.63562357557139,-0.0181177994091345,-1.25312935173365
73,1073,1,"23ed6d0e534e19ffc952e0a9519e96fd","bspline_B",600,10,10,"random",4.40137001629936,0.800750052239203,1.8342530463237,0.374183866149161,0.377186635032227,-5.31370961836674,-185.951429824725,0.00535526558915634,5,0.571586346441638,10,"maximum_independently_evaluated_logLik","success",22.869766600695,0.571586346441638,-0.247797593091105,0.247797593091105,-0.0943611082153014,-0.401234077966908
74,1074,1,"44fe946085f2400c80cee533d6231e9a","bspline_B",600,10,10,"random",8.16707044415391,0.0201150201312821,2.09963300106404,0.205881065313467,1.16131940424418,-6.73773011974595,-194.321171746327,0.00783413774260094,5,0.519754602031797,10,"maximum_independently_evaluated_logLik","success",18.9101392433262,0.519754602031797,-0.206288504910543,0.206288504910543,-0.250484893225705,-0.162092116595381
75,1075,1,"0d820f5ccbfe13549eea216ee2513074","bspline_B",600,4,4,"random",2.94402632025451,0.532959833930878,1.99585437939404,0.267294683355687,-0.519815630794906,3.37825353347421,-174.627217742978,0.0138274284320992,5,0.661649976097585,10,"maximum_independently_evaluated_logLik","success",30.6446483608955,0.661649976097585,-0.427133979414504,0.427133979414504,-0.303357633099732,-0.550910325729277
76,1076,1,"91d5e8bc67046e3d44e7a47924bb3404","bspline_B",600,5,5,"random",7.99746316634026,0.0846257438792446,2.21229548465332,-0.0319455828985299,2.29407180456793,-9.09133354063341,-205.973118084638,0.0144054162067116,5,0.452881459999999,10,"maximum_independently_evaluated_logLik","success",14.3571131768212,0.452881459999999,0.0619339569658271,0.0619339569658271,-0.0844683278830451,0.208336241814699
77,1077,1,"4fe16663f3cfd5b374d35dd29d9cdca8","bspline_B",600,2,2,"constant_B4",4.10496890985107,0.878402654424521,1.71820395328731,0.569573402567029,-0.620885690804878,-3.324058613596,-187.816988437121,0.010939998560566,5,0.708880667440836,10,"maximum_independently_evaluated_logLik","success",35.1758260469956,0.708880667440836,-0.376877690898408,0.376877690898408,-0.160738435305614,-0.593016946491202
78,1078,1,"83a908c8ed5455b6c9ef246884162afc","bspline_B",600,5,5,"random",2.06460874648012,0.555905129498523,2.14698368240664,-0.121834807651856,2.66364762394894,-6.72927270746279,-198.616430349962,0.0156264675527131,5,0.64661349825859,10,"maximum_independently_evaluated_logLik","success",29.2676311291148,0.64661349825859,0.149783188855315,0.149783188855315,-0.234221457171773,0.533787834882402
79,1079,1,"022bd08caeebfca4473b74c3678f71c2","bspline_B",600,8,8,"random",10.050401522016,-0.28663371761837,2.22350227460309,-0.0469714117581759,1.98310843661015,-5.39486040650944,-192.318649780877,0.00915301997391246,5,0.490497770555684,10,"maximum_independently_evaluated_logLik","success",16.8411644044068,0.490497770555684,-0.069989942143386,0.069989942143386,-0.317726291766798,0.177746407480026
80,1080,1,"0bfd2bd8ee2ddc3923c9cef719215e45","bspline_B",600,1,1,"constant_B3",4.62121203182234,0.546563848870333,2.02015894595939,0.495367362124249,-2.13593145843096,6.78863548632098,-181.300544720493,0.0379366243512717,5,0.834195181933211,10,"maximum_independently_evaluated_logLik","success",48.7117121092408,0.834195181933211,-0.39411252764592,0.39411252764592,0.0252696628814028,-0.813494718173244
81,1081,1,"b3ce4c9c57f114ee806b5ede899e654c","bspline_B",600,6,6,"random",4.35350385627655,0.832074742112432,1.72749244808281,1.04387152891058,-4.59402942652872,-5.26078797015448,-184.001013147709,0.00477571273236007,5,1.0570552667052,10,"maximum_independently_evaluated_logLik","success",78.2156085808434,1.0570552667052,-0.499260009768551,0.499260009768551,0.0485463736906571,-1.04706639322776
82,1082,1,"345f145ce6e49d5527737547b7d7bcc9","bspline_B",600,10,10,"random",4.25812433470723,0.840465596527644,1.69447544476101,0.974191513658754,-7.70168796384305,-2.8064322743763,-183.221581756561,0.00317044005495794,5,1.1524719364367,10,"maximum_independently_evaluated_logLik","success",92.9734094991905,1.1524719364367,-0.711669374410316,0.711669374410316,-0.0788450771379628,-1.34449367168267
83,1083,1,"5cd6b677ff91eaefd7913f277989cb3a","bspline_B",600,9,9,"random",1.78105105997692,1.3816138137582,1.46935081283937,1.05779934023754,-9.86795377990608,4.03881922147794,-186.487869285934,0.0160136736691463,5,1.20042047698353,10,"maximum_independently_evaluated_logLik","success",100.870652509295,1.20042047698353,-0.759423128368733,0.759423128368733,-0.0537117576534871,-1.46513449908398
84,1084,1,"ec4eb27a1b0dc4aef15289699a23db33","bspline_B",600,9,9,"random",2.50415790498196,0.513453166504347,2.00562763513379,0.132959087893228,-0.259940640186744,0.056458836622405,-162.312582529904,0.0144282694274374,5,0.737390217838128,10,"maximum_independently_evaluated_logLik","success",38.0621033354354,0.737390217838128,-0.530018164349538,0.530018164349538,-0.409466168618709,-0.650570160080366
85,1085,1,"f306053231f91c40dca3c621e8419b61","bspline_B",600,5,5,"random",7.28510611113897,0.178584922196299,2.09419962551552,0.0986821822767154,1.14199450858596,-4.2223602693941,-190.583349798126,0.0128771344079848,5,0.437283676434143,10,"maximum_independently_evaluated_logLik","success",13.3851909573032,0.437283676434143,-0.196246861503541,0.196246861503541,-0.212035409871484,-0.180458313135598
86,1086,1,"e89799bf4fcfc5e7d882e1a15e433b0c","bspline_B",600,4,4,"random",9.88461369778672,-0.322086136353295,1.92146275720953,0.56197802118085,-5.56152698126764,2.29238701919746,-139.518791818829,0.00677150409375052,5,1.24290563780906,10,"maximum_independently_evaluated_logLik","success",108.137009714829,1.24290563780906,-0.988184974399015,0.988184974399015,-0.66046647269368,-1.31590347610435
87,1087,1,"83d5cd04167b4c25b941369e1cd89c12","bspline_B",600,6,6,"random",7.98171273120923,0.396147053993902,2.00372358717546,0.167523692755353,2.34272572151078,-9.1858185004863,-202.351616507118,0.0101168042734972,5,0.593960910330771,10,"maximum_independently_evaluated_logLik","success",24.6952694100671,0.593960910330771,0.213830987779855,0.213830987779855,0.0144728965674676,0.413189078992242
88,1088,1,"e68e6eddaef14b8f6833f1889cb09727","bspline_B",600,6,6,"random",5.76114718356956,0.470753185652501,1.99848556551064,0.336376277209498,0.435616406335618,2.1887332519429,-202.837942005845,0.0279906458248755,5,0.36904340390774,10,"maximum_independently_evaluated_logLik","success",9.53351237774681,0.36904340390774,-0.0723779631264714,0.0723779631264714,-0.0701172265408014,-0.0746386997121414
89,1089,1,"aa9cc98baf1a333684a7dcc3407aadc4","bspline_B",600,7,7,"random",4.67881103249761,0.235815977338733,2.25349298884803,-0.0591243298771881,0.199500397241445,-3.7367709252871,-178.067800817805,0.0167296548626409,5,0.720995116085711,10,"maximum_independently_evaluated_logLik","success",36.3883770193614,0.720995116085711,-0.413531108659818,0.413531108659818,-0.162728224951325,-0.664333992368311
90,1090,1,"3b62c1a3abbc8f8d77b3f0094d799c08","bspline_B",600,9,9,"random",2.39098852012536,1.34143613257276,1.54206561857687,1.11071092509155,-4.43487193205597,-11.3159817628387,-183.944749584297,0.00181561390276627,5,1.06186625391811,10,"maximum_independently_evaluated_logLik","success",78.9291958847062,1.06186625391811,-0.437581385260689,0.437581385260689,0.172842216080312,-1.04800498660169
91,1091,1,"ffb0df50d948dd9dad8db95b89578130","bspline_B",600,4,4,"random",5.18767095575993,0.5225883399096,1.95696416678204,0.383537501477124,-1.00984562310792,-2.81468941326813,-177.647246477709,0.0124919578959693,5,0.798057871943272,10,"maximum_independently_evaluated_logLik","success",44.5827456879437,0.798057871943272,-0.450994470492234,0.450994470492234,-0.130485109187351,-0.771503831797117
92,1092,2,"42c5e41b64f024125d08f483c49d5109","bspline_B",600,1,1,"constant_B3",12.4597664756548,-1.17408867129202,2.89212161130695,-0.754450409222075,2.32005645764022,-4.76490402760787,-181.841513177104,0.011522244874242,5,0.627682498545771,10,"maximum_independently_evaluated_logLik","success",27.5789723286464,0.627682498545771,-0.145737475448156,0.145737475448156,-0.20850018381197,-0.082974767084342
93,1093,1,"7866b869b011f99e5a6d626fd2b53319","bspline_B",600,6,6,"random",8.86479115653528,-0.0610824808066155,2.2156943451811,-0.146467035054086,1.723303885441,-0.98022496011511,-188.161649306341,0.0110800576004451,5,0.472860853189268,10,"maximum_independently_evaluated_logLik","success",15.6518170535218,0.472860853189268,-0.0284599837782953,0.0284599837782953,-0.232528133997852,0.175608166441262
94,1094,1,"cb6e4431d9ef11ffbb0c3c60fc93a658","bspline_B",600,1,1,"constant_B3",4.09650118367855,0.842637785378109,1.86848592958607,0.336929002955219,1.2623559244979,0.97703282623956,-214.402521149353,0.0079022229643199,5,0.419684074557776,10,"maximum_independently_evaluated_logLik","success",12.3294305706192,0.419684074557776,0.188840543535513,0.188840543535513,-0.0163202966099008,0.394001383680928
95,1095,1,"e2c94ae6df04e9da8177ab346fbd245e","bspline_B",600,10,10,"random",6.52086836809752,0.465830039316335,1.95136381397806,0.193781705971152,0.638956876726516,-0.138584674292287,-179.839114663229,0.00856636353171939,5,0.430685139288985,10,"maximum_independently_evaluated_logLik","success",12.9842782443061,0.430685139288985,-0.192539924751739,0.192539924751739,-0.161189475895089,-0.223890373608389
96,1096,1,"dce19abeba3755021094f84a48b227a7","bspline_B",600,1,1,"constant_B3",3.37084665484982,0.70251795657193,1.92247402294393,0.443067245201596,-1.92589612546207,-1.59642749118002,-181.565257469916,0.0124966815311268,5,0.907242710847673,10,"maximum_independently_evaluated_logLik","success",57.6162535470364,0.907242710847673,-0.53030642542097,0.53030642542097,-0.125474461616347,-0.935138389225593
97,1097,1,"5f10705eaab893b924c7745af7cbddc2","bspline_B",600,5,5,"random",7.3589271966662,0.587427646728537,1.77729221019484,0.760073996456382,-1.95356291484099,-0.0623104453377936,-197.700867392788,0.00907201380625275,5,0.910715816964607,10,"maximum_independently_evaluated_logLik","success",58.0582309488658,0.910715816964607,-0.3645835516117,0.3645835516117,0.026601634686156,-0.755768737909556
98,1098,1,"a0c73b07405f66c422d099e5a3c08c54","bspline_B",600,5,5,"random",8.40821991508259,-0.372097571042706,2.35812490737754,-0.0831079670570304,-0.457310301458491,0.754608918396367,-169.963024961521,0.00776532241574753,5,0.811476513369149,10,"maximum_independently_evaluated_logLik","success",46.0945892224825,0.811476513369149,-0.559484308728455,0.559484308728455,-0.353242695076717,-0.765725922380195
99,1099,1,"9d985583339f37fbacb7140d4222662d","bspline_B",600,5,5,"random",0.197167364286228,0.885799640720056,1.91138488291435,0.152101054331777,1.24227550199514,-7.32763755923218,-175.340422472191,0.0242907461928973,5,0.578828190577423,10,"maximum_independently_evaluated_logLik","success",23.4529451944993,0.578828190577423,-0.287457833956348,0.287457833956348,-0.331397320637984,-0.243518347274712
100,1100,1,"8ea86fffc296b32f99e63ed723d89d90","bspline_B",600,1,1,"constant_B3",3.01469601483346,1.2367952580679,1.63477046315093,0.937224454498156,-1.36094666947597,-3.73130731882971,-192.429445443103,0.00937286388363489,5,0.824721404208282,10,"maximum_independently_evaluated_logLik","success",47.6115776191497,0.824721404208282,-0.164185933983818,0.164185933983818,0.220910999279166,-0.549282867246801
101,1101,1,"51fea122ace66c28fcf6227076a2210d","bspline_B",600,10,10,"random",0.490345691286481,1.13213256765047,1.65951650857579,0.646704868683505,-1.39179884796749,-1.97738757998982,-176.384253858256,0.0131736474623616,5,0.831204740979915,10,"maximum_independently_evaluated_logLik","success",48.3630924999241,0.831204740979915,-0.511971152185058,0.511971152185058,-0.272602197875722,-0.751340106494394
102,1102,2,"87466aaae46506b8e351c34782985403","bspline_B",600,10,10,"random",8.50906360258437,-0.194941040784917,1.85957462933336,0.31496718050068,0.507921420682779,-1.25576612172784,-134.301885030482,0.00354792018547999,5,0.732845753833362,10,"maximum_independently_evaluated_logLik","success",37.5944029238112,0.732845753833362,-0.544662889875364,0.544662889875364,-0.83016880412357,-0.259156975627159
103,1103,1,"e898b26388bd31312b334e141687631d","bspline_B",600,9,9,"random",5.30291621683648,0.742602646291088,1.79629202827989,0.529646890574351,-3.09398130125708,4.61747931460331,-188.827254301172,0.0135883651312612,5,0.976977547278985,10,"maximum_independently_evaluated_logLik","success",66.8139589521083,0.976977547278985,-0.580939203999749,0.580939203999749,-0.0920967083419145,-1.06978169965758
104,1104,1,"f7b481c3a4568173c9a99c1b4d8c5521","bspline_B",600,2,2,"constant_B4",2.92079764777273,0.696218151742836,1.94886725094439,0.241995088272962,-1.53366453220451,7.96210960683656,-172.011706728467,0.00983306622039023,5,0.765908246037966,10,"maximum_independently_evaluated_logLik","success",41.0630808944268,0.765908246037966,-0.509005430773534,0.509005430773534,-0.224210415775237,-0.793800445771831
105,1105,1,"fda815e14a2797f663c51a8c3fc66eeb","bspline_B",600,6,6,"random",-1.94320895846773,1.91213543569201,1.32942984873373,1.29219001688132,-6.49027036393092,-0.783311621104238,-195.21705775743,0.0048033518348836,5,1.13036478947797,10,"maximum_independently_evaluated_logLik","success",89.4407190104097,1.13036478947797,-0.533370553892888,0.533370553892888,0.129817759476953,-1.19655886726273
106,1106,1,"2ace1767dd5349b12ef5f3a5bd831ab8","bspline_B",600,7,7,"random",0.164035976307687,1.22850429514399,1.85248320314627,0.382192828386077,-0.426390457213434,0.551256526361314,-186.126460936979,0.0114847396197015,5,0.677515627359415,10,"maximum_independently_evaluated_logLik","success",32.1319197721356,0.677515627359415,-0.234902132446332,0.234902132446332,0.0779286720465134,-0.547732936939178
107,1107,1,"d3c22607503e5f474a3f5ebe80ebdf3d","bspline_B",600,4,4,"random",8.75755947812644,0.143373003518657,2.20159905132181,-0.0333750019468002,1.94330044330365,-2.77676887590727,-197.352316581804,0.0155249002076078,5,0.506882744650548,10,"maximum_independently_evaluated_logLik","success",17.9851081777131,0.506882744650548,0.194181438421911,0.194181438421911,0.0536259818692865,0.334736894974536
108,1108,1,"68aa1cfbcec0e4ea336983e4d1e49773","bspline_B",600,2,2,"constant_B4",11.1705264971538,-0.343136472864927,2.44858011420057,-0.309781435011247,1.67672056382487,-3.65035287861528,-198.385037176662,0.00931656871426983,5,0.535061994291505,10,"maximum_independently_evaluated_logLik","success",20.0403936414642,0.535061994291505,-0.0484665695883385,0.0484665695883385,0.0347025216851932,-0.13163566086187
109,1109,1,"64378d1cf8147aa375c77012a1f6217d","bspline_B",600,6,6,"random",0.905141285763675,0.870340090079378,1.88651307748876,0.303382073625052,-0.0215682665030126,-5.48055183368192,-172.473285723039,0.00993944712491034,5,0.733210171814312,10,"maximum_independently_evaluated_logLik","success",37.6318009236381,0.733210171814312,-0.434855746547149,0.434855746547149,-0.271679833911343,-0.598031659182955
110,1110,1,"4c9bdb3191d72e532b9af0440b61821e","bspline_B",600,1,1,"constant_B3",-1.03243125685291,1.84251448957904,1.32750235245711,1.59882576593026,-6.94788902717565,-2.94626820410125,-191.629142088742,0.00544525886206218,5,1.13931003862644,10,"maximum_independently_evaluated_logLik","success",90.8619154880488,1.13931003862644,-0.396157429629975,0.396157429629975,0.291450137904428,-1.08376499716438
111,1111,1,"90bc4d41e3adeb7ca6a265e34199593d","bspline_B",600,9,9,"random",1.62255212747457,1.64779407865547,1.21114105054723,1.43615579715333,-12.3021751733015,-1.20250934917278,-178.796372685817,0.00854412234475271,5,1.2374793021291,10,"maximum_independently_evaluated_logLik","success",107.194851623855,1.2374793021291,-0.770850940939396,0.770850940939396,-0.0498395465026918,-1.4918623353761
112,1112,1,"2de6dbe92e20217bcb1faa713be3c7e9","bspline_B",600,1,1,"constant_B3",4.05058296028739,0.91323094119041,1.64013239069035,1.15403456453792,-9.93779632073604,2.2214676434263,-175.059315265392,0.00802893341796598,5,1.18375452291831,10,"maximum_independently_evaluated_logLik","success",98.0892339370691,1.18375452291831,-0.721196320301144,0.721196320301144,-0.0353735193511429,-1.40701912125115
113,1113,1,"62d44f5b5cf3a1a10474477b2836ac7c","bspline_B",600,7,7,"random",5.10849576992295,0.682760701568106,1.93869513962681,0.112116850246588,1.54320220914872,2.23217010653127,-191.795734293737,0.0177274116681366,5,0.651021190809421,10,"maximum_independently_evaluated_logLik","success",29.6680013618042,0.651021190809421,0.213955019291605,0.213955019291605,-0.0909294235765468,0.518839462159756
114,1114,1,"e8aa5c36f38132f5ccc9683b131a520e","bspline_B",600,2,2,"constant_B4",9.0176444425489,-0.11191534087721,2.24341510663984,-0.0508754985250407,0.306608741678142,3.40530052240746,-183.066921250522,0.0137992056380309,5,0.537947149948664,10,"maximum_independently_evaluated_logLik","success",20.2570995296523,0.537947149948664,-0.274408196272248,0.274408196272248,-0.186804712866686,-0.362011679677809
115,1115,1,"527c2542099f691a2a03e60fc5521e3b","bspline_B",600,4,4,"random",10.8314405102387,-0.322574631306848,2.30616489462,-0.167890039852936,2.39185838336464,-8.78432922431735,-200.339471623931,0.00735581890323218,5,0.537890318199466,10,"maximum_independently_evaluated_logLik","success",20.2528196088906,0.537890318199466,-0.00614537363567356,0.00614537363567356,-0.180402276922766,0.168111529651419
116,1116,1,"493ff3d28fe2680d1b7fc1f343262be6","bspline_B",600,7,7,"random",3.41082566229364,1.2720035894887,1.46705832420339,1.03460832535575,-1.41027751490435,7.71202990388985,-193.66188257721,0.0115115670579779,5,0.614769573990193,10,"maximum_independently_evaluated_logLik","success",26.4559140372858,0.614769573990193,-0.129631786838638,0.129631786838638,0.0208494620044201,-0.280113035681695
117,1117,1,"64dffb15867fda5ef262e2caf0e46bbf","bspline_B",600,8,8,"random",5.44694157167259,0.298758527081673,2.03793384900875,0.369702591418416,-3.52374439723239,-0.17597296823965,-178.071709565604,0.00986931051991819,5,1.06324528246622,10,"maximum_independently_evaluated_logLik","success",79.1343371480675,1.06324528246622,-0.714161846092794,0.714161846092794,-0.243252161701372,-1.18507153048422
118,1118,1,"4fe04592b1bd1b0073226474bda79a17","bspline_B",600,3,3,"declining_B4_to_B2",-0.310194058766805,1.51605824910156,1.4786947885391,0.910189857058441,-1.54847900895205,-6.08912357525146,-193.042933702618,0.0188116402727786,5,0.84722101341627,10,"maximum_independently_evaluated_logLik","success",50.2448411901864,0.84722101341627,-0.39245336760403,0.39245336760403,-0.092734416410398,-0.692172318797662
119,1119,1,"53a63bcc974e882529742ef97a8b74d5","bspline_B",600,4,4,"random",6.39452570598967,0.486337692110899,1.94089798967365,0.316027948445068,1.0723658898752,-7.23547237205439,-199.845920879275,0.0174818896117805,5,0.498257877764553,10,"maximum_independently_evaluated_logLik","success",17.3782638928105,0.498257877764553,-0.132955694982608,0.132955694982608,-0.104071728330233,-0.161839661634984
120,1120,1,"4d64fbb86d0c71298cfafd74891b1601","bspline_B",600,5,5,"random",2.62330091235327,0.636241373708002,1.84821027516958,0.282967573005041,1.37511439821722,-9.62884395081201,-177.464749959445,0.00665977051040085,5,0.578606927669008,10,"maximum_independently_evaluated_logLik","success",23.4350183722598,0.578606927669008,-0.307414751499886,0.307414751499886,-0.471361581962451,-0.143467921037321
121,1121,1,"fc119966f9fa86c9beb582f612bc73ec","bspline_B",600,3,3,"declining_B4_to_B2",10.2869165887468,-0.450443407203608,2.45126316458154,-0.112465215707657,1.83369544868277,-7.01522649367484,-192.811235651725,0.0083390668595937,5,0.498143733139809,10,"maximum_independently_evaluated_logLik","success",17.3703025206526,0.498143733139809,-0.0487011829347021,0.0487011829347021,-0.086101459977474,-0.0113009058919303
122,1122,1,"2de2afe17b444c1be6ab135102d2e749","bspline_B",600,8,8,"random",0.877349905912351,1.56894664139294,1.30427712218514,1.17871350387489,-6.57730263661617,0.744082762545322,-172.921318672932,0.00700465362017822,5,1.12196456042378,10,"maximum_independently_evaluated_logLik","success",88.1163132392846,1.12196456042378,-0.703352408070166,0.703352408070166,-0.145662545394692,-1.26104227074564
123,1123,1,"8b49cbb9e926a62a502c208b4a74393a","bspline_B",600,8,8,"random",2.41820963923337,1.33944740383376,1.47911969147244,1.25604384800937,-9.9205627712646,4.05714668349368,-183.346513442912,0.0119252268033491,5,1.18497771862611,10,"maximum_independently_evaluated_logLik","success",98.2920535548236,1.18497771862611,-0.659491704232905,0.659491704232905,0.0810391560129915,-1.4000225644788
124,1124,2,"fee16d34d4badef781de40b823c932b3","bspline_B",600,10,10,"random",3.42398743663959,1.1662598228275,1.59006304585681,0.964054550903158,-5.48635184008836,-4.75932034046934,-182.957419260974,0.0112665006144023,5,1.10135011870872,10,"maximum_independently_evaluated_logLik","success",84.9080458785797,1.10135011870872,-0.574686279278845,0.574686279278845,0.0610785483892352,-1.21045110694693
125,1125,1,"49b1406d1f09cf7ccfb97517eb1d686b","bspline_B",600,8,8,"random",3.37567929584705,1.33500021815091,1.56990494344586,0.78104754304042,-0.82031273251667,-0.221677553205104,-187.727165254688,0.0127225186377056,5,0.737714727160984,10,"maximum_independently_evaluated_logLik","success",38.0956113069144,0.737714727160984,-0.138711844429706,0.138711844429706,0.18935457966582,-0.466778268525233
126,1126,1,"89c12c0c7af03e2dcd492d20daed2fb8","bspline_B",600,1,1,"constant_B3",6.47535299896227,0.435493560432022,1.83198105605215,0.608531497955702,0.00252224704703531,-5.84198875721287,-192.03211522869,0.00498350968443188,5,0.666984674507534,10,"maximum_independently_evaluated_logLik","success",31.1407989219545,0.666984674507534,-0.292044642607067,0.292044642607067,-0.227188608787276,-0.356900676426859
127,1127,1,"d6cf87e625366c1649bd82f3bda75a50","bspline_B",600,3,3,"declining_B4_to_B2",9.53195503436389,-0.67394698698712,2.50764954209238,-0.533199173926059,1.21017517330252,-4.49239450818915,-149.602463616697,0.00981691002206252,5,0.723570985507802,10,"maximum_independently_evaluated_logLik","success",36.6488479748112,0.723570985507802,-0.556486244673224,0.556486244673224,-0.530203468226543,-0.582769021119906
128,1128,1,"e7c98f0c8ff03fc89b23b860ab6e055c","bspline_B",600,3,3,"declining_B4_to_B2",11.8968124030894,-1.18763460317259,2.7209175956621,-0.589345416517383,2.2584923132004,-5.68763905275811,-157.330830822803,0.00977719656314621,5,0.659370368872161,10,"maximum_independently_evaluated_logLik","success",30.4338498342627,0.659370368872161,-0.28984713953949,0.28984713953949,-0.50996719854552,-0.0697270805334586
129,1129,1,"89bab4fa545504e51f4b5b765fa2b9ae","bspline_B",600,3,3,"declining_B4_to_B2",8.91956971313184,0.196667895969111,1.9843335178451,0.236059411399471,-0.264861408063628,-3.28774092080965,-186.095004336872,0.00794790271774252,5,0.782729075001657,10,"maximum_independently_evaluated_logLik","success",42.8865363397064,0.782729075001657,-0.41209175394151,0.41209175394151,-0.161857260212995,-0.662326247670026
130,1130,1,"bf14545e60a11dc820244df794a9bbde","bspline_B",600,8,8,"random",7.91959860241053,-0.825315449580267,2.56144711654549,-0.17394338933001,0.730793947682299,-4.23760248848734,-139.92297558038,0.0187778044150023,5,0.858713546451346,10,"maximum_independently_evaluated_logLik","success",51.6172268401334,0.858713546451346,-0.505423135762119,0.505423135762119,-0.520390442494484,-0.490455829029754
131,1131,1,"f9b4bd3734443873f1d31c98484de516","bspline_B",600,2,2,"constant_B4",4.26946127073004,0.955629744402914,1.59882629229275,0.808487556122595,-3.56900294619595,-1.71982257967651,-184.151500852469,0.00598092515367152,5,1.01574139987433,10,"maximum_independently_evaluated_logLik","success",72.2211413993065,1.01574139987433,-0.623434682651624,0.623434682651624,-0.17473088912567,-1.07213847617758
132,1132,1,"b571595faf7cf9bf9fb646335e089636","bspline_B",600,10,10,"random",12.7962002324348,-1.1711498598053,2.33871452869019,0.317926593192976,-2.11561963446623,1.94785338646095,-123.363836930935,0.0124971057946656,5,1.13329635708622,10,"maximum_independently_evaluated_logLik","success",89.9052443089434,1.13329635708622,-0.784577241674495,0.784577241674495,-0.653212675027202,-0.915941808321789
133,1133,1,"0a62c14ca9858effb08a88d2cabe1673","bspline_B",600,7,7,"random",12.5882405707791,-0.605763395993605,2.54121697373154,-0.447292960375859,2.10445855230956,-2.33055509371631,-199.461731176672,0.00939880866047802,5,0.631215193806784,10,"maximum_independently_evaluated_logLik","success",27.8902834624775,0.631215193806784,0.0566829978879703,0.0566829978879703,-0.0307676970490371,0.144133692824978
134,1134,1,"6cdb8dae15bac319b768e307416ee6b2","bspline_B",600,5,5,"random",1.17621302035217,1.5257917636115,1.40633725388691,1.05402908022487,-4.22890955361217,0.0708870153236004,-178.115474676926,0.0105477674854925,5,1.02887879071969,10,"maximum_independently_evaluated_logLik","success",74.101409619497,1.02887879071969,-0.539937309749472,0.539937309749472,-0.0162958938924641,-1.06357872560648
135,1135,1,"f5fbe5bac9e630e09a5f83fdcd75b932","bspline_B",600,9,9,"random",3.82080478125488,0.842928614189433,1.97513162853342,0.0720511093156492,1.4645090605582,-1.31451236721185,-198.879941280143,0.0087018019517393,5,0.362175156537963,10,"maximum_independently_evaluated_logLik","success",9.18195908093086,0.362175156537963,0.0793693407077356,0.0793693407077356,0.0373539478122828,0.121384733603188
136,1136,1,"75dc159ba49385507004b04106ac29e8","bspline_B",600,3,3,"declining_B4_to_B2",8.49058643338281,0.227165691234843,2.07569692216324,0.22720506476267,0.373773151103907,-4.23464480025878,-206.395255644224,0.0143223346208272,5,0.6443917215764,10,"maximum_independently_evaluated_logLik","success",29.0668483585337,0.6443917215764,-0.213588799713931,0.213588799713931,0.0073342864342265,-0.434511885862089
137,1137,1,"25af99e573ba8708856ba71f5d31801d","bspline_B",600,1,1,"constant_B3",5.61522283880868,0.231740665949619,2.13979825433345,0.236649668850661,-0.246408907220393,-0.114584765117621,-176.018211161506,0.0138584041841099,5,0.655820871327864,10,"maximum_independently_evaluated_logLik","success",30.1070710688467,0.655820871327864,-0.347161088247738,0.347161088247738,-0.155292324615805,-0.53902985187967
138,1138,1,"24ce0d2a3efbc542f5ad5931cbdb79aa","bspline_B",600,1,1,"constant_B3",0.0736341454131219,1.32686314936321,1.6073767530763,0.831139611722463,-3.19001273276664,-1.76539220871287,-172.882415167255,0.00928042556340417,5,0.986235422818853,10,"maximum_independently_evaluated_logLik","success",68.0862216455877,0.986235422818853,-0.546212487066921,0.546212487066921,-0.0910503651525739,-1.00137460898127
139,1139,1,"392c573a8d8baf810091dbff34258106","bspline_B",600,1,1,"constant_B3",6.41014060671826,0.36609777455363,2.19826356419237,-0.163238690167483,1.58087147377017,2.12998481805216,-188.787925473497,0.00835635800828511,5,0.609848758992262,10,"maximum_independently_evaluated_logLik","success",26.0340856191081,0.609848758992262,0.159558259091284,0.159558259091284,0.0119812415292437,0.307135276653325
140,1140,1,"9af7f4bb9f26f77c38c192936cf0be33","bspline_B",600,4,4,"random",3.1947191693763,0.526365650385945,2.08469273988044,-0.172928820919276,2.24071462247045,-7.7228088030102,-174.390146877971,0.0168888872794874,5,0.453449437314983,10,"maximum_independently_evaluated_logLik","success",14.3931474540892,0.453449437314983,-0.134040328527051,0.134040328527051,-0.324012716143745,0.0559320590896429
141,1141,1,"bd55561900b24ec7c3c7ac64a514ac02","bspline_B",600,5,5,"random",5.40683271615242,0.608262550708064,1.99202693839634,0.228809922579162,2.0310721253225,-7.0819415356754,-202.652225714055,0.00904174122755507,5,0.446033303017211,10,"maximum_independently_evaluated_logLik","success",13.926199518031,0.446033303017211,0.188928170238937,0.188928170238937,0.0126236543271212,0.365232686150753
142,1142,1,"d1a06c9101d2c0ee727ae600038327ba","bspline_B",600,1,1,"constant_B3",4.87382578273515,0.810609442842719,1.82229556728595,0.80717141806329,-6.48054440541844,2.26235313119908,-180.770974791838,0.0083860305900833,5,1.13925428353087,10,"maximum_independently_evaluated_logLik","success",90.8530225780411,1.13925428353087,-0.586813141986777,0.586813141986777,0.127687719664918,-1.30131400363847
143,1143,1,"5e8bbd223a147392f54cce5f77c7b52e","bspline_B",600,10,10,"random",2.41585212850379,0.648150776834217,2.05011783494469,-0.0907837970743646,2.21762784838316,-7.09590558560363,-184.505230488782,0.0158337140868745,5,0.455778287755694,10,"maximum_independently_evaluated_logLik","success",14.5413693312658,0.455778287755694,-0.0599214538429972,0.0599214538429972,-0.273162564045154,0.15331965635916
144,1144,1,"a7c2af9704a9238a0ba07d099939a75d","bspline_B",600,4,4,"random",4.60467094846053,0.446362594402776,1.84888691470829,0.415073168160791,-0.0119627397051437,1.46057609817685,-180.240537832408,0.0124099059113914,5,0.557261709983502,10,"maximum_independently_evaluated_logLik","success",21.7378429389616,0.557261709983502,-0.388626546232818,0.388626546232818,-0.458485180597928,-0.318767911867709
145,1145,1,"2db60151e6a71b77be25757b07f7d413","bspline_B",600,4,4,"random",4.44943083193635,0.770811137589637,1.7674782282083,0.734663555125902,-5.05582127403914,0.206485061845875,-178.545764368348,0.00646674852763013,5,1.08616114339162,10,"maximum_independently_evaluated_logLik","success",82.5822220589662,1.08616114339162,-0.671211323891841,0.671211323891841,-0.110882334838397,-1.23154031294528
146,1146,1,"11b683568a8c7109187e0d518ad44753","bspline_B",600,6,6,"random",7.17066908072714,0.487322226360274,1.89617840989264,0.439159585979393,-1.93933757453367,-2.69138794512134,-192.04473278354,0.0108012023069275,5,0.946338437142549,10,"maximum_independently_evaluated_logLik","success",62.6889506329382,0.946338437142549,-0.509049855666251,0.509049855666251,-0.0611343238890377,-0.956965387443465
147,1147,1,"39e27a57bdf2c1c57e6c23b743348818","bspline_B",600,7,7,"random",4.13748389201901,0.661025550371377,1.87537295866667,0.507605844179143,-0.690224808210222,6.78892416784813,-189.079307519133,0.020099956286192,5,0.510383124439662,10,"maximum_independently_evaluated_logLik","success",18.2343653598954,0.510383124439662,-0.242053133048832,0.242053133048832,-0.15520816532035,-0.328898100777313
148,1148,1,"08f76d2a0f0fd7c0c65c77a4e3db66f5","bspline_B",600,1,1,"constant_B3",0.783400295236895,1.36255980597054,1.57611537210994,0.783799726466629,0.599611639541133,6.94404465096294,-207.598587219587,0.0112588136729231,5,0.804623852080883,10,"maximum_independently_evaluated_logLik","success",45.3193680336235,0.804623852080883,0.389241527697684,0.389241527697684,-0.038410085231108,0.816893140626477
149,1149,1,"73fb1389d38e28b1daab2d44d648d7dc","bspline_B",600,6,6,"random",-0.624758134331431,1.43100938761358,0.939177156226386,1.86394248525634,-9.69338830673568,1.02184642850683,-120.683890369013,0.00751807440477041,5,1.27122783029159,10,"maximum_independently_evaluated_logLik","success",113.121413755551,1.27122783029159,-1.02568553694105,1.02568553694105,-0.786865813371185,-1.26450526051092
150,1150,1,"4538cec1dfd416909e103d8882091c24","bspline_B",600,4,4,"random",8.04783672061746,-0.229977336000244,2.34720025326765,-0.163666852994049,0.681197127691991,2.25162125725796,-181.633785216119,0.0167121966918045,5,0.522152202589962,10,"maximum_independently_evaluated_logLik","success",19.0850045868684,0.522152202589962,-0.283673697789745,0.283673697789745,-0.278905982109158,-0.288441413470332
151,1151,1,"c30a72bbd9994edc5a6a1c2aed4242b1","bspline_B",600,3,3,"declining_B4_to_B2",0.974513956281495,1.10047377930234,1.55247187637634,0.841519540876776,0.107384858010033,-3.33435229119749,-190.484479065224,0.0166251205809748,5,0.59495799155972,10,"maximum_independently_evaluated_logLik","success",24.7782508204544,0.59495799155972,-0.235372530155444,0.235372530155444,-0.36298978138229,-0.107755278928598
152,1152,1,"6a9c86481f4a2482e1b37d74f117071e","bspline_B",600,4,4,"random",2.17502820425406,1.40108689649407,1.54250277720698,1.0882537249513,-6.30654270571022,0.566523470056936,-179.94227308864,0.00644079385450093,5,1.12741940049558,10,"maximum_independently_evaluated_logLik","success",88.9752153229677,1.12741940049558,-0.509870948005122,0.509870948005122,0.207461971533058,-1.2272038675433
153,1153,1,"442e0ebc852ae02e3200593355a37960","bspline_B",600,8,8,"random",2.21127259070463,1.20579418826225,1.53369420174261,1.03727290037444,-5.25974559954611,2.7508687107122,-177.581214559301,0.0041173619898851,5,1.06253887862466,10,"maximum_independently_evaluated_logLik","success",79.0292208012262,1.06253887862466,-0.622591579412907,0.622591579412907,-0.0908028751979811,-1.15438028362783
154,1154,1,"64361962d8cd28975836ca41ffba829e","bspline_B",600,6,6,"random",6.24068400478684,0.654337824720067,1.898648110861,0.351436730539951,1.21544004039102,-4.78694453980221,-196.607605727241,0.00984063278117997,5,0.445981377698518,10,"maximum_independently_evaluated_logLik","success",13.9229572477708,0.445981377698518,0.0367042108375806,0.0367042108375806,0.0374782684959007,0.0359301531792605
155,1155,1,"af7b6609489cc20efa3782fad07fa0d9","bspline_B",600,7,7,"random",10.4903739204972,-0.448026734916634,2.53764523835558,-0.379901554133572,0.526106035608337,-1.71690595226557,-188.916000259014,0.0112380505949945,5,0.705005170681012,10,"maximum_independently_evaluated_logLik","success",34.7922603480874,0.705005170681012,-0.347551057428307,0.347551057428307,-0.0429721918293972,-0.652129923027217
156,1156,1,"9d0dfa99ebb269242e3d64e8a5fe517c","bspline_B",600,8,8,"random",8.93603441825655,-0.597455858038537,2.41969173681033,-0.366827055904433,1.92242321290015,-8.15529418641689,-158.446415587382,0.00871769866500135,5,0.632515072053506,10,"maximum_independently_evaluated_logLik","success",28.0052721462396,0.632515072053506,-0.416514039806315,0.416514039806315,-0.569591059718183,-0.263437019894447
157,1157,1,"66c6e6745a642b2c128f396464ab9c36","bspline_B",600,10,10,"random",9.08018944567176,-0.114457332883095,2.27136710771151,-0.0442837104604301,2.03763604816484,-3.39863067455255,-203.621342756685,0.0177318859056248,5,0.485860205616512,10,"maximum_independently_evaluated_logLik","success",16.5242097581204,0.485860205616512,0.129605868392474,0.129605868392474,-0.113544216289436,0.372755953074385
158,1158,1,"8f8136ef754c0743bae4dd275c47bf9b","bspline_B",600,1,1,"constant_B3",6.29993674010458,-0.181662717500555,2.5319212546528,-0.527644445294938,3.13349997604863,-10.7935033007708,-182.872598442618,0.0105264338942256,5,0.603032641475707,10,"maximum_independently_evaluated_logLik","success",25.4553856679618,0.603032641475707,0.0416829379471271,0.0416829379471271,-0.189078129643195,0.272444005537449
159,1159,1,"6eeed27f9e2c16bae4fa14c32548d476","bspline_B",600,8,8,"random",7.93521803272357,0.31898219034538,1.98668601122786,0.108801736667235,1.1332092617138,-5.78721807371986,-193.382154283769,0.00997124637144874,5,0.536173327460827,10,"maximum_independently_evaluated_logLik","success",20.1237285956291,0.536173327460827,-0.215497764270331,0.215497764270331,-0.165094619912698,-0.265900908627964
160,1160,1,"6fc5bd4defacec08d522e9606a883766","bspline_B",600,10,10,"random",3.21725669500376,0.972212342071599,1.72636981226936,0.534895861120036,-0.234150571391306,9.38069222889463,-196.584464186218,0.0123072111252626,5,0.54678892541381,10,"maximum_independently_evaluated_logLik","success",20.9284690268632,0.54678892541381,-0.0195635360192953,0.0195635360192953,-0.131245305420818,0.0921182333822281
161,1161,1,"a357237d620a342d728f96dc8aac5757","bspline_B",600,5,5,"random",4.49881590831979,0.819906578804877,1.82903985197241,0.0864792969803764,1.65608079145374,-5.07739088639374,-196.051435840408,0.0114512468559819,5,0.394426986693377,10,"maximum_independently_evaluated_logLik","success",10.8900853482412,0.394426986693377,-0.098831800374841,0.098831800374841,-0.201589306598158,0.00392570584847599
162,1162,1,"4cc160a48b020eb4685997894bf01baf","bspline_B",600,3,3,"declining_B4_to_B2",2.99837738474047,0.494717024496508,2.16459621501695,-0.0810190011731382,1.50822379261967,-5.35612115102647,-185.263920618424,0.0098696819768462,5,0.470930716994085,10,"maximum_independently_evaluated_logLik","success",15.5243018145994,0.470930716994085,-0.177090452615404,0.177090452615404,-0.179813870645144,-0.174367034585664
163,1163,1,"e67c4eaea4e2842baa2a758c4beb2e82","bspline_B",600,5,5,"random",4.13936763598712,0.798621226755494,1.82901425771999,0.64998953305155,-2.37451908775533,3.43484122613553,-187.371271221638,0.00704321323313576,5,0.874400069720481,10,"maximum_independently_evaluated_logLik","success",53.5202837349027,0.874400069720481,-0.439273976201348,0.439273976201348,-0.00960997161602331,-0.868937980786672
164,1164,1,"d690f07a51a75e813d73e446e77eb394","bspline_B",600,7,7,"random",1.95025821565462,0.59783055580137,2.00571326852881,0.234573797263258,0.705636618030362,-3.87380268814723,-177.940213253104,0.00519787917061455,5,0.580207279510347,10,"maximum_independently_evaluated_logLik","success",23.5648341037758,0.580207279510347,-0.293804452330429,0.293804452330429,-0.299619622092314,-0.287989282568545
165,1165,1,"50366235ff21bfd0a4d01f895b905c92","bspline_B",600,9,9,"random",4.29837155268809,0.36362643020433,2.02450825048962,0.107316275819983,1.59152911471525,-6.08691997576705,-187.693101121626,0.019792314777784,5,0.457053700143238,10,"maximum_independently_evaluated_logLik","success",14.6228659370237,0.457053700143238,-0.204371571429852,0.204371571429852,-0.396287885437858,-0.0124552574218457
166,1166,1,"495d59eeef0b219751064d03c686254d","bspline_B",600,2,2,"constant_B4",3.09872903160595,0.211956611968453,2.33524737802355,-0.323925444362069,1.58448013221517,0.234937595282756,-187.50617019664,0.0132874003116752,5,0.596210454205871,10,"maximum_independently_evaluated_logLik","success",24.882683399306,0.596210454205871,-0.134658759500629,0.134658759500629,-0.28779902112483,0.018481502123572
167,1167,1,"b8bc66b5036c4f6bd977937ad6e2a29d","bspline_B",600,5,5,"random",4.81510077587642,0.843042293209345,1.78416222378721,0.568751311422614,-3.18532489424272,3.9692505388357,-186.119738060143,0.0128185279917336,5,0.983240029539125,10,"maximum_independently_evaluated_logLik","success",67.673266898167,0.983240029539125,-0.54426909771614,0.54426909771614,-0.0174257450591794,-1.0711124503731
168,1168,1,"d65d84681677642681932395599566ad","bspline_B",600,3,3,"declining_B4_to_B2",7.41449191159513,-0.178784637121193,2.36885703952425,-0.205019278159524,0.782066227359686,-1.03464823747658,-167.414879584681,0.00594659666068766,5,0.564557401947894,10,"maximum_independently_evaluated_logLik","success",22.3107542065909,0.564557401947894,-0.340153361259268,0.340153361259268,-0.255520754891871,-0.424785967626664
169,1169,1,"4b517b06b20afe2ab6f16f327d16edef","bspline_B",600,7,7,"random",14.1518828657962,-0.966570587076917,2.4798294716249,-0.228079325052788,0.283306227867261,-2.64385085199196,-171.02259780672,0.0125520901253114,5,0.863036114930434,10,"maximum_independently_evaluated_logLik","success",52.1381934971952,0.863036114930434,-0.499779122109937,0.499779122109937,-0.322063583119587,-0.677494661100286
170,1170,1,"f32af8f5828cad3f276263ef3b9502fb","bspline_B",600,5,5,"random",11.3867098321198,-0.923411671002479,2.28090416549339,0.108532701848781,0.938144643879378,-3.95768617285223,-152.693212470206,0.0157234901182369,5,0.766310320728194,10,"maximum_independently_evaluated_logLik","success",41.1062055358184,0.766310320728194,-0.465638041438287,0.465638041438287,-0.712180890837036,-0.219095192039539
171,1171,1,"2ec9a3cf6058379814f756d7b9f93ea9","bspline_B",600,6,6,"random",3.71799036158947,1.01438876755315,1.5721460147362,0.965362024272822,-4.81772609493328,7.02570307158094,-187.421112759689,0.0158679953725143,5,1.03936244475779,10,"maximum_independently_evaluated_logLik","success",75.6192004101017,1.03936244475779,-0.629215898169494,0.629215898169494,-0.13875649140217,-1.11967530493682
172,1172,1,"68d41d2891a14e960534c955889a715f","bspline_B",600,2,2,"constant_B4",9.08693022047845,-0.0023469792984258,2.12108319735604,0.340341106377023,-3.10431601008612,-1.38821440794339,-176.978918798512,0.0109970498924827,5,1.06021493236102,10,"maximum_independently_evaluated_logLik","success",78.6838991960899,1.06021493236102,-0.617085421596086,0.617085421596086,-0.0988038383516623,-1.13536700484051
173,1173,1,"b998c1e8401789afff3d7d34e1be5997","bspline_B",600,5,5,"random",2.01928038492497,0.968083292418394,1.81741633602972,0.264999187569146,0.893632247360724,3.87101680506611,-195.513164758641,0.00723160918162349,5,0.479876784206109,10,"maximum_independently_evaluated_logLik","success",16.1197209613997,0.479876784206109,0.0170880991736798,0.0170880991736798,-0.203831463961313,0.238007662308673
174,1174,1,"7a6ced56beec68835d7a03f46b6af6e8","bspline_B",600,3,3,"declining_B4_to_B2",5.51117244829403,0.12983748875508,2.21045284351196,-0.0131343420097252,1.38371280142087,-2.89564373441288,-180.186520391762,0.00752010618673102,5,0.423413326635608,10,"maximum_independently_evaluated_logLik","success",12.5495191620843,0.423413326635608,-0.159887276187347,0.159887276187347,-0.268017878944902,-0.051756673429792
175,1175,1,"2744bfdd13475fbe6815e8986de922fa","bspline_B",600,5,5,"random",6.56001525128495,0.533878381117209,1.82813831826883,0.427786722939799,1.51639034916128,-7.56909132985295,-202.000560507624,0.00444142222193942,5,0.493616822553128,10,"maximum_independently_evaluated_logLik","success",17.0560297255213,0.493616822553128,-0.0103304018119766,0.0103304018119766,-0.184004842534008,0.163344038910055
176,1176,1,"c141df7878a0d44e38a58170b4492543","bspline_B",600,9,9,"random",7.57330292639476,0.0877748882387292,1.99003314060032,0.233350402898288,0.922167497430111,0.275956017971705,-192.45851102427,0.0207945147082056,5,0.442573263696639,10,"maximum_independently_evaluated_logLik","success",13.7109765617366,0.442573263696639,-0.203356414078708,0.203356414078708,-0.421359681278676,0.0146468531212606
177,1177,1,"c17f97d975a2e6794ea31e8367d83e40","bspline_B",600,9,9,"random",5.36990899907795,0.829625149081446,1.75880040499401,0.907291492121238,-9.17022390493938,3.26118026697374,-178.906344887747,0.0148802025387864,5,1.20438265548033,10,"maximum_independently_evaluated_logLik","success",101.53763065753,1.20438265548033,-0.659498552639894,0.659498552639894,0.113187375765458,-1.43218448104525
178,1178,1,"4f3cc0d975b486260ecd02e9ed831df5","bspline_B",600,9,9,"random",9.96695702522459,-0.347237832503963,2.29981668657858,-0.142237998107651,1.59366359996117,-4.53515622077101,-181.963198326018,0.00487123392167678,5,0.480268212164484,10,"maximum_independently_evaluated_logLik","success",16.1460288930969,0.480268212164484,-0.208173714243054,0.208173714243054,-0.306351471678017,-0.109995956808091
179,1179,1,"6d4a044da028c76d3fafc003136384eb","bspline_B",600,1,1,"constant_B3",6.67772605744853,0.295198157539415,2.06685293005527,0.278814174809362,-0.395542107317538,-0.971776553516569,-182.770581744756,0.00362971438939637,5,0.680168591672726,10,"maximum_independently_evaluated_logLik","success",32.3840519168642,0.680168591672726,-0.349882789330525,0.349882789330525,-0.0984009383009349,-0.601364640360115
180,1180,1,"ff3b24bb3a95e7b5178276b17e2c0dad","bspline_B",600,2,2,"constant_B4",5.88708640667541,0.437219243290512,2.01872773411513,0.22891612594409,0.375830260664541,3.43310492699452,-195.513838015463,0.0162847486928108,5,0.391016667869622,10,"maximum_independently_evaluated_logLik","success",10.7025824186304,0.391016667869622,-0.126361302398496,0.126361302398496,-0.116478127620369,-0.136244477176624
181,1181,1,"80dfab2294dc854a8695d1c1ce6265d9","bspline_B",600,9,9,"random",4.570253676701,0.574077863078428,1.92131031281751,0.338523904607396,1.12121114034928,-7.07701189047597,-192.038688661282,0.00812711060071905,5,0.469870954938521,10,"maximum_independently_evaluated_logLik","success",15.4545100006386,0.469870954938521,-0.160266363035548,0.160266363035548,-0.206255397456439,-0.114277328614657
182,1182,1,"941f9c48ec56eb19b25786187b006f10","bspline_B",600,6,6,"random",3.93014702957486,0.530916038803436,2.14035274807555,-0.0122841983866839,0.334135065282362,0.386369227429226,-188.115322527301,0.0121918268541007,5,0.551831574275006,10,"maximum_independently_evaluated_logLik","success",21.3162660456782,0.551831574275006,-0.27479135266765,0.27479135266765,-0.0722156515129777,-0.477367053822322
183,1183,1,"2dc5d7e9b3e15c740d490d788211573a","bspline_B",600,8,8,"random",6.58142548443558,0.22191168719916,1.98551563713826,0.41891201894013,-3.72460375669528,4.50748370491687,-181.309144730431,0.0126720408322217,5,1.05695164376967,10,"maximum_independently_evaluated_logLik","success",78.2002744087178,1.05695164376967,-0.740420324782552,0.740420324782552,-0.304951564935331,-1.17588908462977
184,1184,1,"77c6e00a79e8c3b3df80e1c4b0ff8023","bspline_B",600,5,5,"random",6.88723891490376,-0.14385171385648,2.3344073264781,-0.0663791055935191,0.576171477031537,-1.32760372994832,-180.562727713273,0.0162136175731285,5,0.599736999797968,10,"maximum_independently_evaluated_logLik","success",25.1779128248668,0.599736999797968,-0.342831563690222,0.342831563690222,-0.256125215618705,-0.42953791176174
185,1185,1,"52e3986fb55b179cf59e4540a86a982d","bspline_B",600,5,5,"random",10.684358195997,-0.881976389332221,2.46403119843508,-0.359893433851215,2.1070363909457,-5.57332498661155,-156.290685503835,0.0215373455068451,5,0.640168216288703,10,"maximum_independently_evaluated_logLik","success",28.6870741602382,0.640168216288703,-0.323118257064825,0.323118257064825,-0.638658244440983,-0.00757826968866688
186,1186,1,"ccc0636a72fb6ba022578cc100c8cb7c","bspline_B",600,7,7,"random",6.78927036618319,0.170023342613061,2.08802155235944,0.174256035184338,-0.6185058942241,1.43356312539727,-182.675937597965,0.00718377474626277,5,0.716941596778434,10,"maximum_independently_evaluated_logLik","success",35.9803677233847,0.716941596778434,-0.472864175312731,0.472864175312731,-0.256333799048113,-0.689394551577349
187,1187,1,"7409506000aab5f15ec58cc3dd3fb72e","bspline_B",600,6,6,"random",3.95024401530832,1.11038188913509,1.67732567775338,0.547095584253514,0.222090286758152,-5.9479937629228,-189.560252801723,0.00546045994736604,5,0.638762185070821,10,"maximum_independently_evaluated_logLik","success",28.5611990353515,0.638762185070821,-0.16291056155776,0.16291056155776,0.045897745020871,-0.371718868136391
188,1188,1,"0e1b1e567b5a85241d50f71772de9be1","bspline_B",600,5,5,"random",11.0467055045124,-0.824873823262389,2.6489838368869,-0.307691885822263,1.54359476050419,-5.6369741816808,-185.523786610376,0.00659201933941188,5,0.604870313602103,10,"maximum_independently_evaluated_logLik","success",25.6107667393974,0.604870313602103,-0.212239509855141,0.212239509855141,-0.174454920291582,-0.250024099418699
189,1189,1,"02453cd2773e7494e1a4738ba6f3c7a1","bspline_B",600,9,9,"random",-0.845138158061232,1.12112534343579,1.73913549021846,0.659232876281899,-2.66842022195762,-0.51783833775066,-152.909806585908,0.00832986605576361,5,1.00124962569005,10,"maximum_independently_evaluated_logLik","success",70.1750569061129,1.00124962569005,-0.610382434590639,0.610382434590639,-0.242923892868435,-0.977840976312843
190,1190,1,"e11e338409fdbfff7af641a286a93437","bspline_B",600,7,7,"random",2.91112620920258,0.682983761628035,1.9969544494595,0.164080430737873,2.025041207544,-6.92929142296295,-214.441787726243,0.0147479459148303,5,0.439864270784712,10,"maximum_independently_evaluated_logLik","success",13.5436403699076,0.439864270784712,0.065315779530209,0.065315779530209,-0.163167875961742,0.293799435022161
191,1191,1,"88ccda7d997701880c9d0c636b220b1e","bspline_B",600,4,4,"random",10.5181204507061,-0.106771248608503,2.0846062188613,0.229924932927387,0.52690063205835,-3.16898653155194,-194.97136592185,0.00726070230705297,5,0.65712432628122,10,"maximum_independently_evaluated_logLik","success",30.2268666133383,0.65712432628122,-0.253630993468617,0.253630993468617,-0.174696649744969,-0.332565337192265
192,1192,1,"9a5e00955ca9971800073dd3e4c28ad7","bspline_B",600,6,6,"random",9.77187517559087,-0.498166862219236,2.54659476405733,-0.570996201750768,2.14225039013945,-6.1832617759561,-179.373260315073,0.00835856987264683,5,0.499893030125579,10,"maximum_independently_evaluated_logLik","success",17.4925129097693,0.499893030125579,-0.222869220801512,0.222869220801512,-0.250123200536394,-0.19561524106663
193,1193,2,"50b5e6cbc49ffa79634e56edd10b8bf0","bspline_B",600,2,2,"constant_B4",-0.657388730281922,1.71732923436739,1.37382398855827,0.855903746178334,0.0841187736813997,-5.69895464373705,-198.130293248265,0.00985601237329171,5,0.628128424052912,10,"maximum_independently_evaluated_logLik","success",27.6181721972236,0.628128424052912,-0.15661883148717,0.15661883148717,-0.0892508906462825,-0.223986772328057
194,1194,1,"1f0b118441ef88f9f7e1c86a5d22c593","bspline_B",600,2,2,"constant_B4",4.42798185812272,0.25914291392079,2.10356979015065,0.0937070718603484,1.49478980076316,-2.15312417584973,-188.203468155597,0.0103552777455724,5,0.443047383429618,10,"maximum_independently_evaluated_logLik","success",13.7403688774681,0.443047383429618,-0.107886727878742,0.107886727878742,-0.36148052394186,0.145707068184377
195,1195,1,"4b29886fa0376b89caa9cc697a80dc98","bspline_B",600,6,6,"random",0.59095148711611,1.27831054620892,1.53779110859421,0.85175210939378,-1.56091439821122,1.39346344230768,-182.037216220622,0.0134526965360777,5,0.766073883691562,10,"maximum_independently_evaluated_logLik","success",41.0808436691991,0.766073883691562,-0.424486730505179,0.424486730505179,-0.219586541751725,-0.629386919258632
196,1196,1,"4a7772e1b5862480e3537a3124e41c07","bspline_B",600,1,1,"constant_B3",3.40699553005559,0.486359588083382,1.76123948537789,0.286942778461557,1.40632269304755,-5.47873527230586,-151.058290912326,0.0119220382545984,5,0.596489515087907,10,"maximum_independently_evaluated_logLik","success",24.9059819126865,0.596489515087907,-0.354748033213135,0.354748033213135,-0.72111628952037,0.0116202230940994
197,1197,1,"80e2caf0dbc5ddb7f96d7faf9fa1bf49","bspline_B",600,7,7,"random",0.847763579404496,0.897026627849203,1.7974915746163,0.269380893144405,1.40458706773181,-5.22313358516207,-192.494993715265,0.0185897809271794,5,0.482690848373955,10,"maximum_independently_evaluated_logLik","success",16.3093318572778,0.482690848373955,-0.203714004943134,0.203714004943134,-0.423617008459957,0.016188998573689
198,1198,1,"9cf5a39df21d5a234b9a57056ebe1360","bspline_B",600,9,9,"random",5.73473740422309,0.379778561570995,1.97466780415506,0.134238885299634,2.03631582712316,-3.54288288954468,-200.043801969943,0.00987588485546352,5,0.505048465126192,10,"maximum_independently_evaluated_logLik","success",17.8551766488426,0.505048465126192,0.0803984801377831,0.0803984801377831,-0.324767535494111,0.485564495769677
199,1199,1,"f24eafb51b8268645a90a1a9cbcc2a5c","bspline_B",600,1,1,"constant_B3",7.24155106176794,0.091891306110028,2.33572338627958,-0.179713406504061,0.628853529478996,-6.20956439852494,-182.357991294427,0.0121449103631027,5,0.680207327884574,10,"maximum_independently_evaluated_logLik","success",32.3877406235511,0.680207327884574,-0.316988353878011,0.316988353878011,0.00657794515107968,-0.640554652907101
200,1200,1,"2276182a83b89b4d2f8bfc96d14895ca","bspline_B",600,2,2,"constant_B4",6.35553084046117,0.281698865245925,2.08117640790358,0.188284020698685,1.21224196499722,-3.38179467488138,-209.774450691241,0.0130246420329304,5,0.372517234265038,10,"maximum_independently_evaluated_logLik","success",9.71383628771311,0.372517234265038,-0.0866688576375762,0.0866688576375762,-0.156280905364752,-0.0170568099104009
