"experiment","task_id","week","quantity","series_key","value","is_time_zero","estimate_semantics","conditioning","time_zero_semantics","series_label"
4,1,0,"B","truth",4,TRUE,"data_generating_path","none",NA,"Truth"
4,1,5,"B","truth",4,FALSE,"data_generating_path","none",NA,"Truth"
4,1,5,"B","truth",2,FALSE,"data_generating_path","none",NA,"Truth"
4,1,10,"B","truth",2,FALSE,"data_generating_path","none",NA,"Truth"
4,1,0,"B","gamma",4.35032977730012,TRUE,"fitted_initial_value","Y_1:70_for_parameters_only","fitted_B0","Gamma-noise filtering mean"
4,1,0.142857142857143,"B","gamma",4.34918065262747,FALSE,"particle_filtering_mean","Y_1:n",NA,"Gamma-noise filtering mean"
4,1,0.285714285714286,"B","gamma",4.30604029769196,FALSE,"particle_filtering_mean","Y_1:n",NA,"Gamma-noise filtering mean"
4,1,0.428571428571429,"B","gamma",4.33584551071011,FALSE,"particle_filtering_mean","Y_1:n",NA,"Gamma-noise filtering mean"
4,1,0.571428571428571,"B","gamma",4.26794014035264,FALSE,"particle_filtering_mean","Y_1:n",NA,"Gamma-noise filtering mean"
4,1,0.714285714285714,"B","gamma",4.49173537384216,FALSE,"particle_filtering_mean","Y_1:n",NA,"Gamma-noise filtering mean"
4,1,0.857142857142857,"B","gamma",4.23197105682964,FALSE,"particle_filtering_mean","Y_1:n",NA,"Gamma-noise filtering mean"
4,1,1,"B","gamma",4.25723064249766,FALSE,"particle_filtering_mean","Y_1:n",NA,"Gamma-noise filtering mean"
4,1,1.14285714285714,"B","gamma",4.26662469795029,FALSE,"particle_filtering_mean","Y_1:n",NA,"Gamma-noise filtering mean"
4,1,1.28571428571429,"B","gamma",4.21114869885164,FALSE,"particle_filtering_mean","Y_1:n",NA,"Gamma-noise filtering mean"
4,1,1.42857142857143,"B","gamma",4.53614157343571,FALSE,"particle_filtering_mean","Y_1:n",NA,"Gamma-noise filtering mean"
4,1,1.57142857142857,"B","gamma",4.22987714973379,FALSE,"particle_filtering_mean","Y_1:n",NA,"Gamma-noise filtering mean"
4,1,1.71428571428571,"B","gamma",4.52622082700182,FALSE,"particle_filtering_mean","Y_1:n",NA,"Gamma-noise filtering mean"
4,1,1.85714285714286,"B","gamma",4.92656016954702,FALSE,"particle_filtering_mean","Y_1:n",NA,"Gamma-noise filtering mean"
4,1,2,"B","gamma",4.73794084591575,FALSE,"particle_filtering_mean","Y_1:n",NA,"Gamma-noise filtering mean"
4,1,2.14285714285714,"B","gamma",4.63865938007474,FALSE,"particle_filtering_mean","Y_1:n",NA,"Gamma-noise filtering mean"
4,1,2.28571428571429,"B","gamma",4.28546849163939,FALSE,"particle_filtering_mean","Y_1:n",NA,"Gamma-noise filtering mean"
4,1,2.42857142857143,"B","gamma",4.00763049895396,FALSE,"particle_filtering_mean","Y_1:n",NA,"Gamma-noise filtering mean"
4,1,2.57142857142857,"B","gamma",3.58074120457045,FALSE,"particle_filtering_mean","Y_1:n",NA,"Gamma-noise filtering mean"
4,1,2.71428571428571,"B","gamma",3.6944570852682,FALSE,"particle_filtering_mean","Y_1:n",NA,"Gamma-noise filtering mean"
4,1,2.85714285714286,"B","gamma",3.85284398521741,FALSE,"particle_filtering_mean","Y_1:n",NA,"Gamma-noise filtering mean"
4,1,3,"B","gamma",3.91308591548269,FALSE,"particle_filtering_mean","Y_1:n",NA,"Gamma-noise filtering mean"
4,1,3.14285714285714,"B","gamma",4.14875097674284,FALSE,"particle_filtering_mean","Y_1:n",NA,"Gamma-noise filtering mean"
4,1,3.28571428571429,"B","gamma",4.12667497632939,FALSE,"particle_filtering_mean","Y_1:n",NA,"Gamma-noise filtering mean"
4,1,3.42857142857143,"B","gamma",4.3017925770521,FALSE,"particle_filtering_mean","Y_1:n",NA,"Gamma-noise filtering mean"
4,1,3.57142857142857,"B","gamma",4.42964948818836,FALSE,"particle_filtering_mean","Y_1:n",NA,"Gamma-noise filtering mean"
4,1,3.71428571428571,"B","gamma",4.38874381644489,FALSE,"particle_filtering_mean","Y_1:n",NA,"Gamma-noise filtering mean"
4,1,3.85714285714286,"B","gamma",4.09658555622242,FALSE,"particle_filtering_mean","Y_1:n",NA,"Gamma-noise filtering mean"
4,1,4,"B","gamma",3.86206054480823,FALSE,"particle_filtering_mean","Y_1:n",NA,"Gamma-noise filtering mean"
4,1,4.14285714285714,"B","gamma",4.11650440595431,FALSE,"particle_filtering_mean","Y_1:n",NA,"Gamma-noise filtering mean"
4,1,4.28571428571429,"B","gamma",4.04530272486247,FALSE,"particle_filtering_mean","Y_1:n",NA,"Gamma-noise filtering mean"
4,1,4.42857142857143,"B","gamma",3.90904202540506,FALSE,"particle_filtering_mean","Y_1:n",NA,"Gamma-noise filtering mean"
4,1,4.57142857142857,"B","gamma",3.92077043463269,FALSE,"particle_filtering_mean","Y_1:n",NA,"Gamma-noise filtering mean"
4,1,4.71428571428571,"B","gamma",4.28317254807028,FALSE,"particle_filtering_mean","Y_1:n",NA,"Gamma-noise filtering mean"
4,1,4.85714285714286,"B","gamma",3.89452298602157,FALSE,"particle_filtering_mean","Y_1:n",NA,"Gamma-noise filtering mean"
4,1,5,"B","gamma",3.78226435077804,FALSE,"particle_filtering_mean","Y_1:n",NA,"Gamma-noise filtering mean"
4,1,5.14285714285714,"B","gamma",3.65857100653313,FALSE,"particle_filtering_mean","Y_1:n",NA,"Gamma-noise filtering mean"
4,1,5.28571428571429,"B","gamma",3.45986954402259,FALSE,"particle_filtering_mean","Y_1:n",NA,"Gamma-noise filtering mean"
4,1,5.42857142857143,"B","gamma",3.09902847374519,FALSE,"particle_filtering_mean","Y_1:n",NA,"Gamma-noise filtering mean"
4,1,5.57142857142857,"B","gamma",2.9397766546533,FALSE,"particle_filtering_mean","Y_1:n",NA,"Gamma-noise filtering mean"
4,1,5.71428571428571,"B","gamma",2.69006125227939,FALSE,"particle_filtering_mean","Y_1:n",NA,"Gamma-noise filtering mean"
4,1,5.85714285714286,"B","gamma",2.51100795616588,FALSE,"particle_filtering_mean","Y_1:n",NA,"Gamma-noise filtering mean"
4,1,6,"B","gamma",2.50523366462709,FALSE,"particle_filtering_mean","Y_1:n",NA,"Gamma-noise filtering mean"
4,1,6.14285714285714,"B","gamma",2.5589349438019,FALSE,"particle_filtering_mean","Y_1:n",NA,"Gamma-noise filtering mean"
4,1,6.28571428571429,"B","gamma",2.44495126428295,FALSE,"particle_filtering_mean","Y_1:n",NA,"Gamma-noise filtering mean"
4,1,6.42857142857143,"B","gamma",2.40126795868938,FALSE,"particle_filtering_mean","Y_1:n",NA,"Gamma-noise filtering mean"
4,1,6.57142857142857,"B","gamma",2.28949453820794,FALSE,"particle_filtering_mean","Y_1:n",NA,"Gamma-noise filtering mean"
4,1,6.71428571428571,"B","gamma",2.45001634878978,FALSE,"particle_filtering_mean","Y_1:n",NA,"Gamma-noise filtering mean"
4,1,6.85714285714286,"B","gamma",2.38419620366084,FALSE,"particle_filtering_mean","Y_1:n",NA,"Gamma-noise filtering mean"
4,1,7,"B","gamma",2.36098046084309,FALSE,"particle_filtering_mean","Y_1:n",NA,"Gamma-noise filtering mean"
4,1,7.14285714285714,"B","gamma",2.36713073756765,FALSE,"particle_filtering_mean","Y_1:n",NA,"Gamma-noise filtering mean"
4,1,7.28571428571429,"B","gamma",2.27029955283266,FALSE,"particle_filtering_mean","Y_1:n",NA,"Gamma-noise filtering mean"
4,1,7.42857142857143,"B","gamma",2.20693100127087,FALSE,"particle_filtering_mean","Y_1:n",NA,"Gamma-noise filtering mean"
4,1,7.57142857142857,"B","gamma",2.16326775807348,FALSE,"particle_filtering_mean","Y_1:n",NA,"Gamma-noise filtering mean"
4,1,7.71428571428571,"B","gamma",2.13286823412383,FALSE,"particle_filtering_mean","Y_1:n",NA,"Gamma-noise filtering mean"
4,1,7.85714285714286,"B","gamma",2.11352852162208,FALSE,"particle_filtering_mean","Y_1:n",NA,"Gamma-noise filtering mean"
4,1,8,"B","gamma",2.10046640445371,FALSE,"particle_filtering_mean","Y_1:n",NA,"Gamma-noise filtering mean"
4,1,8.14285714285714,"B","gamma",2.09090088484586,FALSE,"particle_filtering_mean","Y_1:n",NA,"Gamma-noise filtering mean"
4,1,8.28571428571428,"B","gamma",2.08504806233262,FALSE,"particle_filtering_mean","Y_1:n",NA,"Gamma-noise filtering mean"
4,1,8.42857142857143,"B","gamma",2.08104725601894,FALSE,"particle_filtering_mean","Y_1:n",NA,"Gamma-noise filtering mean"
4,1,8.57142857142857,"B","gamma",2.07958695740181,FALSE,"particle_filtering_mean","Y_1:n",NA,"Gamma-noise filtering mean"
4,1,8.71428571428571,"B","gamma",2.07843821756715,FALSE,"particle_filtering_mean","Y_1:n",NA,"Gamma-noise filtering mean"
4,1,8.85714285714286,"B","gamma",2.07763279312137,FALSE,"particle_filtering_mean","Y_1:n",NA,"Gamma-noise filtering mean"
4,1,9,"B","gamma",2.07551799061053,FALSE,"particle_filtering_mean","Y_1:n",NA,"Gamma-noise filtering mean"
4,1,9.14285714285714,"B","gamma",2.07575712345599,FALSE,"particle_filtering_mean","Y_1:n",NA,"Gamma-noise filtering mean"
4,1,9.28571428571428,"B","gamma",2.07565440045343,FALSE,"particle_filtering_mean","Y_1:n",NA,"Gamma-noise filtering mean"
4,1,9.42857142857143,"B","gamma",2.07488802483243,FALSE,"particle_filtering_mean","Y_1:n",NA,"Gamma-noise filtering mean"
4,1,9.57142857142857,"B","gamma",2.07452525123715,FALSE,"particle_filtering_mean","Y_1:n",NA,"Gamma-noise filtering mean"
4,1,9.71428571428571,"B","gamma",2.0728271538014,FALSE,"particle_filtering_mean","Y_1:n",NA,"Gamma-noise filtering mean"
4,1,9.85714285714286,"B","gamma",2.07235788702182,FALSE,"particle_filtering_mean","Y_1:n",NA,"Gamma-noise filtering mean"
4,1,10,"B","gamma",2.07282241684942,FALSE,"particle_filtering_mean","Y_1:n",NA,"Gamma-noise filtering mean"
4,1,0,"B","constant",4.04534940404491,TRUE,"fitted_static_parameter","Y_1:70",NA,"Constant-B model"
4,1,0.142857142857143,"B","constant",4.04534940404491,FALSE,"fitted_static_parameter","Y_1:70",NA,"Constant-B model"
4,1,0.285714285714286,"B","constant",4.04534940404491,FALSE,"fitted_static_parameter","Y_1:70",NA,"Constant-B model"
4,1,0.428571428571429,"B","constant",4.04534940404491,FALSE,"fitted_static_parameter","Y_1:70",NA,"Constant-B model"
4,1,0.571428571428571,"B","constant",4.04534940404491,FALSE,"fitted_static_parameter","Y_1:70",NA,"Constant-B model"
4,1,0.714285714285714,"B","constant",4.04534940404491,FALSE,"fitted_static_parameter","Y_1:70",NA,"Constant-B model"
4,1,0.857142857142857,"B","constant",4.04534940404491,FALSE,"fitted_static_parameter","Y_1:70",NA,"Constant-B model"
4,1,1,"B","constant",4.04534940404491,FALSE,"fitted_static_parameter","Y_1:70",NA,"Constant-B model"
4,1,1.14285714285714,"B","constant",4.04534940404491,FALSE,"fitted_static_parameter","Y_1:70",NA,"Constant-B model"
4,1,1.28571428571429,"B","constant",4.04534940404491,FALSE,"fitted_static_parameter","Y_1:70",NA,"Constant-B model"
4,1,1.42857142857143,"B","constant",4.04534940404491,FALSE,"fitted_static_parameter","Y_1:70",NA,"Constant-B model"
4,1,1.57142857142857,"B","constant",4.04534940404491,FALSE,"fitted_static_parameter","Y_1:70",NA,"Constant-B model"
4,1,1.71428571428571,"B","constant",4.04534940404491,FALSE,"fitted_static_parameter","Y_1:70",NA,"Constant-B model"
4,1,1.85714285714286,"B","constant",4.04534940404491,FALSE,"fitted_static_parameter","Y_1:70",NA,"Constant-B model"
4,1,2,"B","constant",4.04534940404491,FALSE,"fitted_static_parameter","Y_1:70",NA,"Constant-B model"
4,1,2.14285714285714,"B","constant",4.04534940404491,FALSE,"fitted_static_parameter","Y_1:70",NA,"Constant-B model"
4,1,2.28571428571429,"B","constant",4.04534940404491,FALSE,"fitted_static_parameter","Y_1:70",NA,"Constant-B model"
4,1,2.42857142857143,"B","constant",4.04534940404491,FALSE,"fitted_static_parameter","Y_1:70",NA,"Constant-B model"
4,1,2.57142857142857,"B","constant",4.04534940404491,FALSE,"fitted_static_parameter","Y_1:70",NA,"Constant-B model"
4,1,2.71428571428571,"B","constant",4.04534940404491,FALSE,"fitted_static_parameter","Y_1:70",NA,"Constant-B model"
4,1,2.85714285714286,"B","constant",4.04534940404491,FALSE,"fitted_static_parameter","Y_1:70",NA,"Constant-B model"
4,1,3,"B","constant",4.04534940404491,FALSE,"fitted_static_parameter","Y_1:70",NA,"Constant-B model"
4,1,3.14285714285714,"B","constant",4.04534940404491,FALSE,"fitted_static_parameter","Y_1:70",NA,"Constant-B model"
4,1,3.28571428571429,"B","constant",4.04534940404491,FALSE,"fitted_static_parameter","Y_1:70",NA,"Constant-B model"
4,1,3.42857142857143,"B","constant",4.04534940404491,FALSE,"fitted_static_parameter","Y_1:70",NA,"Constant-B model"
4,1,3.57142857142857,"B","constant",4.04534940404491,FALSE,"fitted_static_parameter","Y_1:70",NA,"Constant-B model"
4,1,3.71428571428571,"B","constant",4.04534940404491,FALSE,"fitted_static_parameter","Y_1:70",NA,"Constant-B model"
4,1,3.85714285714286,"B","constant",4.04534940404491,FALSE,"fitted_static_parameter","Y_1:70",NA,"Constant-B model"
4,1,4,"B","constant",4.04534940404491,FALSE,"fitted_static_parameter","Y_1:70",NA,"Constant-B model"
4,1,4.14285714285714,"B","constant",4.04534940404491,FALSE,"fitted_static_parameter","Y_1:70",NA,"Constant-B model"
4,1,4.28571428571429,"B","constant",4.04534940404491,FALSE,"fitted_static_parameter","Y_1:70",NA,"Constant-B model"
4,1,4.42857142857143,"B","constant",4.04534940404491,FALSE,"fitted_static_parameter","Y_1:70",NA,"Constant-B model"
4,1,4.57142857142857,"B","constant",4.04534940404491,FALSE,"fitted_static_parameter","Y_1:70",NA,"Constant-B model"
4,1,4.71428571428571,"B","constant",4.04534940404491,FALSE,"fitted_static_parameter","Y_1:70",NA,"Constant-B model"
4,1,4.85714285714286,"B","constant",4.04534940404491,FALSE,"fitted_static_parameter","Y_1:70",NA,"Constant-B model"
4,1,5,"B","constant",4.04534940404491,FALSE,"fitted_static_parameter","Y_1:70",NA,"Constant-B model"
4,1,5.14285714285714,"B","constant",4.04534940404491,FALSE,"fitted_static_parameter","Y_1:70",NA,"Constant-B model"
4,1,5.28571428571429,"B","constant",4.04534940404491,FALSE,"fitted_static_parameter","Y_1:70",NA,"Constant-B model"
4,1,5.42857142857143,"B","constant",4.04534940404491,FALSE,"fitted_static_parameter","Y_1:70",NA,"Constant-B model"
4,1,5.57142857142857,"B","constant",4.04534940404491,FALSE,"fitted_static_parameter","Y_1:70",NA,"Constant-B model"
4,1,5.71428571428571,"B","constant",4.04534940404491,FALSE,"fitted_static_parameter","Y_1:70",NA,"Constant-B model"
4,1,5.85714285714286,"B","constant",4.04534940404491,FALSE,"fitted_static_parameter","Y_1:70",NA,"Constant-B model"
4,1,6,"B","constant",4.04534940404491,FALSE,"fitted_static_parameter","Y_1:70",NA,"Constant-B model"
4,1,6.14285714285714,"B","constant",4.04534940404491,FALSE,"fitted_static_parameter","Y_1:70",NA,"Constant-B model"
4,1,6.28571428571429,"B","constant",4.04534940404491,FALSE,"fitted_static_parameter","Y_1:70",NA,"Constant-B model"
4,1,6.42857142857143,"B","constant",4.04534940404491,FALSE,"fitted_static_parameter","Y_1:70",NA,"Constant-B model"
4,1,6.57142857142857,"B","constant",4.04534940404491,FALSE,"fitted_static_parameter","Y_1:70",NA,"Constant-B model"
4,1,6.71428571428571,"B","constant",4.04534940404491,FALSE,"fitted_static_parameter","Y_1:70",NA,"Constant-B model"
4,1,6.85714285714286,"B","constant",4.04534940404491,FALSE,"fitted_static_parameter","Y_1:70",NA,"Constant-B model"
4,1,7,"B","constant",4.04534940404491,FALSE,"fitted_static_parameter","Y_1:70",NA,"Constant-B model"
4,1,7.14285714285714,"B","constant",4.04534940404491,FALSE,"fitted_static_parameter","Y_1:70",NA,"Constant-B model"
4,1,7.28571428571429,"B","constant",4.04534940404491,FALSE,"fitted_static_parameter","Y_1:70",NA,"Constant-B model"
4,1,7.42857142857143,"B","constant",4.04534940404491,FALSE,"fitted_static_parameter","Y_1:70",NA,"Constant-B model"
4,1,7.57142857142857,"B","constant",4.04534940404491,FALSE,"fitted_static_parameter","Y_1:70",NA,"Constant-B model"
4,1,7.71428571428571,"B","constant",4.04534940404491,FALSE,"fitted_static_parameter","Y_1:70",NA,"Constant-B model"
4,1,7.85714285714286,"B","constant",4.04534940404491,FALSE,"fitted_static_parameter","Y_1:70",NA,"Constant-B model"
4,1,8,"B","constant",4.04534940404491,FALSE,"fitted_static_parameter","Y_1:70",NA,"Constant-B model"
4,1,8.14285714285714,"B","constant",4.04534940404491,FALSE,"fitted_static_parameter","Y_1:70",NA,"Constant-B model"
4,1,8.28571428571428,"B","constant",4.04534940404491,FALSE,"fitted_static_parameter","Y_1:70",NA,"Constant-B model"
4,1,8.42857142857143,"B","constant",4.04534940404491,FALSE,"fitted_static_parameter","Y_1:70",NA,"Constant-B model"
4,1,8.57142857142857,"B","constant",4.04534940404491,FALSE,"fitted_static_parameter","Y_1:70",NA,"Constant-B model"
4,1,8.71428571428571,"B","constant",4.04534940404491,FALSE,"fitted_static_parameter","Y_1:70",NA,"Constant-B model"
4,1,8.85714285714286,"B","constant",4.04534940404491,FALSE,"fitted_static_parameter","Y_1:70",NA,"Constant-B model"
4,1,9,"B","constant",4.04534940404491,FALSE,"fitted_static_parameter","Y_1:70",NA,"Constant-B model"
4,1,9.14285714285714,"B","constant",4.04534940404491,FALSE,"fitted_static_parameter","Y_1:70",NA,"Constant-B model"
4,1,9.28571428571428,"B","constant",4.04534940404491,FALSE,"fitted_static_parameter","Y_1:70",NA,"Constant-B model"
4,1,9.42857142857143,"B","constant",4.04534940404491,FALSE,"fitted_static_parameter","Y_1:70",NA,"Constant-B model"
4,1,9.57142857142857,"B","constant",4.04534940404491,FALSE,"fitted_static_parameter","Y_1:70",NA,"Constant-B model"
4,1,9.71428571428571,"B","constant",4.04534940404491,FALSE,"fitted_static_parameter","Y_1:70",NA,"Constant-B model"
4,1,9.85714285714286,"B","constant",4.04534940404491,FALSE,"fitted_static_parameter","Y_1:70",NA,"Constant-B model"
4,1,10,"B","constant",4.04534940404491,FALSE,"fitted_static_parameter","Y_1:70",NA,"Constant-B model"
4,1,0,"I","truth",10,TRUE,"data_generating_path","none",NA,"Truth"
4,1,0.142857142857143,"I","truth",12,FALSE,"data_generating_path","none",NA,"Truth"
4,1,0.285714285714286,"I","truth",10,FALSE,"data_generating_path","none",NA,"Truth"
4,1,0.428571428571429,"I","truth",18,FALSE,"data_generating_path","none",NA,"Truth"
4,1,0.571428571428571,"I","truth",22,FALSE,"data_generating_path","none",NA,"Truth"
4,1,0.714285714285714,"I","truth",37,FALSE,"data_generating_path","none",NA,"Truth"
4,1,0.857142857142857,"I","truth",35,FALSE,"data_generating_path","none",NA,"Truth"
4,1,1,"I","truth",45,FALSE,"data_generating_path","none",NA,"Truth"
4,1,1.14285714285714,"I","truth",56,FALSE,"data_generating_path","none",NA,"Truth"
4,1,1.28571428571429,"I","truth",63,FALSE,"data_generating_path","none",NA,"Truth"
4,1,1.42857142857143,"I","truth",79,FALSE,"data_generating_path","none",NA,"Truth"
4,1,1.57142857142857,"I","truth",83,FALSE,"data_generating_path","none",NA,"Truth"
4,1,1.71428571428571,"I","truth",111,FALSE,"data_generating_path","none",NA,"Truth"
4,1,1.85714285714286,"I","truth",131,FALSE,"data_generating_path","none",NA,"Truth"
4,1,2,"I","truth",172,FALSE,"data_generating_path","none",NA,"Truth"
4,1,2.14285714285714,"I","truth",170,FALSE,"data_generating_path","none",NA,"Truth"
4,1,2.28571428571429,"I","truth",183,FALSE,"data_generating_path","none",NA,"Truth"
4,1,2.42857142857143,"I","truth",215,FALSE,"data_generating_path","none",NA,"Truth"
4,1,2.57142857142857,"I","truth",243,FALSE,"data_generating_path","none",NA,"Truth"
4,1,2.71428571428571,"I","truth",237,FALSE,"data_generating_path","none",NA,"Truth"
4,1,2.85714285714286,"I","truth",269,FALSE,"data_generating_path","none",NA,"Truth"
4,1,3,"I","truth",299,FALSE,"data_generating_path","none",NA,"Truth"
4,1,3.14285714285714,"I","truth",323,FALSE,"data_generating_path","none",NA,"Truth"
4,1,3.28571428571429,"I","truth",367,FALSE,"data_generating_path","none",NA,"Truth"
4,1,3.42857142857143,"I","truth",417,FALSE,"data_generating_path","none",NA,"Truth"
4,1,3.57142857142857,"I","truth",452,FALSE,"data_generating_path","none",NA,"Truth"
4,1,3.71428571428571,"I","truth",445,FALSE,"data_generating_path","none",NA,"Truth"
4,1,3.85714285714286,"I","truth",449,FALSE,"data_generating_path","none",NA,"Truth"
4,1,4,"I","truth",423,FALSE,"data_generating_path","none",NA,"Truth"
4,1,4.14285714285714,"I","truth",464,FALSE,"data_generating_path","none",NA,"Truth"
4,1,4.28571428571429,"I","truth",455,FALSE,"data_generating_path","none",NA,"Truth"
4,1,4.42857142857143,"I","truth",452,FALSE,"data_generating_path","none",NA,"Truth"
4,1,4.57142857142857,"I","truth",417,FALSE,"data_generating_path","none",NA,"Truth"
4,1,4.71428571428571,"I","truth",436,FALSE,"data_generating_path","none",NA,"Truth"
4,1,4.85714285714286,"I","truth",397,FALSE,"data_generating_path","none",NA,"Truth"
4,1,5,"I","truth",377,FALSE,"data_generating_path","none",NA,"Truth"
4,1,5.14285714285714,"I","truth",288,FALSE,"data_generating_path","none",NA,"Truth"
4,1,5.28571428571429,"I","truth",231,FALSE,"data_generating_path","none",NA,"Truth"
4,1,5.42857142857143,"I","truth",177,FALSE,"data_generating_path","none",NA,"Truth"
4,1,5.57142857142857,"I","truth",140,FALSE,"data_generating_path","none",NA,"Truth"
4,1,5.71428571428571,"I","truth",101,FALSE,"data_generating_path","none",NA,"Truth"
4,1,5.85714285714286,"I","truth",73,FALSE,"data_generating_path","none",NA,"Truth"
4,1,6,"I","truth",65,FALSE,"data_generating_path","none",NA,"Truth"
4,1,6.14285714285714,"I","truth",49,FALSE,"data_generating_path","none",NA,"Truth"
4,1,6.28571428571429,"I","truth",30,FALSE,"data_generating_path","none",NA,"Truth"
4,1,6.42857142857143,"I","truth",23,FALSE,"data_generating_path","none",NA,"Truth"
4,1,6.57142857142857,"I","truth",18,FALSE,"data_generating_path","none",NA,"Truth"
4,1,6.71428571428571,"I","truth",20,FALSE,"data_generating_path","none",NA,"Truth"
4,1,6.85714285714286,"I","truth",18,FALSE,"data_generating_path","none",NA,"Truth"
4,1,7,"I","truth",14,FALSE,"data_generating_path","none",NA,"Truth"
4,1,7.14285714285714,"I","truth",12,FALSE,"data_generating_path","none",NA,"Truth"
4,1,7.28571428571429,"I","truth",9,FALSE,"data_generating_path","none",NA,"Truth"
4,1,7.42857142857143,"I","truth",8,FALSE,"data_generating_path","none",NA,"Truth"
4,1,7.57142857142857,"I","truth",3,FALSE,"data_generating_path","none",NA,"Truth"
4,1,7.71428571428571,"I","truth",3,FALSE,"data_generating_path","none",NA,"Truth"
4,1,7.85714285714286,"I","truth",2,FALSE,"data_generating_path","none",NA,"Truth"
4,1,8,"I","truth",1,FALSE,"data_generating_path","none",NA,"Truth"
4,1,8.14285714285714,"I","truth",1,FALSE,"data_generating_path","none",NA,"Truth"
4,1,8.28571428571428,"I","truth",1,FALSE,"data_generating_path","none",NA,"Truth"
4,1,8.42857142857143,"I","truth",1,FALSE,"data_generating_path","none",NA,"Truth"
4,1,8.57142857142857,"I","truth",0,FALSE,"data_generating_path","none",NA,"Truth"
4,1,8.71428571428571,"I","truth",0,FALSE,"data_generating_path","none",NA,"Truth"
4,1,8.85714285714286,"I","truth",0,FALSE,"data_generating_path","none",NA,"Truth"
4,1,9,"I","truth",0,FALSE,"data_generating_path","none",NA,"Truth"
4,1,9.14285714285714,"I","truth",0,FALSE,"data_generating_path","none",NA,"Truth"
4,1,9.28571428571428,"I","truth",0,FALSE,"data_generating_path","none",NA,"Truth"
4,1,9.42857142857143,"I","truth",0,FALSE,"data_generating_path","none",NA,"Truth"
4,1,9.57142857142857,"I","truth",0,FALSE,"data_generating_path","none",NA,"Truth"
4,1,9.71428571428571,"I","truth",0,FALSE,"data_generating_path","none",NA,"Truth"
4,1,9.85714285714286,"I","truth",0,FALSE,"data_generating_path","none",NA,"Truth"
4,1,10,"I","truth",0,FALSE,"data_generating_path","none",NA,"Truth"
4,1,0,"I","gamma",10,TRUE,"fixed_initial_state","none","fixed_I0","Gamma-noise filtering mean"
4,1,0.142857142857143,"I","gamma",12.2294349567094,FALSE,"particle_filtering_mean","Y_1:n",NA,"Gamma-noise filtering mean"
4,1,0.285714285714286,"I","gamma",13.0728943594487,FALSE,"particle_filtering_mean","Y_1:n",NA,"Gamma-noise filtering mean"
4,1,0.428571428571429,"I","gamma",17.2573196383656,FALSE,"particle_filtering_mean","Y_1:n",NA,"Gamma-noise filtering mean"
4,1,0.571428571428571,"I","gamma",19.2905204511082,FALSE,"particle_filtering_mean","Y_1:n",NA,"Gamma-noise filtering mean"
4,1,0.714285714285714,"I","gamma",29.8461443333861,FALSE,"particle_filtering_mean","Y_1:n",NA,"Gamma-noise filtering mean"
4,1,0.857142857142857,"I","gamma",30.2207328623921,FALSE,"particle_filtering_mean","Y_1:n",NA,"Gamma-noise filtering mean"
4,1,1,"I","gamma",37.4288125650013,FALSE,"particle_filtering_mean","Y_1:n",NA,"Gamma-noise filtering mean"
4,1,1.14285714285714,"I","gamma",45.7361073374893,FALSE,"particle_filtering_mean","Y_1:n",NA,"Gamma-noise filtering mean"
4,1,1.28571428571429,"I","gamma",53.6218573416773,FALSE,"particle_filtering_mean","Y_1:n",NA,"Gamma-noise filtering mean"
4,1,1.42857142857143,"I","gamma",76.6724307899415,FALSE,"particle_filtering_mean","Y_1:n",NA,"Gamma-noise filtering mean"
4,1,1.57142857142857,"I","gamma",82.1677356033536,FALSE,"particle_filtering_mean","Y_1:n",NA,"Gamma-noise filtering mean"
4,1,1.71428571428571,"I","gamma",113.66261018376,FALSE,"particle_filtering_mean","Y_1:n",NA,"Gamma-noise filtering mean"
4,1,1.85714285714286,"I","gamma",167.156740055469,FALSE,"particle_filtering_mean","Y_1:n",NA,"Gamma-noise filtering mean"
4,1,2,"I","gamma",199.96805091159,FALSE,"particle_filtering_mean","Y_1:n",NA,"Gamma-noise filtering mean"
4,1,2.14285714285714,"I","gamma",239.749857247731,FALSE,"particle_filtering_mean","Y_1:n",NA,"Gamma-noise filtering mean"
4,1,2.28571428571429,"I","gamma",253.16327218048,FALSE,"particle_filtering_mean","Y_1:n",NA,"Gamma-noise filtering mean"
4,1,2.42857142857143,"I","gamma",260.630853373306,FALSE,"particle_filtering_mean","Y_1:n",NA,"Gamma-noise filtering mean"
4,1,2.57142857142857,"I","gamma",238.5644832417,FALSE,"particle_filtering_mean","Y_1:n",NA,"Gamma-noise filtering mean"
4,1,2.71428571428571,"I","gamma",265.066452710957,FALSE,"particle_filtering_mean","Y_1:n",NA,"Gamma-noise filtering mean"
4,1,2.85714285714286,"I","gamma",300.968385946169,FALSE,"particle_filtering_mean","Y_1:n",NA,"Gamma-noise filtering mean"
4,1,3,"I","gamma",330.484861829421,FALSE,"particle_filtering_mean","Y_1:n",NA,"Gamma-noise filtering mean"
4,1,3.14285714285714,"I","gamma",387.61215161755,FALSE,"particle_filtering_mean","Y_1:n",NA,"Gamma-noise filtering mean"
4,1,3.28571428571429,"I","gamma",417.830100477345,FALSE,"particle_filtering_mean","Y_1:n",NA,"Gamma-noise filtering mean"
4,1,3.42857142857143,"I","gamma",476.487935298033,FALSE,"particle_filtering_mean","Y_1:n",NA,"Gamma-noise filtering mean"
4,1,3.57142857142857,"I","gamma",535.495243448682,FALSE,"particle_filtering_mean","Y_1:n",NA,"Gamma-noise filtering mean"
4,1,3.71428571428571,"I","gamma",566.457906087682,FALSE,"particle_filtering_mean","Y_1:n",NA,"Gamma-noise filtering mean"
4,1,3.85714285714286,"I","gamma",540.394551896858,FALSE,"particle_filtering_mean","Y_1:n",NA,"Gamma-noise filtering mean"
4,1,4,"I","gamma",503.643186554008,FALSE,"particle_filtering_mean","Y_1:n",NA,"Gamma-noise filtering mean"
4,1,4.14285714285714,"I","gamma",535.495777530171,FALSE,"particle_filtering_mean","Y_1:n",NA,"Gamma-noise filtering mean"
4,1,4.28571428571429,"I","gamma",516.659580422247,FALSE,"particle_filtering_mean","Y_1:n",NA,"Gamma-noise filtering mean"
4,1,4.42857142857143,"I","gamma",479.591432574469,FALSE,"particle_filtering_mean","Y_1:n",NA,"Gamma-noise filtering mean"
4,1,4.57142857142857,"I","gamma",457.091892767237,FALSE,"particle_filtering_mean","Y_1:n",NA,"Gamma-noise filtering mean"
4,1,4.71428571428571,"I","gamma",479.971034106198,FALSE,"particle_filtering_mean","Y_1:n",NA,"Gamma-noise filtering mean"
4,1,4.85714285714286,"I","gamma",409.348515453042,FALSE,"particle_filtering_mean","Y_1:n",NA,"Gamma-noise filtering mean"
4,1,5,"I","gamma",364.506074447243,FALSE,"particle_filtering_mean","Y_1:n",NA,"Gamma-noise filtering mean"
4,1,5.14285714285714,"I","gamma",317.641447517896,FALSE,"particle_filtering_mean","Y_1:n",NA,"Gamma-noise filtering mean"
4,1,5.28571428571429,"I","gamma",265.680174600904,FALSE,"particle_filtering_mean","Y_1:n",NA,"Gamma-noise filtering mean"
4,1,5.42857142857143,"I","gamma",204.206079047017,FALSE,"particle_filtering_mean","Y_1:n",NA,"Gamma-noise filtering mean"
4,1,5.57142857142857,"I","gamma",162.868141162698,FALSE,"particle_filtering_mean","Y_1:n",NA,"Gamma-noise filtering mean"
4,1,5.71428571428571,"I","gamma",122.169757927021,FALSE,"particle_filtering_mean","Y_1:n",NA,"Gamma-noise filtering mean"
4,1,5.85714285714286,"I","gamma",91.3581023402663,FALSE,"particle_filtering_mean","Y_1:n",NA,"Gamma-noise filtering mean"
4,1,6,"I","gamma",73.7216324918549,FALSE,"particle_filtering_mean","Y_1:n",NA,"Gamma-noise filtering mean"
4,1,6.14285714285714,"I","gamma",61.651556567374,FALSE,"particle_filtering_mean","Y_1:n",NA,"Gamma-noise filtering mean"
4,1,6.28571428571429,"I","gamma",46.3540154756215,FALSE,"particle_filtering_mean","Y_1:n",NA,"Gamma-noise filtering mean"
4,1,6.42857142857143,"I","gamma",35.9844286265691,FALSE,"particle_filtering_mean","Y_1:n",NA,"Gamma-noise filtering mean"
4,1,6.57142857142857,"I","gamma",25.9258725400737,FALSE,"particle_filtering_mean","Y_1:n",NA,"Gamma-noise filtering mean"
4,1,6.71428571428571,"I","gamma",24.2676732791874,FALSE,"particle_filtering_mean","Y_1:n",NA,"Gamma-noise filtering mean"
4,1,6.85714285714286,"I","gamma",18.2545415655088,FALSE,"particle_filtering_mean","Y_1:n",NA,"Gamma-noise filtering mean"
4,1,7,"I","gamma",14.2301971644238,FALSE,"particle_filtering_mean","Y_1:n",NA,"Gamma-noise filtering mean"
4,1,7.14285714285714,"I","gamma",11.4824101009846,FALSE,"particle_filtering_mean","Y_1:n",NA,"Gamma-noise filtering mean"
4,1,7.28571428571429,"I","gamma",7.70209950955123,FALSE,"particle_filtering_mean","Y_1:n",NA,"Gamma-noise filtering mean"
4,1,7.42857142857143,"I","gamma",5.12828085202828,FALSE,"particle_filtering_mean","Y_1:n",NA,"Gamma-noise filtering mean"
4,1,7.57142857142857,"I","gamma",3.40197063114024,FALSE,"particle_filtering_mean","Y_1:n",NA,"Gamma-noise filtering mean"
4,1,7.71428571428571,"I","gamma",2.25179256730299,FALSE,"particle_filtering_mean","Y_1:n",NA,"Gamma-noise filtering mean"
4,1,7.85714285714286,"I","gamma",1.49090158750738,FALSE,"particle_filtering_mean","Y_1:n",NA,"Gamma-noise filtering mean"
4,1,8,"I","gamma",0.981781397125045,FALSE,"particle_filtering_mean","Y_1:n",NA,"Gamma-noise filtering mean"
4,1,8.14285714285714,"I","gamma",0.642725549841986,FALSE,"particle_filtering_mean","Y_1:n",NA,"Gamma-noise filtering mean"
4,1,8.28571428571428,"I","gamma",0.424046069254482,FALSE,"particle_filtering_mean","Y_1:n",NA,"Gamma-noise filtering mean"
4,1,8.42857142857143,"I","gamma",0.278184787750326,FALSE,"particle_filtering_mean","Y_1:n",NA,"Gamma-noise filtering mean"
4,1,8.57142857142857,"I","gamma",0.183230578700409,FALSE,"particle_filtering_mean","Y_1:n",NA,"Gamma-noise filtering mean"
4,1,8.71428571428571,"I","gamma",0.122184434836157,FALSE,"particle_filtering_mean","Y_1:n",NA,"Gamma-noise filtering mean"
4,1,8.85714285714286,"I","gamma",0.0808720510323028,FALSE,"particle_filtering_mean","Y_1:n",NA,"Gamma-noise filtering mean"
4,1,9,"I","gamma",0.0540523656780455,FALSE,"particle_filtering_mean","Y_1:n",NA,"Gamma-noise filtering mean"
4,1,9.14285714285714,"I","gamma",0.0358548270854881,FALSE,"particle_filtering_mean","Y_1:n",NA,"Gamma-noise filtering mean"
4,1,9.28571428571428,"I","gamma",0.0237279830192099,FALSE,"particle_filtering_mean","Y_1:n",NA,"Gamma-noise filtering mean"
4,1,9.42857142857143,"I","gamma",0.0156170017253121,FALSE,"particle_filtering_mean","Y_1:n",NA,"Gamma-noise filtering mean"
4,1,9.57142857142857,"I","gamma",0.00982689116055983,FALSE,"particle_filtering_mean","Y_1:n",NA,"Gamma-noise filtering mean"
4,1,9.71428571428571,"I","gamma",0.0063695559613606,FALSE,"particle_filtering_mean","Y_1:n",NA,"Gamma-noise filtering mean"
4,1,9.85714285714286,"I","gamma",0.00415266808846746,FALSE,"particle_filtering_mean","Y_1:n",NA,"Gamma-noise filtering mean"
4,1,10,"I","gamma",0.00266418255825214,FALSE,"particle_filtering_mean","Y_1:n",NA,"Gamma-noise filtering mean"
4,1,0,"I","constant",10,TRUE,"fixed_initial_state","none","fixed_I0","Constant-B model"
4,1,0.142857142857143,"I","constant",11.9466483910037,FALSE,"particle_filtering_mean","Y_1:n",NA,"Constant-B model"
4,1,0.285714285714286,"I","constant",12.6437670095211,FALSE,"particle_filtering_mean","Y_1:n",NA,"Constant-B model"
4,1,0.428571428571429,"I","constant",16.6189275052619,FALSE,"particle_filtering_mean","Y_1:n",NA,"Constant-B model"
4,1,0.571428571428571,"I","constant",18.7422540322762,FALSE,"particle_filtering_mean","Y_1:n",NA,"Constant-B model"
4,1,0.714285714285714,"I","constant",28.3468023878868,FALSE,"particle_filtering_mean","Y_1:n",NA,"Constant-B model"
4,1,0.857142857142857,"I","constant",29.3800330779302,FALSE,"particle_filtering_mean","Y_1:n",NA,"Constant-B model"
4,1,1,"I","constant",36.3657338660704,FALSE,"particle_filtering_mean","Y_1:n",NA,"Constant-B model"
4,1,1.14285714285714,"I","constant",44.394150639666,FALSE,"particle_filtering_mean","Y_1:n",NA,"Constant-B model"
4,1,1.28571428571429,"I","constant",52.2177913932982,FALSE,"particle_filtering_mean","Y_1:n",NA,"Constant-B model"
4,1,1.42857142857143,"I","constant",71.647347520845,FALSE,"particle_filtering_mean","Y_1:n",NA,"Constant-B model"
4,1,1.57142857142857,"I","constant",78.707546827682,FALSE,"particle_filtering_mean","Y_1:n",NA,"Constant-B model"
4,1,1.71428571428571,"I","constant",104.117777316862,FALSE,"particle_filtering_mean","Y_1:n",NA,"Constant-B model"
4,1,1.85714285714286,"I","constant",141.982617453177,FALSE,"particle_filtering_mean","Y_1:n",NA,"Constant-B model"
4,1,2,"I","constant",168.754256072184,FALSE,"particle_filtering_mean","Y_1:n",NA,"Constant-B model"
4,1,2.14285714285714,"I","constant",201.365037505154,FALSE,"particle_filtering_mean","Y_1:n",NA,"Constant-B model"
4,1,2.28571428571429,"I","constant",223.198017092309,FALSE,"particle_filtering_mean","Y_1:n",NA,"Constant-B model"
4,1,2.42857142857143,"I","constant",243.769355526368,FALSE,"particle_filtering_mean","Y_1:n",NA,"Constant-B model"
4,1,2.57142857142857,"I","constant",249.393284521968,FALSE,"particle_filtering_mean","Y_1:n",NA,"Constant-B model"
4,1,2.71428571428571,"I","constant",277.300133704291,FALSE,"particle_filtering_mean","Y_1:n",NA,"Constant-B model"
4,1,2.85714285714286,"I","constant",310.224226371618,FALSE,"particle_filtering_mean","Y_1:n",NA,"Constant-B model"
4,1,3,"I","constant",339.74056177664,FALSE,"particle_filtering_mean","Y_1:n",NA,"Constant-B model"
4,1,3.14285714285714,"I","constant",380.954724907464,FALSE,"particle_filtering_mean","Y_1:n",NA,"Constant-B model"
4,1,3.28571428571429,"I","constant",409.53295316345,FALSE,"particle_filtering_mean","Y_1:n",NA,"Constant-B model"
4,1,3.42857142857143,"I","constant",447.351286602014,FALSE,"particle_filtering_mean","Y_1:n",NA,"Constant-B model"
4,1,3.57142857142857,"I","constant",482.182634372257,FALSE,"particle_filtering_mean","Y_1:n",NA,"Constant-B model"
4,1,3.71428571428571,"I","constant",504.348125176647,FALSE,"particle_filtering_mean","Y_1:n",NA,"Constant-B model"
4,1,3.85714285714286,"I","constant",506.431550374155,FALSE,"particle_filtering_mean","Y_1:n",NA,"Constant-B model"
4,1,4,"I","constant",500.855966817,FALSE,"particle_filtering_mean","Y_1:n",NA,"Constant-B model"
4,1,4.14285714285714,"I","constant",509.954127099113,FALSE,"particle_filtering_mean","Y_1:n",NA,"Constant-B model"
4,1,4.28571428571429,"I","constant",500.422003278121,FALSE,"particle_filtering_mean","Y_1:n",NA,"Constant-B model"
4,1,4.42857142857143,"I","constant",481.226234127016,FALSE,"particle_filtering_mean","Y_1:n",NA,"Constant-B model"
4,1,4.57142857142857,"I","constant",462.23919047515,FALSE,"particle_filtering_mean","Y_1:n",NA,"Constant-B model"
4,1,4.71428571428571,"I","constant",455.714110240892,FALSE,"particle_filtering_mean","Y_1:n",NA,"Constant-B model"
4,1,4.85714285714286,"I","constant",416.204503211221,FALSE,"particle_filtering_mean","Y_1:n",NA,"Constant-B model"
4,1,5,"I","constant",382.648165827425,FALSE,"particle_filtering_mean","Y_1:n",NA,"Constant-B model"
4,1,5.14285714285714,"I","constant",346.176104048655,FALSE,"particle_filtering_mean","Y_1:n",NA,"Constant-B model"
4,1,5.28571428571429,"I","constant",305.162994698298,FALSE,"particle_filtering_mean","Y_1:n",NA,"Constant-B model"
4,1,5.42857142857143,"I","constant",256.562539073051,FALSE,"particle_filtering_mean","Y_1:n",NA,"Constant-B model"
4,1,5.57142857142857,"I","constant",214.859680836164,FALSE,"particle_filtering_mean","Y_1:n",NA,"Constant-B model"
4,1,5.71428571428571,"I","constant",170.831458014792,FALSE,"particle_filtering_mean","Y_1:n",NA,"Constant-B model"
4,1,5.85714285714286,"I","constant",131.284885533587,FALSE,"particle_filtering_mean","Y_1:n",NA,"Constant-B model"
4,1,6,"I","constant",104.031342568809,FALSE,"particle_filtering_mean","Y_1:n",NA,"Constant-B model"
4,1,6.14285714285714,"I","constant",84.6724257268587,FALSE,"particle_filtering_mean","Y_1:n",NA,"Constant-B model"
4,1,6.28571428571429,"I","constant",63.3912102980313,FALSE,"particle_filtering_mean","Y_1:n",NA,"Constant-B model"
4,1,6.42857142857143,"I","constant",48.5907239148746,FALSE,"particle_filtering_mean","Y_1:n",NA,"Constant-B model"
4,1,6.57142857142857,"I","constant",34.6845908318148,FALSE,"particle_filtering_mean","Y_1:n",NA,"Constant-B model"
4,1,6.71428571428571,"I","constant",31.5685679433482,FALSE,"particle_filtering_mean","Y_1:n",NA,"Constant-B model"
4,1,6.85714285714286,"I","constant",23.42727376678,FALSE,"particle_filtering_mean","Y_1:n",NA,"Constant-B model"
4,1,7,"I","constant",17.8809714771628,FALSE,"particle_filtering_mean","Y_1:n",NA,"Constant-B model"
4,1,7.14285714285714,"I","constant",14.1647781255438,FALSE,"particle_filtering_mean","Y_1:n",NA,"Constant-B model"
4,1,7.28571428571429,"I","constant",9.44744565112298,FALSE,"particle_filtering_mean","Y_1:n",NA,"Constant-B model"
4,1,7.42857142857143,"I","constant",6.21179677771942,FALSE,"particle_filtering_mean","Y_1:n",NA,"Constant-B model"
4,1,7.57142857142857,"I","constant",4.02133950011489,FALSE,"particle_filtering_mean","Y_1:n",NA,"Constant-B model"
4,1,7.71428571428571,"I","constant",2.58586327024325,FALSE,"particle_filtering_mean","Y_1:n",NA,"Constant-B model"
4,1,7.85714285714286,"I","constant",1.66229427403749,FALSE,"particle_filtering_mean","Y_1:n",NA,"Constant-B model"
4,1,8,"I","constant",1.06030123755481,FALSE,"particle_filtering_mean","Y_1:n",NA,"Constant-B model"
4,1,8.14285714285714,"I","constant",0.675942364190821,FALSE,"particle_filtering_mean","Y_1:n",NA,"Constant-B model"
4,1,8.28571428571428,"I","constant",0.430397168941373,FALSE,"particle_filtering_mean","Y_1:n",NA,"Constant-B model"
4,1,8.42857142857143,"I","constant",0.273108139027826,FALSE,"particle_filtering_mean","Y_1:n",NA,"Constant-B model"
4,1,8.57142857142857,"I","constant",0.173932960515231,FALSE,"particle_filtering_mean","Y_1:n",NA,"Constant-B model"
4,1,8.71428571428571,"I","constant",0.110028604125419,FALSE,"particle_filtering_mean","Y_1:n",NA,"Constant-B model"
4,1,8.85714285714286,"I","constant",0.0716722161230387,FALSE,"particle_filtering_mean","Y_1:n",NA,"Constant-B model"
4,1,9,"I","constant",0.0454062915826355,FALSE,"particle_filtering_mean","Y_1:n",NA,"Constant-B model"
4,1,9.14285714285714,"I","constant",0.0289407423714102,FALSE,"particle_filtering_mean","Y_1:n",NA,"Constant-B model"
4,1,9.28571428571428,"I","constant",0.0187407225054845,FALSE,"particle_filtering_mean","Y_1:n",NA,"Constant-B model"
4,1,9.42857142857143,"I","constant",0.0117504343152316,FALSE,"particle_filtering_mean","Y_1:n",NA,"Constant-B model"
4,1,9.57142857142857,"I","constant",0.00769079645863718,FALSE,"particle_filtering_mean","Y_1:n",NA,"Constant-B model"
4,1,9.71428571428571,"I","constant",0.00454216900356023,FALSE,"particle_filtering_mean","Y_1:n",NA,"Constant-B model"
4,1,9.85714285714286,"I","constant",0.00285557649417615,FALSE,"particle_filtering_mean","Y_1:n",NA,"Constant-B model"
4,1,10,"I","constant",0.00163843957422889,FALSE,"particle_filtering_mean","Y_1:n",NA,"Constant-B model"
