"task_id","simulation_seed","mif_seed_base","evaluation_seed_base","final_pf_seed"
1,1001,21260728,21260800,21260900
2,1002,22260728,22260800,22260900
3,1003,23260728,23260800,23260900
4,1004,24260728,24260800,24260900
5,1005,25260728,25260800,25260900
6,1006,26260728,26260800,26260900
7,1007,27260728,27260800,27260900
8,1008,28260728,28260800,28260900
9,1009,29260728,29260800,29260900
10,1010,30260728,30260800,30260900
11,1011,31260728,31260800,31260900
12,1012,32260728,32260800,32260900
13,1013,33260728,33260800,33260900
14,1014,34260728,34260800,34260900
15,1015,35260728,35260800,35260900
16,1016,36260728,36260800,36260900
17,1017,37260728,37260800,37260900
18,1018,38260728,38260800,38260900
19,1019,39260728,39260800,39260900
20,1020,40260728,40260800,40260900
21,1021,41260728,41260800,41260900
22,1022,42260728,42260800,42260900
23,1023,43260728,43260800,43260900
24,1024,44260728,44260800,44260900
25,1025,45260728,45260800,45260900
26,1026,46260728,46260800,46260900
27,1027,47260728,47260800,47260900
28,1028,48260728,48260800,48260900
29,1029,49260728,49260800,49260900
30,1030,50260728,50260800,50260900
31,1031,51260728,51260800,51260900
32,1032,52260728,52260800,52260900
33,1033,53260728,53260800,53260900
34,1034,54260728,54260800,54260900
35,1035,55260728,55260800,55260900
36,1036,56260728,56260800,56260900
37,1037,57260728,57260800,57260900
38,1038,58260728,58260800,58260900
39,1039,59260728,59260800,59260900
40,1040,60260728,60260800,60260900
41,1041,61260728,61260800,61260900
42,1042,62260728,62260800,62260900
43,1043,63260728,63260800,63260900
44,1044,64260728,64260800,64260900
45,1045,65260728,65260800,65260900
46,1046,66260728,66260800,66260900
47,1047,67260728,67260800,67260900
48,1048,68260728,68260800,68260900
49,1049,69260728,69260800,69260900
50,1050,70260728,70260800,70260900
51,1051,71260728,71260800,71260900
52,1052,72260728,72260800,72260900
53,1053,73260728,73260800,73260900
54,1054,74260728,74260800,74260900
55,1055,75260728,75260800,75260900
56,1056,76260728,76260800,76260900
57,1057,77260728,77260800,77260900
58,1058,78260728,78260800,78260900
59,1059,79260728,79260800,79260900
60,1060,80260728,80260800,80260900
61,1061,81260728,81260800,81260900
62,1062,82260728,82260800,82260900
63,1063,83260728,83260800,83260900
64,1064,84260728,84260800,84260900
65,1065,85260728,85260800,85260900
66,1066,86260728,86260800,86260900
67,1067,87260728,87260800,87260900
68,1068,88260728,88260800,88260900
69,1069,89260728,89260800,89260900
70,1070,90260728,90260800,90260900
71,1071,91260728,91260800,91260900
72,1072,92260728,92260800,92260900
73,1073,93260728,93260800,93260900
74,1074,94260728,94260800,94260900
75,1075,95260728,95260800,95260900
76,1076,96260728,96260800,96260900
77,1077,97260728,97260800,97260900
78,1078,98260728,98260800,98260900
79,1079,99260728,99260800,99260900
80,1080,100260728,100260800,100260900
81,1081,101260728,101260800,101260900
82,1082,102260728,102260800,102260900
83,1083,103260728,103260800,103260900
84,1084,104260728,104260800,104260900
85,1085,105260728,105260800,105260900
86,1086,106260728,106260800,106260900
87,1087,107260728,107260800,107260900
88,1088,108260728,108260800,108260900
89,1089,109260728,109260800,109260900
90,1090,110260728,110260800,110260900
91,1091,111260728,111260800,111260900
92,1092,112260728,112260800,112260900
93,1093,113260728,113260800,113260900
94,1094,114260728,114260800,114260900
95,1095,115260728,115260800,115260900
96,1096,116260728,116260800,116260900
97,1097,117260728,117260800,117260900
98,1098,118260728,118260800,118260900
99,1099,119260728,119260800,119260900
100,1100,120260728,120260800,120260900
101,1101,121260728,121260800,121260900
102,1102,122260728,122260800,122260900
103,1103,123260728,123260800,123260900
104,1104,124260728,124260800,124260900
105,1105,125260728,125260800,125260900
106,1106,126260728,126260800,126260900
107,1107,127260728,127260800,127260900
108,1108,128260728,128260800,128260900
109,1109,129260728,129260800,129260900
110,1110,130260728,130260800,130260900
111,1111,131260728,131260800,131260900
112,1112,132260728,132260800,132260900
113,1113,133260728,133260800,133260900
114,1114,134260728,134260800,134260900
115,1115,135260728,135260800,135260900
116,1116,136260728,136260800,136260900
117,1117,137260728,137260800,137260900
118,1118,138260728,138260800,138260900
119,1119,139260728,139260800,139260900
120,1120,140260728,140260800,140260900
121,1121,141260728,141260800,141260900
122,1122,142260728,142260800,142260900
123,1123,143260728,143260800,143260900
124,1124,144260728,144260800,144260900
125,1125,145260728,145260800,145260900
126,1126,146260728,146260800,146260900
127,1127,147260728,147260800,147260900
128,1128,148260728,148260800,148260900
129,1129,149260728,149260800,149260900
130,1130,150260728,150260800,150260900
131,1131,151260728,151260800,151260900
132,1132,152260728,152260800,152260900
133,1133,153260728,153260800,153260900
134,1134,154260728,154260800,154260900
135,1135,155260728,155260800,155260900
136,1136,156260728,156260800,156260900
137,1137,157260728,157260800,157260900
138,1138,158260728,158260800,158260900
139,1139,159260728,159260800,159260900
140,1140,160260728,160260800,160260900
141,1141,161260728,161260800,161260900
142,1142,162260728,162260800,162260900
143,1143,163260728,163260800,163260900
144,1144,164260728,164260800,164260900
145,1145,165260728,165260800,165260900
146,1146,166260728,166260800,166260900
147,1147,167260728,167260800,167260900
148,1148,168260728,168260800,168260900
149,1149,169260728,169260800,169260900
150,1150,170260728,170260800,170260900
151,1151,171260728,171260800,171260900
152,1152,172260728,172260800,172260900
153,1153,173260728,173260800,173260900
154,1154,174260728,174260800,174260900
155,1155,175260728,175260800,175260900
156,1156,176260728,176260800,176260900
157,1157,177260728,177260800,177260900
158,1158,178260728,178260800,178260900
159,1159,179260728,179260800,179260900
160,1160,180260728,180260800,180260900
161,1161,181260728,181260800,181260900
162,1162,182260728,182260800,182260900
163,1163,183260728,183260800,183260900
164,1164,184260728,184260800,184260900
165,1165,185260728,185260800,185260900
166,1166,186260728,186260800,186260900
167,1167,187260728,187260800,187260900
168,1168,188260728,188260800,188260900
169,1169,189260728,189260800,189260900
170,1170,190260728,190260800,190260900
171,1171,191260728,191260800,191260900
172,1172,192260728,192260800,192260900
173,1173,193260728,193260800,193260900
174,1174,194260728,194260800,194260900
175,1175,195260728,195260800,195260900
176,1176,196260728,196260800,196260900
177,1177,197260728,197260800,197260900
178,1178,198260728,198260800,198260900
179,1179,199260728,199260800,199260900
180,1180,200260728,200260800,200260900
181,1181,201260728,201260800,201260900
182,1182,202260728,202260800,202260900
183,1183,203260728,203260800,203260900
184,1184,204260728,204260800,204260900
185,1185,205260728,205260800,205260900
186,1186,206260728,206260800,206260900
187,1187,207260728,207260800,207260900
188,1188,208260728,208260800,208260900
189,1189,209260728,209260800,209260900
190,1190,210260728,210260800,210260900
191,1191,211260728,211260800,211260900
192,1192,212260728,212260800,212260900
193,1193,213260728,213260800,213260900
194,1194,214260728,214260800,214260900
195,1195,215260728,215260800,215260900
196,1196,216260728,216260800,216260900
197,1197,217260728,217260800,217260900
198,1198,218260728,218260800,218260900
199,1199,219260728,219260800,219260900
200,1200,220260728,220260800,220260900
