"task_id","cutoff_week","n_observation_times","gamma_RMSE","bspline_RMSE","delta_RMSE_gamma_minus_bspline","winner_lower_RMSE"
1,8,56,0.497622890688871,0.582347520068294,-0.0847246293794228,"gamma_noise"
2,8,56,0.562691652493849,0.573823017413146,-0.0111313649192966,"gamma_noise"
3,8,56,0.803613268427056,0.918677482061285,-0.115064213634228,"gamma_noise"
4,8,56,0.530128316620461,0.411807892990576,0.118320423629885,"bspline_B"
5,8,56,0.530355542340332,0.596845460049615,-0.0664899177092838,"gamma_noise"
6,8,56,0.551017585631493,0.576802824510304,-0.0257852388788111,"gamma_noise"
7,8,56,0.599953627755539,0.47561838176095,0.124335245994589,"bspline_B"
8,8,56,0.467179330328298,0.467237283101475,-5.79527731771057e-05,"gamma_noise"
9,8,56,0.490732482002548,0.420350833706987,0.070381648295561,"bspline_B"
10,8,56,0.638467927226729,0.574892059165628,0.0635758680611009,"bspline_B"
11,8,56,0.524611176871164,0.484264061963027,0.0403471149081368,"bspline_B"
12,8,56,0.744581789206827,0.781728133180449,-0.0371463439736215,"gamma_noise"
13,8,56,0.619895453939094,0.56296865868645,0.0569267952526439,"bspline_B"
14,8,56,0.421075596083124,0.442965399459471,-0.0218898033763474,"gamma_noise"
15,8,56,0.495814188689538,0.398256037829526,0.0975581508600125,"bspline_B"
16,8,56,0.519584542540425,0.508864148672863,0.0107203938675614,"bspline_B"
17,8,56,0.62101945652709,0.635228860362615,-0.014209403835525,"gamma_noise"
18,8,56,0.565581249993429,0.529911372070534,0.0356698779228947,"bspline_B"
19,8,56,0.54417886935964,0.876279611280637,-0.332100741920997,"gamma_noise"
20,8,56,0.472210538295247,0.374165994109934,0.0980445441853126,"bspline_B"
21,8,56,0.4728828136525,0.60206390190358,-0.12918108825108,"gamma_noise"
22,8,56,0.380442432814226,0.493101384760349,-0.112658951946123,"gamma_noise"
23,8,56,0.585657017063528,0.675137126830263,-0.0894801097667348,"gamma_noise"
24,8,56,0.440013512636515,0.492285819644139,-0.0522723070076235,"gamma_noise"
25,8,56,0.439262477497115,0.758132006273408,-0.318869528776293,"gamma_noise"
26,8,56,0.40079097728286,0.542708851110747,-0.141917873827887,"gamma_noise"
27,8,56,0.41527867490378,0.398450257826335,0.0168284170774447,"bspline_B"
28,8,56,0.605159168624292,0.562349082938747,0.0428100856855446,"bspline_B"
29,8,56,0.754871410411183,0.673509417748392,0.0813619926627916,"bspline_B"
30,8,56,0.606912412142999,0.534314791521698,0.0725976206213007,"bspline_B"
31,8,56,0.804454142417266,0.985006805726563,-0.180552663309297,"gamma_noise"
32,8,56,0.509178567814236,0.426628305797757,0.082550262016479,"bspline_B"
33,8,56,0.546532460141039,0.456937321239783,0.0895951389012564,"bspline_B"
34,8,56,0.374644364160917,0.465101308335281,-0.0904569441743639,"gamma_noise"
35,8,56,0.579857477145028,0.677101870063536,-0.0972443929185074,"gamma_noise"
36,8,56,0.505679351063943,0.433011176860911,0.0726681742030314,"bspline_B"
37,8,56,0.765221095481954,0.803344220712017,-0.0381231252300624,"gamma_noise"
38,8,56,0.844505537949235,0.708368267554813,0.136137270394422,"bspline_B"
39,8,56,0.563468567029886,0.472826615863708,0.0906419511661786,"bspline_B"
40,8,56,0.410349848259167,0.471868519371972,-0.0615186711128056,"gamma_noise"
41,8,56,0.770376005815462,0.598128229328728,0.172247776486734,"bspline_B"
42,8,56,0.490083928361046,0.513556533521123,-0.0234726051600766,"gamma_noise"
43,8,56,0.565339210979515,0.461809542410804,0.10352966856871,"bspline_B"
44,8,56,0.42857335309397,0.34901391099718,0.07955944209679,"bspline_B"
45,8,56,0.491821232524917,0.510126823403297,-0.0183055908783797,"gamma_noise"
46,8,56,0.587394367282383,0.440544081905035,0.146850285377348,"bspline_B"
47,8,56,0.504814016592812,0.46778540326862,0.0370286133241922,"bspline_B"
48,8,56,0.402710530815754,0.696778422188468,-0.294067891372714,"gamma_noise"
49,8,56,0.589950829658191,0.816172732903965,-0.226221903245774,"gamma_noise"
50,8,56,0.591203965941677,0.484200191179711,0.107003774761966,"bspline_B"
51,8,56,0.445265833152057,0.459740016835479,-0.0144741836834215,"gamma_noise"
52,8,56,0.728418239935001,0.675632213006708,0.0527860269282936,"bspline_B"
53,8,56,0.610467079186999,0.578648862378436,0.0318182168085626,"bspline_B"
54,8,56,0.527948229033407,0.601474149671703,-0.0735259206382955,"gamma_noise"
55,8,56,0.632064254981213,0.681956479844315,-0.0498922248631022,"gamma_noise"
56,8,56,0.448854609558726,0.735240606273084,-0.286385996714358,"gamma_noise"
57,8,56,0.817800315535341,0.862239166718247,-0.044438851182906,"gamma_noise"
58,8,56,0.684874173083185,0.668345585470724,0.0165285876124615,"bspline_B"
59,8,56,0.488963796407264,0.469828696516908,0.0191350998903556,"bspline_B"
60,8,56,0.54143632826947,0.43807334908425,0.10336297918522,"bspline_B"
61,8,56,0.499120082311037,0.411609696550267,0.08751038576077,"bspline_B"
62,8,56,0.513197337233383,0.435335845806301,0.0778614914270819,"bspline_B"
63,8,56,0.349391590165746,0.542322876725071,-0.192931286559325,"gamma_noise"
64,8,56,0.499085592796249,0.445796932585752,0.0532886602104969,"bspline_B"
65,8,56,0.408211271943687,0.596885730656745,-0.188674458713058,"gamma_noise"
66,8,56,0.500659730561471,0.503479726526441,-0.0028199959649704,"gamma_noise"
67,8,56,0.434129970393801,0.764974919570216,-0.330844949176415,"gamma_noise"
68,8,56,0.48663688789243,0.719974322497998,-0.233337434605568,"gamma_noise"
69,8,56,0.95246018298707,0.731192643926059,0.221267539061011,"bspline_B"
70,8,56,0.49079466393859,0.538182493127412,-0.047387829188822,"gamma_noise"
71,8,56,0.437229180702031,0.377372706462071,0.0598564742399603,"bspline_B"
72,8,56,0.422427671339794,0.767249449727809,-0.344821778388014,"gamma_noise"
73,8,56,0.404611999206249,0.380573605812784,0.0240383933934647,"bspline_B"
74,8,56,0.512169479155617,0.452326225954748,0.0598432532008682,"bspline_B"
75,8,56,0.548450512468096,0.56745024660366,-0.018999734135564,"gamma_noise"
76,8,56,0.545189191746025,0.433295151125619,0.111894040620406,"bspline_B"
77,8,56,0.382463498579689,0.440388124664073,-0.0579246260843842,"gamma_noise"
78,8,56,0.586019787922845,0.549507617648102,0.0365121702747432,"bspline_B"
79,8,56,0.495178442421202,0.52368247538752,-0.0285040329663184,"gamma_noise"
80,8,56,0.475941812784404,0.600178384727034,-0.124236571942629,"gamma_noise"
81,8,56,0.510877784342208,0.692630916296267,-0.181753131954059,"gamma_noise"
82,8,56,0.51170634223131,0.823442397705225,-0.311736055473915,"gamma_noise"
83,8,56,0.703318114596107,0.89955692295269,-0.196238808356582,"gamma_noise"
84,8,56,0.572839148244917,0.621587762780425,-0.0487486145355076,"gamma_noise"
85,8,56,0.406176865603582,0.410973366028518,-0.00479650042493557,"gamma_noise"
86,8,56,0.769251442542948,0.995737906590991,-0.226486464048042,"gamma_noise"
87,8,56,0.579846446905365,0.577429524770296,0.00241692213506972,"bspline_B"
88,8,56,0.416234103083455,0.382419958770546,0.033814144312909,"bspline_B"
89,8,56,0.462911800745497,0.567705026663485,-0.104793225917988,"gamma_noise"
90,8,56,0.578546012484819,0.693823957075721,-0.115277944590902,"gamma_noise"
91,8,56,0.392552133280239,0.508108832506281,-0.115556699226042,"gamma_noise"
92,8,56,0.697130307062882,0.692463729345302,0.00466657771758017,"bspline_B"
93,8,56,0.399565461162538,0.464319102859287,-0.0647536416967487,"gamma_noise"
94,8,56,0.644730000059226,0.362936531565699,0.281793468493527,"bspline_B"
95,8,56,0.405237230110775,0.427377266297229,-0.0221400361864543,"gamma_noise"
96,8,56,0.464899274167303,0.591367556182712,-0.126468282015409,"gamma_noise"
97,8,56,0.562876045731037,0.646541976991232,-0.0836659312601946,"gamma_noise"
98,8,56,0.594780454806015,0.681424669413736,-0.086644214607721,"gamma_noise"
99,8,56,0.653324313107788,0.527806319765898,0.125517993341891,"bspline_B"
100,8,56,0.744772667073759,0.537501289599744,0.207271377474015,"bspline_B"
101,8,56,0.462469130755576,0.546370442840073,-0.0839013120844973,"gamma_noise"
102,8,56,0.782403627644329,0.758126506130978,0.0242771215133507,"bspline_B"
103,8,56,0.481660785688665,0.674948671209539,-0.193287885520874,"gamma_noise"
104,8,56,0.485762383429441,0.616914824598473,-0.131152441169032,"gamma_noise"
105,8,56,0.659662922786376,0.799145404638695,-0.139482481852319,"gamma_noise"
106,8,56,0.68672797776698,0.539836219418941,0.146891758348038,"bspline_B"
107,8,56,0.455499138182327,0.492194786932386,-0.0366956487500586,"gamma_noise"
108,8,56,0.739301003352176,0.591880331918152,0.147420671434024,"bspline_B"
109,8,56,0.434179748752286,0.534253613659965,-0.100073864907679,"gamma_noise"
110,8,56,0.69875872620532,0.810108156363585,-0.111349430158265,"gamma_noise"
111,8,56,0.606756111287229,0.957274281741626,-0.350518170454397,"gamma_noise"
112,8,56,0.72347231320469,0.871192782748144,-0.147720469543454,"gamma_noise"
113,8,56,0.390641846122496,0.375994528001706,0.01464731812079,"bspline_B"
114,8,56,0.42016421163097,0.541864795854274,-0.121700584223304,"gamma_noise"
115,8,56,0.54528196002971,0.549338865318554,-0.00405690528884339,"gamma_noise"
116,8,56,0.642627575209148,0.5200278018096,0.122599773399547,"bspline_B"
117,8,56,0.500108071655089,0.748645176090949,-0.24853710443586,"gamma_noise"
118,8,56,0.474233373895502,0.500449455328774,-0.0262160814332725,"gamma_noise"
119,8,56,0.458699485830887,0.391489426425924,0.0672100594049636,"bspline_B"
120,8,56,0.584978500703714,0.499449631271342,0.0855288694323713,"bspline_B"
121,8,56,0.504293011551838,0.514246885918539,-0.0099538743667007,"gamma_noise"
122,8,56,0.452955685440023,0.783692650105889,-0.330736964665866,"gamma_noise"
123,8,56,0.75868179020831,0.873844521570076,-0.115162731361766,"gamma_noise"
124,8,56,0.484904274610578,0.753572891874746,-0.268668617264168,"gamma_noise"
125,8,56,0.738611477459743,0.569398416935725,0.169213060524018,"bspline_B"
126,8,56,0.519068193767968,0.460714917162003,0.0583532766059645,"bspline_B"
127,8,56,0.610735949416217,0.713492481062928,-0.102756531646711,"gamma_noise"
128,8,56,0.680396685844656,0.729893684152449,-0.049496998307793,"gamma_noise"
129,8,56,0.548403842106907,0.611158953934421,-0.0627551118275146,"gamma_noise"
130,8,56,0.898058754551709,0.842120542449595,0.0559382121021142,"bspline_B"
131,8,56,0.38613945541875,0.665914050768241,-0.27977459534949,"gamma_noise"
132,8,56,1.00820769582775,0.975887135196659,0.0323205606310901,"bspline_B"
133,8,56,0.709891923697764,0.646208107500531,0.0636838161972332,"bspline_B"
134,8,56,0.464584367892164,0.673515517198707,-0.208931149306543,"gamma_noise"
135,8,56,0.543781390195392,0.388109118730259,0.155672271465133,"bspline_B"
136,8,56,0.579758504910328,0.518834850029124,0.0609236548812038,"bspline_B"
137,8,56,0.468845388219991,0.509789564729692,-0.0409441765097011,"gamma_noise"
138,8,56,0.441504394186311,0.635880284697237,-0.194375890510926,"gamma_noise"
139,8,56,0.376873888433259,0.415368933537549,-0.0384950451042905,"gamma_noise"
140,8,56,0.359507149514408,0.464887358747525,-0.105380209233117,"gamma_noise"
141,8,56,0.532369772949353,0.428862286951693,0.10350748599766,"bspline_B"
142,8,56,0.484699749438595,0.814027330314395,-0.329327580875801,"gamma_noise"
143,8,56,0.458917141073706,0.462848507983289,-0.00393136690958279,"gamma_noise"
144,8,56,0.509361585798848,0.511682184727854,-0.0023205989290056,"gamma_noise"
145,8,56,0.466817085551204,0.741714973992805,-0.274897888441601,"gamma_noise"
146,8,56,0.596486560437577,0.647050741124175,-0.0505641806865977,"gamma_noise"
147,8,56,0.447728288147902,0.443846077202066,0.00388221094583591,"bspline_B"
148,8,56,0.620306811034243,0.445715722377396,0.174591088656847,"bspline_B"
149,8,56,0.800455403496837,1.01522556969864,-0.214770166201805,"gamma_noise"
150,8,56,0.50600747511002,0.549491671014396,-0.0434841959043758,"gamma_noise"
151,8,56,0.622132675491382,0.494253112443597,0.127879563047785,"bspline_B"
152,8,56,0.536729640181736,0.796181190581753,-0.259451550400017,"gamma_noise"
153,8,56,0.466465160335535,0.70564004031145,-0.239174879975915,"gamma_noise"
154,8,56,0.570122652848533,0.443781823518739,0.126340829329794,"bspline_B"
155,8,56,0.535758585889233,0.638288263723363,-0.10252967783413,"gamma_noise"
156,8,56,0.618330133838746,0.650983182098168,-0.0326530482594214,"gamma_noise"
157,8,56,0.472779748944767,0.457347035370876,0.0154327135738909,"bspline_B"
158,8,56,0.599678577057233,0.556078951268792,0.043599625788441,"bspline_B"
159,8,56,0.486366698051069,0.488729201490629,-0.00236250343955924,"gamma_noise"
160,8,56,0.430057670083384,0.384951703044425,0.045105967038959,"bspline_B"
161,8,56,0.37323463616579,0.416423780962779,-0.0431891447969893,"gamma_noise"
162,8,56,0.471881640113814,0.477214033117652,-0.00533239300383803,"gamma_noise"
163,8,56,0.495476174442499,0.56865212150527,-0.0731759470627703,"gamma_noise"
164,8,56,0.479869535881493,0.524572416163313,-0.0447028802818198,"gamma_noise"
165,8,56,0.588486073025926,0.465177236339412,0.123308836686514,"bspline_B"
166,8,56,0.567212784975637,0.620426406323674,-0.0532136213480361,"gamma_noise"
167,8,56,0.450914540949733,0.67168413105221,-0.220769590102478,"gamma_noise"
168,8,56,0.538823737718627,0.552450014373111,-0.0136262766544838,"gamma_noise"
169,8,56,0.697967006399347,0.798993874402062,-0.101026868002715,"gamma_noise"
170,8,56,0.80131463654085,0.792340047366186,0.00897458917466387,"bspline_B"
171,8,56,0.55858546029609,0.699767408302564,-0.141181948006474,"gamma_noise"
172,8,56,0.541145695163904,0.758511742642304,-0.2173660474784,"gamma_noise"
173,8,56,0.438167573091336,0.383601319359261,0.0545662537320758,"bspline_B"
174,8,56,0.57721704023056,0.462691075028785,0.114525965201775,"bspline_B"
175,8,56,0.55752215365193,0.474500909231172,0.0830212444207572,"bspline_B"
176,8,56,0.526597141567652,0.491897020275989,0.0347001212916626,"bspline_B"
177,8,56,0.535960615173077,0.907542061658369,-0.371581446485292,"gamma_noise"
178,8,56,0.480577062299911,0.515811969566932,-0.0352349072670213,"gamma_noise"
179,8,56,0.452768721702048,0.484142826986577,-0.0313741052845298,"gamma_noise"
180,8,56,0.475571481214653,0.399516587631547,0.0760548935831068,"bspline_B"
181,8,56,0.485605763613587,0.370925063834734,0.114680699778853,"bspline_B"
182,8,56,0.451124448684013,0.495626524468326,-0.0445020757843131,"gamma_noise"
183,8,56,0.610269196973477,0.758775645466213,-0.148506448492736,"gamma_noise"
184,8,56,0.498309822524618,0.560243623484744,-0.0619338009601258,"gamma_noise"
185,8,56,0.689950818747385,0.70614890670161,-0.016198087954225,"gamma_noise"
186,8,56,0.439789403770182,0.55071239425217,-0.110922990481989,"gamma_noise"
187,8,56,0.641584600338371,0.458635208057903,0.182949392280468,"bspline_B"
188,8,56,0.639596212247786,0.621621260465984,0.0179749517818019,"bspline_B"
189,8,56,0.743022685653887,0.709265054687867,0.0337576309660201,"bspline_B"
190,8,56,0.712909838551576,0.433008923841891,0.279900914709685,"bspline_B"
191,8,56,0.631767488877942,0.608765268415976,0.0230022204619659,"bspline_B"
192,8,56,0.430009981295755,0.54488617541072,-0.114876194114965,"gamma_noise"
193,8,56,0.512608340214834,0.459683044028965,0.0529252961858686,"bspline_B"
194,8,56,0.584810533471329,0.488336386253607,0.0964741472177219,"bspline_B"
195,8,56,0.46650777548918,0.49747301406727,-0.03096523857809,"gamma_noise"
196,8,56,0.706308946039796,0.63146963351375,0.0748393125260456,"bspline_B"
197,8,56,0.652419526287276,0.500197536847786,0.15222198943949,"bspline_B"
198,8,56,0.464091499235853,0.436049930154102,0.0280415690817511,"bspline_B"
199,8,56,0.355789691248943,0.516526085238786,-0.160736393989843,"gamma_noise"
200,8,56,0.59455763262738,0.381153467553568,0.213404165073811,"bspline_B"
